word,korean_meaning,level,korean_example,english_translation,image_file,tts_word_en,tts_meaning_ko,tts_example_en,tts_example_ko,category,difficulty
a,하나의,A1,그는 하나의 목표를 가지고 있어요.,He has a goal.,,a_word_en.mp3,a_meaning_ko.mp3,a_example_en.mp3,a_example_ko.mp3,입문,1
about,~에 대해,,우리는 한국 음식에 대해 이야기했어요.,We talked about Korean food.,about.png,about_word_en.mp3,about_meaning_ko.mp3,about_example_en.mp3,about_example_ko.mp3,입문,1
above,위에,,시계가 문 위에 있어요.,The clock is above the door.,above.png,above_word_en.mp3,above_meaning_ko.mp3,above_example_en.mp3,above_example_ko.mp3,입문,1
across,가로질러,,아이가 길을 가로질러 걸었어요.,The child walked across the street.,across.png,across_word_en.mp3,across_meaning_ko.mp3,across_example_en.mp3,across_example_ko.mp3,입문,1
action,행동,,그의 빠른 행동이 친구를 도왔어요.,His quick action helped his friend.,action.png,action_word_en.mp3,action_meaning_ko.mp3,action_example_en.mp3,action_example_ko.mp3,입문,1
activity,활동,,오늘 학교에서 재미있는 활동을 했어요.,We did a fun activity at school today.,activity.png,activity_word_en.mp3,activity_meaning_ko.mp3,activity_example_en.mp3,activity_example_ko.mp3,입문,1
actor,배우,,그 배우는 영화에 나와요.,That actor appears in movies.,actor.png,actor_word_en.mp3,actor_meaning_ko.mp3,actor_example_en.mp3,actor_example_ko.mp3,입문,1
actress,여배우,,그 여배우는 아주 유명해요.,That actress is very famous.,actress.png,actress_word_en.mp3,actress_meaning_ko.mp3,actress_example_en.mp3,actress_example_ko.mp3,입문,1
add,더하다,,커피에 설탕을 더했어요.,I added sugar to the coffee.,add.png,add_word_en.mp3,add_meaning_ko.mp3,add_example_en.mp3,add_example_ko.mp3,입문,1
address,주소,,제 주소를 종이에 썼어요.,I wrote my address on the paper.,address.png,address_word_en.mp3,address_meaning_ko.mp3,address_example_en.mp3,address_example_ko.mp3,입문,1
adult,성인,,이 영화는 성인만 볼 수 있어요.,Only adults can watch this movie.,adult.png,adult_word_en.mp3,adult_meaning_ko.mp3,adult_example_en.mp3,adult_example_ko.mp3,입문,1
advice,조언,,선생님의 조언이 큰 도움이 되었어요.,The teacher's advice was a big help.,advice.png,advice_word_en.mp3,advice_meaning_ko.mp3,advice_example_en.mp3,advice_example_ko.mp3,입문,1
afraid,무서워하는,,무서워하는 아이가 엄마 뒤에 숨었어요.,The afraid child hid behind his mother.,afraid.png,afraid_word_en.mp3,afraid_meaning_ko.mp3,afraid_example_en.mp3,afraid_example_ko.mp3,입문,1
after,~후에,,수업 후에 친구를 만났어요.,I met my friend after class.,after.png,after_word_en.mp3,after_meaning_ko.mp3,after_example_en.mp3,after_example_ko.mp3,입문,1
afternoon,오후,,오후에 비가 올 거예요.,It will rain in the afternoon.,afternoon.png,afternoon_word_en.mp3,afternoon_meaning_ko.mp3,afternoon_example_en.mp3,afternoon_example_ko.mp3,입문,1
again,다시,,다시 한번 말해 주세요.,Please say it again.,again.png,again_word_en.mp3,again_meaning_ko.mp3,again_example_en.mp3,again_example_ko.mp3,입문,1
age,나이,,당신의 나이는 몇 살이에요?,What is your age?,age.png,age_word_en.mp3,age_meaning_ko.mp3,age_example_en.mp3,age_example_ko.mp3,입문,1
ago,~전에,,저는 3년 전에 서울에 왔어요.,I came to Seoul three years ago.,ago.png,ago_word_en.mp3,ago_meaning_ko.mp3,ago_example_en.mp3,ago_example_ko.mp3,입문,1
agree,동의하다,,저는 당신의 생각에 동의해요.,I agree with your idea.,agree.png,agree_word_en.mp3,agree_meaning_ko.mp3,agree_example_en.mp3,agree_example_ko.mp3,입문,1
air,공기,,산의 공기가 맑아요.,The air in the mountains is clean.,air.png,air_word_en.mp3,air_meaning_ko.mp3,air_example_en.mp3,air_example_ko.mp3,입문,1
airport,공항,,우리는 아침에 공항에 갔어요.,We went to the airport in the morning.,airport.png,airport_word_en.mp3,airport_meaning_ko.mp3,airport_example_en.mp3,airport_example_ko.mp3,여행,2
all,모든,,모든 학생이 시험을 봤어요.,All students took the test.,,all_word_en.mp3,all_meaning_ko.mp3,all_example_en.mp3,all_example_ko.mp3,입문,1
also,역시,,그도 역시 학생이에요.,He is also a student.,also.png,also_word_en.mp3,also_meaning_ko.mp3,also_example_en.mp3,also_example_ko.mp3,입문,1
always,항상,,저는 항상 아침을 먹어요.,I always eat breakfast.,always.png,always_word_en.mp3,always_meaning_ko.mp3,always_example_en.mp3,always_example_ko.mp3,입문,1
amazing,놀라운,,놀라운 소식을 들었어요.,I heard amazing news.,amazing.png,amazing_word_en.mp3,amazing_meaning_ko.mp3,amazing_example_en.mp3,amazing_example_ko.mp3,입문,1
angry,화난,,화난 친구가 아무 말도 하지 않았어요.,My angry friend did not say anything.,angry.png,angry_word_en.mp3,angry_meaning_ko.mp3,angry_example_en.mp3,angry_example_ko.mp3,위기탈출,3
animal,동물,,고양이는 귀여운 동물이에요.,A cat is a cute animal.,animal.png,animal_word_en.mp3,animal_meaning_ko.mp3,animal_example_en.mp3,animal_example_ko.mp3,입문,1
another,또 다른,,저는 또 다른 질문이 있어요.,I have another question.,another.png,another_word_en.mp3,another_meaning_ko.mp3,another_example_en.mp3,another_example_ko.mp3,입문,1
answer,대답,,그의 대답은 짧았어요.,His answer was short.,answer.png,answer_word_en.mp3,answer_meaning_ko.mp3,answer_example_en.mp3,answer_example_ko.mp3,입문,1
any,어떤,,어떤 질문도 괜찮아요.,Any question is okay.,any.png,any_word_en.mp3,any_meaning_ko.mp3,any_example_en.mp3,any_example_ko.mp3,입문,1
anyone,누구든지,,누구든지 이 방에 들어올 수 있어요.,Anyone can enter this room.,anyone.png,anyone_word_en.mp3,anyone_meaning_ko.mp3,anyone_example_en.mp3,anyone_example_ko.mp3,입문,1
anything,무엇이든지,,배고프면 무엇이든지 먹을 수 있어요.,"If I am hungry, I can eat anything.",anything.png,anything_word_en.mp3,anything_meaning_ko.mp3,anything_example_en.mp3,anything_example_ko.mp3,입문,1
apartment,아파트,,우리 가족은 작은 아파트에 살아요.,My family lives in a small apartment.,apartment.png,apartment_word_en.mp3,apartment_meaning_ko.mp3,apartment_example_en.mp3,apartment_example_ko.mp3,입문,1
apple,사과,,저는 빨간 사과를 먹었어요.,I ate a red apple.,apple.png,apple_word_en.mp3,apple_meaning_ko.mp3,apple_example_en.mp3,apple_example_ko.mp3,입문,1
April,4월,,제 생일은 4월이에요.,My birthday is in April.,April.png,April_word_en.mp3,April_meaning_ko.mp3,April_example_en.mp3,April_example_ko.mp3,입문,1
area,지역,,이 지역에는 공원이 많아요.,There are many parks in this area.,area.png,area_word_en.mp3,area_meaning_ko.mp3,area_example_en.mp3,area_example_ko.mp3,입문,1
arm,팔,,그는 팔을 다쳤어요.,He hurt his arm.,arm.png,arm_word_en.mp3,arm_meaning_ko.mp3,arm_example_en.mp3,arm_example_ko.mp3,입문,1
around,주위에,,집 주위에 나무가 많아요.,There are many trees around the house.,around.png,around_word_en.mp3,around_meaning_ko.mp3,around_example_en.mp3,around_example_ko.mp3,입문,1
arrive,도착하다,,기차가 제시간에 도착했어요.,The train arrived on time.,arrive.png,arrive_word_en.mp3,arrive_meaning_ko.mp3,arrive_example_en.mp3,arrive_example_ko.mp3,여행,2
art,미술,,저는 학교에서 미술을 배워요.,I learn art at school.,art.png,art_word_en.mp3,art_meaning_ko.mp3,art_example_en.mp3,art_example_ko.mp3,입문,1
article,기사,,아침에 신문 기사를 읽었어요.,I read a newspaper article in the morning.,article.png,article_word_en.mp3,article_meaning_ko.mp3,article_example_en.mp3,article_example_ko.mp3,입문,1
artist,예술가,,그 예술가는 아름다운 그림을 그렸어요.,The artist painted a beautiful picture.,artist.png,artist_word_en.mp3,artist_meaning_ko.mp3,artist_example_en.mp3,artist_example_ko.mp3,입문,1
as,~처럼,,그는 바람처럼 빨리 달려요.,He runs fast like the wind.,,as_word_en.mp3,as_meaning_ko.mp3,as_example_en.mp3,as_example_ko.mp3,입문,1
ask,묻다,,길을 몰라서 사람에게 물었어요.,"I did not know the way, so I asked a person.",ask.png,ask_word_en.mp3,ask_meaning_ko.mp3,ask_example_en.mp3,ask_example_ko.mp3,입문,1
at,~에,,저는 7시에 일어나요.,I wake up at seven o'clock.,,at_word_en.mp3,at_meaning_ko.mp3,at_example_en.mp3,at_example_ko.mp3,입문,1
August,8월,,8월에는 날씨가 매우 더워요.,The weather is very hot in August.,August.png,August_word_en.mp3,August_meaning_ko.mp3,August_example_en.mp3,August_example_ko.mp3,입문,1
aunt,이모,,이모가 우리 집에 오셨어요.,My aunt came to our house.,aunt.png,aunt_word_en.mp3,aunt_meaning_ko.mp3,aunt_example_en.mp3,aunt_example_ko.mp3,입문,1
autumn,가을,,가을에는 하늘이 맑아요.,The sky is clear in autumn.,autumn.png,autumn_word_en.mp3,autumn_meaning_ko.mp3,autumn_example_en.mp3,autumn_example_ko.mp3,입문,1
away,떨어져,,학교는 집에서 멀리 떨어져 있어요.,The school is far away from my house.,away.png,away_word_en.mp3,away_meaning_ko.mp3,away_example_en.mp3,away_example_ko.mp3,입문,1
baby,아기,,아기가 조용히 자고 있어요.,The baby is sleeping quietly.,baby.png,baby_word_en.mp3,baby_meaning_ko.mp3,baby_example_en.mp3,baby_example_ko.mp3,입문,1
back,등,,오래 앉아 있어서 등이 아파요.,My back hurts because I sat for a long time.,back.png,back_word_en.mp3,back_meaning_ko.mp3,back_example_en.mp3,back_example_ko.mp3,입문,1
bad,나쁜,,나쁜 습관은 빨리 고쳐야 해요.,You should fix bad habits quickly.,bad.png,bad_word_en.mp3,bad_meaning_ko.mp3,bad_example_en.mp3,bad_example_ko.mp3,입문,1
bag,가방,,가방 안에 책이 있어요.,There is a book in the bag.,bag.png,bag_word_en.mp3,bag_meaning_ko.mp3,bag_example_en.mp3,bag_example_ko.mp3,여행,2
ball,공,,아이들이 공을 차고 있어요.,The children are kicking a ball.,ball.png,ball_word_en.mp3,ball_meaning_ko.mp3,ball_example_en.mp3,ball_example_ko.mp3,입문,1
banana,바나나,,원숭이가 바나나를 먹어요.,The monkey eats a banana.,banana.png,banana_word_en.mp3,banana_meaning_ko.mp3,banana_example_en.mp3,banana_example_ko.mp3,입문,1
band,밴드,,그 밴드는 오늘 공연을 해요.,That band has a performance today.,band.png,band_word_en.mp3,band_meaning_ko.mp3,band_example_en.mp3,band_example_ko.mp3,입문,1
bank,은행,,저는 은행에서 돈을 찾았어요.,I withdrew money at the bank.,bank.png,bank_word_en.mp3,bank_meaning_ko.mp3,bank_example_en.mp3,bank_example_ko.mp3,비즈니스,3
bath,목욕,,아기는 저녁마다 목욕을 해요.,The baby takes a bath every evening.,bath.png,bath_word_en.mp3,bath_meaning_ko.mp3,bath_example_en.mp3,bath_example_ko.mp3,입문,1
bathroom,화장실,,화장실이 어디에 있어요?,Where is the bathroom?,bathroom.png,bathroom_word_en.mp3,bathroom_meaning_ko.mp3,bathroom_example_en.mp3,bathroom_example_ko.mp3,입문,1
be,~이다,,저는 학생이에요.,I am a student.,,be_word_en.mp3,be_meaning_ko.mp3,be_example_en.mp3,be_example_ko.mp3,입문,1
beach,해변,,우리는 주말에 해변에 갔어요.,We went to the beach on the weekend.,beach.png,beach_word_en.mp3,beach_meaning_ko.mp3,beach_example_en.mp3,beach_example_ko.mp3,여행,2
beautiful,아름다운,,이 공원에는 아름다운 꽃이 많아요.,There are many beautiful flowers in this park.,beautiful.png,beautiful_word_en.mp3,beautiful_meaning_ko.mp3,beautiful_example_en.mp3,beautiful_example_ko.mp3,입문,1
because,~때문에,,비 때문에 집에 있었어요.,I stayed home because of the rain.,because.png,because_word_en.mp3,because_meaning_ko.mp3,because_example_en.mp3,because_example_ko.mp3,입문,1
become,되다,,저는 선생님이 되고 싶어요.,I want to become a teacher.,become.png,become_word_en.mp3,become_meaning_ko.mp3,become_example_en.mp3,become_example_ko.mp3,입문,1
bed,침대,,고양이가 침대 위에서 자요.,The cat sleeps on the bed.,bed.png,bed_word_en.mp3,bed_meaning_ko.mp3,bed_example_en.mp3,bed_example_ko.mp3,입문,1
bedroom,침실,,제 침실은 작지만 깨끗해요.,My bedroom is small but clean.,bedroom.png,bedroom_word_en.mp3,bedroom_meaning_ko.mp3,bedroom_example_en.mp3,bedroom_example_ko.mp3,입문,1
beer,맥주,,아버지는 저녁에 맥주를 한 잔 마셨어요.,My father drank a glass of beer in the evening.,beer.png,beer_word_en.mp3,beer_meaning_ko.mp3,beer_example_en.mp3,beer_example_ko.mp3,입문,1
before,~전에,,저는 자기 전에 책을 읽어요.,I read a book before sleeping.,before.png,before_word_en.mp3,before_meaning_ko.mp3,before_example_en.mp3,before_example_ko.mp3,입문,1
begin,시작하다,,수업은 아홉 시에 시작해요.,The class begins at nine o'clock.,begin.png,begin_word_en.mp3,begin_meaning_ko.mp3,begin_example_en.mp3,begin_example_ko.mp3,입문,1
beginning,시작,,영화의 시작이 아주 재미있었어요.,The beginning of the movie was very interesting.,beginning.png,beginning_word_en.mp3,beginning_meaning_ko.mp3,beginning_example_en.mp3,beginning_example_ko.mp3,입문,1
behind,~뒤에,,학교 뒤에 작은 공원이 있어요.,There is a small park behind the school.,behind.png,behind_word_en.mp3,behind_meaning_ko.mp3,behind_example_en.mp3,behind_example_ko.mp3,입문,1
believe,믿다,,저는 친구의 말을 믿어요.,I believe my friend's words.,believe.png,believe_word_en.mp3,believe_meaning_ko.mp3,believe_example_en.mp3,believe_example_ko.mp3,입문,1
below,아래에,,사진 아래에 이름을 써 주세요.,Please write your name below the photo.,below.png,below_word_en.mp3,below_meaning_ko.mp3,below_example_en.mp3,below_example_ko.mp3,입문,1
best,최고의,,그는 우리 반에서 최고의 학생이에요.,He is the best student in our class.,best.png,best_word_en.mp3,best_meaning_ko.mp3,best_example_en.mp3,best_example_ko.mp3,입문,1
better,더 나은,,오늘은 어제보다 더 나은 하루였어요.,Today was a better day than yesterday.,better.png,better_word_en.mp3,better_meaning_ko.mp3,better_example_en.mp3,better_example_ko.mp3,입문,1
between,~사이에,,은행은 병원과 약국 사이에 있어요.,The bank is between the hospital and the pharmacy.,between.png,between_word_en.mp3,between_meaning_ko.mp3,between_example_en.mp3,between_example_ko.mp3,입문,1
bicycle,자전거,,저는 매일 자전거를 타고 학교에 가요.,I ride a bicycle to school every day.,bicycle.png,bicycle_word_en.mp3,bicycle_meaning_ko.mp3,bicycle_example_en.mp3,bicycle_example_ko.mp3,입문,1
big,큰,,우리 집 앞에 큰 나무가 있어요.,There is a big tree in front of my house.,big.png,big_word_en.mp3,big_meaning_ko.mp3,big_example_en.mp3,big_example_ko.mp3,입문,1
bike,자전거,,동생은 새 자전거를 샀어요.,My younger sibling bought a new bike.,bike.png,bike_word_en.mp3,bike_meaning_ko.mp3,bike_example_en.mp3,bike_example_ko.mp3,입문,1
bill,계산서,,식사가 끝난 후 계산서를 받았어요.,"After the meal, we received the bill.",bill.png,bill_word_en.mp3,bill_meaning_ko.mp3,bill_example_en.mp3,bill_example_ko.mp3,비즈니스,3
bird,새,,창밖에 작은 새가 앉아 있어요.,A small bird is sitting outside the window.,bird.png,bird_word_en.mp3,bird_meaning_ko.mp3,bird_example_en.mp3,bird_example_ko.mp3,입문,1
birthday,생일,,오늘은 제 친구의 생일이에요.,Today is my friend's birthday.,birthday.png,birthday_word_en.mp3,birthday_meaning_ko.mp3,birthday_example_en.mp3,birthday_example_ko.mp3,입문,1
black,검은색,,저는 검은색 가방을 샀어요.,I bought a black bag.,black.png,black_word_en.mp3,black_meaning_ko.mp3,black_example_en.mp3,black_example_ko.mp3,입문,1
blog,블로그,,그녀는 매일 블로그에 글을 써요.,She writes posts on her blog every day.,blog.png,blog_word_en.mp3,blog_meaning_ko.mp3,blog_example_en.mp3,blog_example_ko.mp3,입문,1
blue,파란색,,하늘은 오늘 파란색이에요.,The sky is blue today.,blue.png,blue_word_en.mp3,blue_meaning_ko.mp3,blue_example_en.mp3,blue_example_ko.mp3,입문,1
boat,배,,우리는 호수에서 배를 탔어요.,We rode a boat on the lake.,boat.png,boat_word_en.mp3,boat_meaning_ko.mp3,boat_example_en.mp3,boat_example_ko.mp3,여행,2
body,몸,,운동은 몸에 좋아요.,Exercise is good for the body.,body.png,body_word_en.mp3,body_meaning_ko.mp3,body_example_en.mp3,body_example_ko.mp3,입문,1
book,책,,저는 도서관에서 책을 빌렸어요.,I borrowed a book from the library.,book.png,book_word_en.mp3,book_meaning_ko.mp3,book_example_en.mp3,book_example_ko.mp3,여행,2
boot,부츠,,비 오는 날에는 부츠를 신어요.,I wear boots on rainy days.,boot.png,boot_word_en.mp3,boot_meaning_ko.mp3,boot_example_en.mp3,boot_example_ko.mp3,쇼핑,2
bored,지루한,,저는 지루한 수업에서 졸았어요.,I dozed off in the boring class.,bored.png,bored_word_en.mp3,bored_meaning_ko.mp3,bored_example_en.mp3,bored_example_ko.mp3,입문,1
boring,지루한,,그 영화는 조금 지루한 이야기였어요.,That movie was a slightly boring story.,boring.png,boring_word_en.mp3,boring_meaning_ko.mp3,boring_example_en.mp3,boring_example_ko.mp3,입문,1
born,태어난,,저는 서울에서 태어난 사람이에요.,I am a person born in Seoul.,born.png,born_word_en.mp3,born_meaning_ko.mp3,born_example_en.mp3,born_example_ko.mp3,입문,1
both,둘 다,,저는 커피와 차를 둘 다 좋아해요.,I like both coffee and tea.,,both_word_en.mp3,both_meaning_ko.mp3,both_example_en.mp3,both_example_ko.mp3,입문,1
bottle,병,,책상 위에 물병 한 병이 있어요.,There is a bottle of water on the desk.,bottle.png,bottle_word_en.mp3,bottle_meaning_ko.mp3,bottle_example_en.mp3,bottle_example_ko.mp3,입문,1
box,상자,,상자 안에 선물이 있어요.,There is a gift inside the box.,box.png,box_word_en.mp3,box_meaning_ko.mp3,box_example_en.mp3,box_example_ko.mp3,입문,1
boy,남자아이,,그 남자아이는 공원에서 뛰고 있어요.,The boy is running in the park.,boy.png,boy_word_en.mp3,boy_meaning_ko.mp3,boy_example_en.mp3,boy_example_ko.mp3,입문,1
boyfriend,남자친구,,제 남자친구는 요리를 잘해요.,My boyfriend is good at cooking.,boyfriend.png,boyfriend_word_en.mp3,boyfriend_meaning_ko.mp3,boyfriend_example_en.mp3,boyfriend_example_ko.mp3,입문,1
bread,빵,,아침에 빵을 먹었어요.,I ate bread in the morning.,bread.png,bread_word_en.mp3,bread_meaning_ko.mp3,bread_example_en.mp3,bread_example_ko.mp3,입문,1
break,깨뜨리다,,아이가 컵을 깨뜨렸어요.,The child broke the cup.,break.png,break_word_en.mp3,break_meaning_ko.mp3,break_example_en.mp3,break_example_ko.mp3,위기탈출,3
breakfast,아침,,저는 매일 아침을 꼭 먹어요.,I always eat breakfast every day.,breakfast.png,breakfast_word_en.mp3,breakfast_meaning_ko.mp3,breakfast_example_en.mp3,breakfast_example_ko.mp3,여행,2
bring,가져오다,,내일 숙제를 가져오세요.,Please bring your homework tomorrow.,bring.png,bring_word_en.mp3,bring_meaning_ko.mp3,bring_example_en.mp3,bring_example_ko.mp3,입문,1
brother,형제,,저는 형제가 두 명 있어요.,I have two brothers.,brother.png,brother_word_en.mp3,brother_meaning_ko.mp3,brother_example_en.mp3,brother_example_ko.mp3,입문,1
brown,갈색,,그 강아지는 갈색 털을 가지고 있어요.,That puppy has brown fur.,brown.png,brown_word_en.mp3,brown_meaning_ko.mp3,brown_example_en.mp3,brown_example_ko.mp3,입문,1
build,짓다,,그들은 강 옆에 집을 지었어요.,They built a house next to the river.,build.png,build_word_en.mp3,build_meaning_ko.mp3,build_example_en.mp3,build_example_ko.mp3,입문,1
building,건물,,저 높은 건물은 은행이에요.,That tall building is a bank.,building.png,building_word_en.mp3,building_meaning_ko.mp3,building_example_en.mp3,building_example_ko.mp3,입문,1
bus,버스,,저는 버스를 타고 회사에 가요.,I take the bus to work.,bus.png,bus_word_en.mp3,bus_meaning_ko.mp3,bus_example_en.mp3,bus_example_ko.mp3,여행,2
business,사업,,그는 작은 사업을 시작했어요.,He started a small business.,business.png,business_word_en.mp3,business_meaning_ko.mp3,business_example_en.mp3,business_example_ko.mp3,비즈니스,3
busy,바쁜,,오늘은 일이 많아서 바쁜 하루였어요.,Today was a busy day because I had a lot of work.,busy.png,busy_word_en.mp3,busy_meaning_ko.mp3,busy_example_en.mp3,busy_example_ko.mp3,입문,1
but,하지만,,"저는 가고 싶어요, 하지만 시간이 없어요.","I want to go, but I don't have time.",,but_word_en.mp3,but_meaning_ko.mp3,but_example_en.mp3,but_example_ko.mp3,입문,1
butter,버터,,빵에 버터를 발랐어요.,I spread butter on the bread.,butter.png,butter_word_en.mp3,butter_meaning_ko.mp3,butter_example_en.mp3,butter_example_ko.mp3,입문,1
buy,사다,,저는 시장에서 과일을 샀어요.,I bought fruit at the market.,buy.png,buy_word_en.mp3,buy_meaning_ko.mp3,buy_example_en.mp3,buy_example_ko.mp3,쇼핑,2
by,에 의해,,이 노래는 유명한 가수에 의해 불렸어요.,This song was sung by a famous singer.,,by_word_en.mp3,by_meaning_ko.mp3,by_example_en.mp3,by_example_ko.mp3,입문,1
bye,안녕,,친구에게 안녕이라고 말했어요.,I said bye to my friend.,bye.png,bye_word_en.mp3,bye_meaning_ko.mp3,bye_example_en.mp3,bye_example_ko.mp3,입문,1
cafe,카페,,우리는 카페에서 커피를 마셨어요.,We drank coffee at a cafe.,cafe.png,cafe_word_en.mp3,cafe_meaning_ko.mp3,cafe_example_en.mp3,cafe_example_ko.mp3,입문,1
cake,케이크,,생일 파티에서 케이크를 먹었어요.,We ate cake at the birthday party.,cake.png,cake_word_en.mp3,cake_meaning_ko.mp3,cake_example_en.mp3,cake_example_ko.mp3,입문,1
call,전화하다,,저녁에 엄마에게 전화할 거예요.,I will call my mom in the evening.,call.png,call_word_en.mp3,call_meaning_ko.mp3,call_example_en.mp3,call_example_ko.mp3,입문,1
camera,카메라,,그는 새 카메라로 사진을 찍었어요.,He took pictures with his new camera.,camera.png,camera_word_en.mp3,camera_meaning_ko.mp3,camera_example_en.mp3,camera_example_ko.mp3,여행,2
can,할 수 있다,,저는 한국어를 조금 할 수 있어요.,I can speak a little Korean.,,can_word_en.mp3,can_meaning_ko.mp3,can_example_en.mp3,can_example_ko.mp3,입문,1
cannot,할 수 없다,,저는 오늘 모임에 갈 수 없어요.,I cannot go to the meeting today.,cannot.png,cannot_word_en.mp3,cannot_meaning_ko.mp3,cannot_example_en.mp3,cannot_example_ko.mp3,입문,1
capital,수도,,서울은 한국의 수도예요.,Seoul is the capital of Korea.,capital.png,capital_word_en.mp3,capital_meaning_ko.mp3,capital_example_en.mp3,capital_example_ko.mp3,비즈니스,3
car,자동차,,우리 아빠는 새 자동차를 샀어요.,My dad bought a new car.,car.png,car_word_en.mp3,car_meaning_ko.mp3,car_example_en.mp3,car_example_ko.mp3,입문,1
card,카드,,저는 생일 카드를 친구에게 보냈어요.,I sent a birthday card to my friend.,card.png,card_word_en.mp3,card_meaning_ko.mp3,card_example_en.mp3,card_example_ko.mp3,입문,1
career,경력,,그는 긴 경력을 가진 선생님이에요.,He is a teacher with a long career.,career.png,career_word_en.mp3,career_meaning_ko.mp3,career_example_en.mp3,career_example_ko.mp3,비즈니스,3
carrot,당근,,토끼가 당근을 먹고 있어요.,The rabbit is eating a carrot.,carrot.png,carrot_word_en.mp3,carrot_meaning_ko.mp3,carrot_example_en.mp3,carrot_example_ko.mp3,입문,1
carry,운반하다,,직원들이 무거운 상자를 운반해요.,The workers carry heavy boxes.,carry.png,carry_word_en.mp3,carry_meaning_ko.mp3,carry_example_en.mp3,carry_example_ko.mp3,입문,1
cat,고양이,,고양이가 창가에서 자고 있어요.,The cat is sleeping by the window.,cat.png,cat_word_en.mp3,cat_meaning_ko.mp3,cat_example_en.mp3,cat_example_ko.mp3,입문,1
CD,시디,,저는 오래된 시디를 다시 들었어요.,I listened to an old CD again.,CD.png,CD_word_en.mp3,CD_meaning_ko.mp3,CD_example_en.mp3,CD_example_ko.mp3,입문,1
cent,센트,,이 사탕은 50센트예요.,This candy is 50 cents.,cent.png,cent_word_en.mp3,cent_meaning_ko.mp3,cent_example_en.mp3,cent_example_ko.mp3,입문,1
centre,중심,,분수는 공원의 중심에 있어요.,The fountain is in the centre of the park.,centre.png,centre_word_en.mp3,centre_meaning_ko.mp3,centre_example_en.mp3,centre_example_ko.mp3,입문,1
century,세기,,우리는 21세기에 살고 있어요.,We live in the 21st century.,century.png,century_word_en.mp3,century_meaning_ko.mp3,century_example_en.mp3,century_example_ko.mp3,입문,1
chair,의자,,교실에 의자가 많이 있어요.,There are many chairs in the classroom.,chair.png,chair_word_en.mp3,chair_meaning_ko.mp3,chair_example_en.mp3,chair_example_ko.mp3,입문,1
change,바꾸다,,저는 머리 색을 바꾸고 싶어요.,I want to change my hair color.,change.png,change_word_en.mp3,change_meaning_ko.mp3,change_example_en.mp3,change_example_ko.mp3,쇼핑,2
chart,차트,,선생님이 차트로 결과를 보여 주었어요.,The teacher showed the results with a chart.,chart.png,chart_word_en.mp3,chart_meaning_ko.mp3,chart_example_en.mp3,chart_example_ko.mp3,비즈니스,3
cheap,싼,,이 가게에는 싼 옷이 많아요.,There are many cheap clothes in this store.,cheap.png,cheap_word_en.mp3,cheap_meaning_ko.mp3,cheap_example_en.mp3,cheap_example_ko.mp3,쇼핑,2
check,확인하다,,출발 전에 시간을 확인하세요.,Please check the time before you leave.,check.png,check_word_en.mp3,check_meaning_ko.mp3,check_example_en.mp3,check_example_ko.mp3,입문,1
cheese,치즈,,저는 빵에 치즈를 넣었어요.,I put cheese in the bread.,cheese.png,cheese_word_en.mp3,cheese_meaning_ko.mp3,cheese_example_en.mp3,cheese_example_ko.mp3,입문,1
chicken,닭,,농장에 닭이 열 마리 있어요.,There are ten chickens on the farm.,chicken.png,chicken_word_en.mp3,chicken_meaning_ko.mp3,chicken_example_en.mp3,chicken_example_ko.mp3,입문,1
child,어린이,,공원에서 어린이가 뛰어놀고 있어요.,A child is running and playing in the park.,child.png,child_word_en.mp3,child_meaning_ko.mp3,child_example_en.mp3,child_example_ko.mp3,입문,1
chocolate,초콜릿,,동생은 초콜릿을 아주 좋아해요.,My younger sibling really likes chocolate.,chocolate.png,chocolate_word_en.mp3,chocolate_meaning_ko.mp3,chocolate_example_en.mp3,chocolate_example_ko.mp3,입문,1
choose,고르다,,저는 파란색 가방을 골랐어요.,I chose the blue bag.,choose.png,choose_word_en.mp3,choose_meaning_ko.mp3,choose_example_en.mp3,choose_example_ko.mp3,쇼핑,2
cinema,영화관,,주말에 친구와 영화관에 갔어요.,I went to the cinema with my friend on the weekend.,cinema.png,cinema_word_en.mp3,cinema_meaning_ko.mp3,cinema_example_en.mp3,cinema_example_ko.mp3,입문,1
city,도시,,서울은 큰 도시예요.,Seoul is a big city.,city.png,city_word_en.mp3,city_meaning_ko.mp3,city_example_en.mp3,city_example_ko.mp3,입문,1
class,수업,,오늘 한국어 수업이 있어요.,I have a Korean class today.,class.png,class_word_en.mp3,class_meaning_ko.mp3,class_example_en.mp3,class_example_ko.mp3,입문,1
classroom,교실,,학생들이 교실에서 공부해요.,The students study in the classroom.,classroom.png,classroom_word_en.mp3,classroom_meaning_ko.mp3,classroom_example_en.mp3,classroom_example_ko.mp3,입문,1
clean,깨끗한,,제 방은 아주 깨끗해요.,My room is very clean.,clean.png,clean_word_en.mp3,clean_meaning_ko.mp3,clean_example_en.mp3,clean_example_ko.mp3,입문,1
climb,오르다,,우리는 아침에 산에 올랐어요.,We climbed the mountain in the morning.,climb.png,climb_word_en.mp3,climb_meaning_ko.mp3,climb_example_en.mp3,climb_example_ko.mp3,입문,1
clock,시계,,벽에 큰 시계가 걸려 있어요.,A big clock is hanging on the wall.,clock.png,clock_word_en.mp3,clock_meaning_ko.mp3,clock_example_en.mp3,clock_example_ko.mp3,입문,1
close,닫다,,추워서 창문을 닫았어요.,I closed the window because it was cold.,close.png,close_word_en.mp3,close_meaning_ko.mp3,close_example_en.mp3,close_example_ko.mp3,입문,1
club,클럽,,저는 학교 음악 클럽에 들어갔어요.,I joined the school music club.,club.png,club_word_en.mp3,club_meaning_ko.mp3,club_example_en.mp3,club_example_ko.mp3,입문,1
coat,코트,,겨울에는 따뜻한 코트를 입어요.,I wear a warm coat in winter.,coat.png,coat_word_en.mp3,coat_meaning_ko.mp3,coat_example_en.mp3,coat_example_ko.mp3,쇼핑,2
coffee,커피,,아침마다 커피를 한 잔 마셔요.,I drink a cup of coffee every morning.,coffee.png,coffee_word_en.mp3,coffee_meaning_ko.mp3,coffee_example_en.mp3,coffee_example_ko.mp3,입문,1
cold,추운,,오늘은 날씨가 정말 추워요.,The weather is really cold today.,cold.png,cold_word_en.mp3,cold_meaning_ko.mp3,cold_example_en.mp3,cold_example_ko.mp3,입문,1
college,대학교,,언니는 서울에 있는 대학교에 다녀요.,My older sister goes to a college in Seoul.,college.png,college_word_en.mp3,college_meaning_ko.mp3,college_example_en.mp3,college_example_ko.mp3,입문,1
come,오다,,친구가 우리 집에 왔어요.,My friend came to my house.,come.png,come_word_en.mp3,come_meaning_ko.mp3,come_example_en.mp3,come_example_ko.mp3,입문,1
common,흔한,,한국에서 김치는 흔한 음식이에요.,Kimchi is a common food in Korea.,common.png,common_word_en.mp3,common_meaning_ko.mp3,common_example_en.mp3,common_example_ko.mp3,입문,1
company,회사,,아버지는 큰 회사에서 일하세요.,My father works at a big company.,company.png,company_word_en.mp3,company_meaning_ko.mp3,company_example_en.mp3,company_example_ko.mp3,비즈니스,3
compare,비교하다,,두 사진을 비교해 보세요.,Please compare the two photos.,compare.png,compare_word_en.mp3,compare_meaning_ko.mp3,compare_example_en.mp3,compare_example_ko.mp3,입문,1
complete,끝내다,,저는 숙제를 모두 끝냈어요.,I completed all my homework.,complete.png,complete_word_en.mp3,complete_meaning_ko.mp3,complete_example_en.mp3,complete_example_ko.mp3,입문,1
computer,컴퓨터,,저는 컴퓨터로 이메일을 써요.,I write emails on a computer.,computer.png,computer_word_en.mp3,computer_meaning_ko.mp3,computer_example_en.mp3,computer_example_ko.mp3,입문,1
concert,콘서트,,어제 친구와 콘서트에 갔어요.,I went to a concert with my friend yesterday.,concert.png,concert_word_en.mp3,concert_meaning_ko.mp3,concert_example_en.mp3,concert_example_ko.mp3,입문,1
conversation,대화,,우리는 카페에서 긴 대화를 했어요.,We had a long conversation at the cafe.,conversation.png,conversation_word_en.mp3,conversation_meaning_ko.mp3,conversation_example_en.mp3,conversation_example_ko.mp3,입문,1
cook,요리하다,,엄마는 저녁을 요리하고 있어요.,Mom is cooking dinner.,cook.png,cook_word_en.mp3,cook_meaning_ko.mp3,cook_example_en.mp3,cook_example_ko.mp3,입문,1
cooking,요리,,저는 요리를 배우는 것이 재미있어요.,I enjoy learning cooking.,cooking.png,cooking_word_en.mp3,cooking_meaning_ko.mp3,cooking_example_en.mp3,cooking_example_ko.mp3,입문,1
cool,시원한,,바람이 시원해서 기분이 좋아요.,"The wind is cool, so I feel good.",cool.png,cool_word_en.mp3,cool_meaning_ko.mp3,cool_example_en.mp3,cool_example_ko.mp3,입문,1
correct,맞는,,이 답은 맞는 답이에요.,This answer is the correct answer.,correct.png,correct_word_en.mp3,correct_meaning_ko.mp3,correct_example_en.mp3,correct_example_ko.mp3,입문,1
cost,비용,,여행 비용이 생각보다 비쌌어요.,The travel cost was more expensive than I expected.,cost.png,cost_word_en.mp3,cost_meaning_ko.mp3,cost_example_en.mp3,cost_example_ko.mp3,비즈니스,3
could,할 수 있었다,,어렸을 때 저는 빨리 달릴 수 있었어요.,"When I was young, I could run fast.",,could_word_en.mp3,could_meaning_ko.mp3,could_example_en.mp3,could_example_ko.mp3,입문,1
country,나라,,한국은 아름다운 나라예요.,Korea is a beautiful country.,country.png,country_word_en.mp3,country_meaning_ko.mp3,country_example_en.mp3,country_example_ko.mp3,여행,2
course,과정,,저는 한국어 초급 과정을 듣고 있어요.,I am taking a beginner Korean course.,course.png,course_word_en.mp3,course_meaning_ko.mp3,course_example_en.mp3,course_example_ko.mp3,입문,1
cousin,사촌,,이번 주말에 사촌을 만나요.,I am meeting my cousin this weekend.,cousin.png,cousin_word_en.mp3,cousin_meaning_ko.mp3,cousin_example_en.mp3,cousin_example_ko.mp3,입문,1
cow,암소,,암소가 들판에서 풀을 먹고 있어요.,The cow is eating grass in the field.,cow.png,cow_word_en.mp3,cow_meaning_ko.mp3,cow_example_en.mp3,cow_example_ko.mp3,입문,1
cream,크림,,케이크 위에 크림이 많이 있어요.,There is a lot of cream on the cake.,cream.png,cream_word_en.mp3,cream_meaning_ko.mp3,cream_example_en.mp3,cream_example_ko.mp3,입문,1
create,창조하다,,예술가는 새로운 작품을 창조해요.,The artist creates new works.,create.png,create_word_en.mp3,create_meaning_ko.mp3,create_example_en.mp3,create_example_ko.mp3,입문,1
culture,문화,,저는 한국 문화를 배우고 싶어요.,I want to learn Korean culture.,culture.png,culture_word_en.mp3,culture_meaning_ko.mp3,culture_example_en.mp3,culture_example_ko.mp3,여행,2
cup,컵,,탁자 위에 컵이 하나 있어요.,There is one cup on the table.,cup.png,cup_word_en.mp3,cup_meaning_ko.mp3,cup_example_en.mp3,cup_example_ko.mp3,입문,1
customer,고객,,직원이 고객에게 친절하게 인사했어요.,The employee greeted the customer kindly.,customer.png,customer_word_en.mp3,customer_meaning_ko.mp3,customer_example_en.mp3,customer_example_ko.mp3,비즈니스,3
cut,자르다,,저는 칼로 사과를 잘랐어요.,I cut the apple with a knife.,cut.png,cut_word_en.mp3,cut_meaning_ko.mp3,cut_example_en.mp3,cut_example_ko.mp3,입문,1
dad,아빠,,아빠는 매일 아침 신문을 읽어요.,Dad reads the newspaper every morning.,dad.png,dad_word_en.mp3,dad_meaning_ko.mp3,dad_example_en.mp3,dad_example_ko.mp3,입문,1
dance,춤,,파티에서 모두 신나는 춤을 췄어요.,Everyone did an exciting dance at the party.,dance.png,dance_word_en.mp3,dance_meaning_ko.mp3,dance_example_en.mp3,dance_example_ko.mp3,입문,1
dancer,무용수,,그 무용수는 무대에서 아름답게 춤췄어요.,The dancer danced beautifully on the stage.,dancer.png,dancer_word_en.mp3,dancer_meaning_ko.mp3,dancer_example_en.mp3,dancer_example_ko.mp3,입문,1
dancing,춤,,저는 춤을 좋아해요.,I like dancing.,dancing.png,dancing_word_en.mp3,dancing_meaning_ko.mp3,dancing_example_en.mp3,dancing_example_ko.mp3,입문,1
dangerous,위험한,,밤에 혼자 걷는 것은 위험한 일이에요.,Walking alone at night is a dangerous thing.,dangerous.png,dangerous_word_en.mp3,dangerous_meaning_ko.mp3,dangerous_example_en.mp3,dangerous_example_ko.mp3,위기탈출,3
dark,어두운,,방이 너무 어두운 것 같아요.,The room seems too dark.,dark.png,dark_word_en.mp3,dark_meaning_ko.mp3,dark_example_en.mp3,dark_example_ko.mp3,입문,1
date,날짜,,오늘 날짜를 칠판에 쓰세요.,Please write today's date on the board.,date.png,date_word_en.mp3,date_meaning_ko.mp3,date_example_en.mp3,date_example_ko.mp3,입문,1
daughter,딸,,제 딸은 다섯 살이에요.,My daughter is five years old.,daughter.png,daughter_word_en.mp3,daughter_meaning_ko.mp3,daughter_example_en.mp3,daughter_example_ko.mp3,입문,1
day,하루,,오늘 하루는 정말 바빴어요.,Today was a really busy day.,day.png,day_word_en.mp3,day_meaning_ko.mp3,day_example_en.mp3,day_example_ko.mp3,입문,1
dear,친애하는,,친애하는 친구에게 편지를 썼어요.,I wrote a letter to my dear friend.,dear.png,dear_word_en.mp3,dear_meaning_ko.mp3,dear_example_en.mp3,dear_example_ko.mp3,입문,1
December,12월,,한국은 12월에 날씨가 추워요.,The weather is cold in Korea in December.,December.png,December_word_en.mp3,December_meaning_ko.mp3,December_example_en.mp3,December_example_ko.mp3,입문,1
decide,결정하다,,우리는 내일 만나기로 결정했어요.,We decided to meet tomorrow.,decide.png,decide_word_en.mp3,decide_meaning_ko.mp3,decide_example_en.mp3,decide_example_ko.mp3,입문,1
delicious,맛있는,,이 식당은 맛있는 음식을 팔아요.,This restaurant sells delicious food.,delicious.png,delicious_word_en.mp3,delicious_meaning_ko.mp3,delicious_example_en.mp3,delicious_example_ko.mp3,입문,1
describe,묘사하다,,선생님은 그림을 자세히 묘사했어요.,The teacher described the picture in detail.,describe.png,describe_word_en.mp3,describe_meaning_ko.mp3,describe_example_en.mp3,describe_example_ko.mp3,입문,1
description,설명,,이 제품의 설명을 읽어 보세요.,Please read the description of this product.,description.png,description_word_en.mp3,description_meaning_ko.mp3,description_example_en.mp3,description_example_ko.mp3,입문,1
design,디자인,,이 가방의 디자인이 예뻐요.,The design of this bag is pretty.,design.png,design_word_en.mp3,design_meaning_ko.mp3,design_example_en.mp3,design_example_ko.mp3,입문,1
desk,책상,,책상 위에 책이 있어요.,There is a book on the desk.,desk.png,desk_word_en.mp3,desk_meaning_ko.mp3,desk_example_en.mp3,desk_example_ko.mp3,입문,1
detail,세부사항,,계획의 세부사항을 다시 확인하세요.,Please check the details of the plan again.,detail.png,detail_word_en.mp3,detail_meaning_ko.mp3,detail_example_en.mp3,detail_example_ko.mp3,입문,1
dictionary,사전,,모르는 단어를 사전에서 찾았어요.,I looked up the unknown word in a dictionary.,dictionary.png,dictionary_word_en.mp3,dictionary_meaning_ko.mp3,dictionary_example_en.mp3,dictionary_example_ko.mp3,입문,1
die,죽다,,그 꽃은 물이 없어서 죽었어요.,The flower died because it had no water.,die.png,die_word_en.mp3,die_meaning_ko.mp3,die_example_en.mp3,die_example_ko.mp3,위기탈출,3
diet,식단,,건강한 식단을 지키는 것이 중요해요.,It is important to follow a healthy diet.,diet.png,diet_word_en.mp3,diet_meaning_ko.mp3,diet_example_en.mp3,diet_example_ko.mp3,입문,1
difference,차이,,두 그림의 차이를 찾아보세요.,Please find the difference between the two pictures.,difference.png,difference_word_en.mp3,difference_meaning_ko.mp3,difference_example_en.mp3,difference_example_ko.mp3,입문,1
different,다른,,우리는 서로 다른 생각을 가지고 있어요.,We have different ideas.,different.png,different_word_en.mp3,different_meaning_ko.mp3,different_example_en.mp3,different_example_ko.mp3,입문,1
difficult,어려운,,이 문제는 너무 어려운 문제예요.,This problem is a very difficult problem.,difficult.png,difficult_word_en.mp3,difficult_meaning_ko.mp3,difficult_example_en.mp3,difficult_example_ko.mp3,입문,1
dinner,저녁,,저녁에 가족과 함께 밥을 먹었어요.,I ate dinner with my family in the evening.,dinner.png,dinner_word_en.mp3,dinner_meaning_ko.mp3,dinner_example_en.mp3,dinner_example_ko.mp3,입문,1
dirty,더러운,,더러운 신발을 현관에 두었어요.,I left the dirty shoes at the entrance.,dirty.png,dirty_word_en.mp3,dirty_meaning_ko.mp3,dirty_example_en.mp3,dirty_example_ko.mp3,입문,1
discuss,논의하다,,우리는 여행 계획을 논의했어요.,We discussed the travel plan.,discuss.png,discuss_word_en.mp3,discuss_meaning_ko.mp3,discuss_example_en.mp3,discuss_example_ko.mp3,입문,1
dish,접시,,접시 위에 케이크가 있어요.,There is cake on the dish.,dish.png,dish_word_en.mp3,dish_meaning_ko.mp3,dish_example_en.mp3,dish_example_ko.mp3,입문,1
do,하다,,저는 숙제를 매일 해요.,I do my homework every day.,,do_word_en.mp3,do_meaning_ko.mp3,do_example_en.mp3,do_example_ko.mp3,입문,1
doctor,의사,,아플 때는 의사를 만나야 해요.,You should see a doctor when you are sick.,doctor.png,doctor_word_en.mp3,doctor_meaning_ko.mp3,doctor_example_en.mp3,doctor_example_ko.mp3,위기탈출,3
dog,개,,우리 집 개는 아주 귀여워요.,Our dog is very cute.,dog.png,dog_word_en.mp3,dog_meaning_ko.mp3,dog_example_en.mp3,dog_example_ko.mp3,입문,1
dollar,달러,,이 책은 십 달러예요.,This book is ten dollars.,dollar.png,dollar_word_en.mp3,dollar_meaning_ko.mp3,dollar_example_en.mp3,dollar_example_ko.mp3,입문,1
door,문,,추우니까 문을 닫아 주세요.,Please close the door because it is cold.,door.png,door_word_en.mp3,door_meaning_ko.mp3,door_example_en.mp3,door_example_ko.mp3,입문,1
down,아래로,,공이 계단 아래로 굴러갔어요.,The ball rolled down the stairs.,down.png,down_word_en.mp3,down_meaning_ko.mp3,down_example_en.mp3,down_example_ko.mp3,입문,1
downstairs,아래층으로,,저는 물을 가지러 아래층으로 내려갔어요.,I went downstairs to get water.,downstairs.png,downstairs_word_en.mp3,downstairs_meaning_ko.mp3,downstairs_example_en.mp3,downstairs_example_ko.mp3,입문,1
draw,그리다,,아이가 종이에 고양이를 그려요.,The child draws a cat on the paper.,draw.png,draw_word_en.mp3,draw_meaning_ko.mp3,draw_example_en.mp3,draw_example_ko.mp3,입문,1
dress,드레스,,그녀는 파란색 드레스를 입었어요.,She wore a blue dress.,dress.png,dress_word_en.mp3,dress_meaning_ko.mp3,dress_example_en.mp3,dress_example_ko.mp3,쇼핑,2
drink,마시다,,운동 후에 물을 많이 마셨어요.,I drank a lot of water after exercising.,drink.png,drink_word_en.mp3,drink_meaning_ko.mp3,drink_example_en.mp3,drink_example_ko.mp3,입문,1
drive,운전하다,,아버지는 매일 차를 운전해요.,My father drives a car every day.,drive.png,drive_word_en.mp3,drive_meaning_ko.mp3,drive_example_en.mp3,drive_example_ko.mp3,여행,2
driver,운전사,,그 운전사는 길을 잘 알아요.,The driver knows the roads well.,driver.png,driver_word_en.mp3,driver_meaning_ko.mp3,driver_example_en.mp3,driver_example_ko.mp3,여행,2
during,동안,,방학 동안 저는 책을 많이 읽었어요.,"During vacation, I read many books.",during.png,during_word_en.mp3,during_meaning_ko.mp3,during_example_en.mp3,during_example_ko.mp3,입문,1
DVD,디브이디,,우리는 주말에 디브이디를 봤어요.,We watched a DVD on the weekend.,DVD.png,DVD_word_en.mp3,DVD_meaning_ko.mp3,DVD_example_en.mp3,DVD_example_ko.mp3,입문,1
each,각각의,,각각의 학생에게 종이를 한 장씩 주세요.,Please give one sheet of paper to each student.,,each_word_en.mp3,each_meaning_ko.mp3,each_example_en.mp3,each_example_ko.mp3,입문,1
ear,귀,,제 귀가 조금 아파요.,My ear hurts a little.,ear.png,ear_word_en.mp3,ear_meaning_ko.mp3,ear_example_en.mp3,ear_example_ko.mp3,입문,1
early,일찍,,내일은 일찍 일어나야 해요.,I have to wake up early tomorrow.,early.png,early_word_en.mp3,early_meaning_ko.mp3,early_example_en.mp3,early_example_ko.mp3,입문,1
east,동쪽,,해는 동쪽에서 떠요.,The sun rises in the east.,east.png,east_word_en.mp3,east_meaning_ko.mp3,east_example_en.mp3,east_example_ko.mp3,여행,2
easy,쉬운,,이 책은 읽기 쉬운 책이에요.,This book is an easy book to read.,easy.png,easy_word_en.mp3,easy_meaning_ko.mp3,easy_example_en.mp3,easy_example_ko.mp3,입문,1
eat,먹다,,저는 아침에 빵을 먹어요.,I eat bread in the morning.,eat.png,eat_word_en.mp3,eat_meaning_ko.mp3,eat_example_en.mp3,eat_example_ko.mp3,입문,1
egg,달걀,,아침 식사로 달걀을 먹었어요.,I ate an egg for breakfast.,egg.png,egg_word_en.mp3,egg_meaning_ko.mp3,egg_example_en.mp3,egg_example_ko.mp3,입문,1
eight,팔,,상자에 사과가 팔 개 있어요.,There are eight apples in the box.,eight.png,eight_word_en.mp3,eight_meaning_ko.mp3,eight_example_en.mp3,eight_example_ko.mp3,입문,1
eighteen,십팔,,우리 반에는 학생이 십팔 명 있어요.,There are eighteen students in our class.,eighteen.png,eighteen_word_en.mp3,eighteen_meaning_ko.mp3,eighteen_example_en.mp3,eighteen_example_ko.mp3,입문,1
eighty,팔십,,제 할머니는 팔십 세세요.,My grandmother is eighty years old.,eighty.png,eighty_word_en.mp3,eighty_meaning_ko.mp3,eighty_example_en.mp3,eighty_example_ko.mp3,입문,1
elephant,코끼리,,동물원에서 큰 코끼리를 봤어요.,I saw a big elephant at the zoo.,elephant.png,elephant_word_en.mp3,elephant_meaning_ko.mp3,elephant_example_en.mp3,elephant_example_ko.mp3,입문,1
eleven,십일,,지금은 십일 시예요.,It is eleven o'clock now.,eleven.png,eleven_word_en.mp3,eleven_meaning_ko.mp3,eleven_example_en.mp3,eleven_example_ko.mp3,입문,1
else,그 밖에,,그 밖에 필요한 것이 있나요?,Is there anything else you need?,else.png,else_word_en.mp3,else_meaning_ko.mp3,else_example_en.mp3,else_example_ko.mp3,입문,1
email,이메일,,친구에게 이메일을 보냈어요.,I sent an email to my friend.,email.png,email_word_en.mp3,email_meaning_ko.mp3,email_example_en.mp3,email_example_ko.mp3,입문,1
end,끝,,영화의 끝이 슬펐어요.,The end of the movie was sad.,end.png,end_word_en.mp3,end_meaning_ko.mp3,end_example_en.mp3,end_example_ko.mp3,입문,1
enjoy,즐기다,,우리는 바닷가에서 휴가를 즐겼어요.,We enjoyed our vacation at the beach.,enjoy.png,enjoy_word_en.mp3,enjoy_meaning_ko.mp3,enjoy_example_en.mp3,enjoy_example_ko.mp3,입문,1
enough,충분한,,모두가 먹을 충분한 음식이 있어요.,There is enough food for everyone to eat.,enough.png,enough_word_en.mp3,enough_meaning_ko.mp3,enough_example_en.mp3,enough_example_ko.mp3,입문,1
euro,유로,,이 기념품은 오 유로예요.,This souvenir is five euros.,euro.png,euro_word_en.mp3,euro_meaning_ko.mp3,euro_example_en.mp3,euro_example_ko.mp3,입문,1
even,심지어,,그는 심지어 비 오는 날에도 운동해요.,He exercises even on rainy days.,even.png,even_word_en.mp3,even_meaning_ko.mp3,even_example_en.mp3,even_example_ko.mp3,입문,1
evening,저녁,,저녁에 친구를 만날 거예요.,I will meet my friend in the evening.,evening.png,evening_word_en.mp3,evening_meaning_ko.mp3,evening_example_en.mp3,evening_example_ko.mp3,입문,1
event,행사,,학교에서 큰 행사가 열렸어요.,A big event was held at school.,event.png,event_word_en.mp3,event_meaning_ko.mp3,event_example_en.mp3,event_example_ko.mp3,입문,1
ever,언제나,,그녀는 언제나 친절해요.,She is always kind.,ever.png,ever_word_en.mp3,ever_meaning_ko.mp3,ever_example_en.mp3,ever_example_ko.mp3,입문,1
every,모든,,모든 학생이 교실에 있어요.,Every student is in the classroom.,,every_word_en.mp3,every_meaning_ko.mp3,every_example_en.mp3,every_example_ko.mp3,입문,1
everybody,모두,,모두 조용히 앉아 주세요.,"Everybody, please sit quietly.",everybody.png,everybody_word_en.mp3,everybody_meaning_ko.mp3,everybody_example_en.mp3,everybody_example_ko.mp3,입문,1
everyone,모두,,모두 그 영화를 좋아했어요.,Everyone liked that movie.,everyone.png,everyone_word_en.mp3,everyone_meaning_ko.mp3,everyone_example_en.mp3,everyone_example_ko.mp3,입문,1
everything,모든 것,,그는 모든 것을 혼자 준비했어요.,He prepared everything by himself.,everything.png,everything_word_en.mp3,everything_meaning_ko.mp3,everything_example_en.mp3,everything_example_ko.mp3,입문,1
exam,시험,,내일 영어 시험이 있어요.,I have an English exam tomorrow.,exam.png,exam_word_en.mp3,exam_meaning_ko.mp3,exam_example_en.mp3,exam_example_ko.mp3,입문,1
example,예,,선생님이 쉬운 예를 들어 주셨어요.,The teacher gave an easy example.,example.png,example_word_en.mp3,example_meaning_ko.mp3,example_example_en.mp3,example_example_ko.mp3,입문,1
excited,흥분한,,아이들은 선물을 보고 흥분했어요.,The children were excited when they saw the gifts.,excited.png,excited_word_en.mp3,excited_meaning_ko.mp3,excited_example_en.mp3,excited_example_ko.mp3,입문,1
exciting,흥미진진한,,그 축구 경기는 정말 흥미진진했어요.,That soccer game was really exciting.,exciting.png,exciting_word_en.mp3,exciting_meaning_ko.mp3,exciting_example_en.mp3,exciting_example_ko.mp3,입문,1
exercise,운동,,저는 매일 아침 운동을 해요.,I exercise every morning.,exercise.png,exercise_word_en.mp3,exercise_meaning_ko.mp3,exercise_example_en.mp3,exercise_example_ko.mp3,입문,1
expensive,비싼,,이 가방은 너무 비싸요.,This bag is too expensive.,expensive.png,expensive_word_en.mp3,expensive_meaning_ko.mp3,expensive_example_en.mp3,expensive_example_ko.mp3,비즈니스,3
explain,설명하다,,선생님이 문제를 쉽게 설명했어요.,The teacher explained the problem easily.,explain.png,explain_word_en.mp3,explain_meaning_ko.mp3,explain_example_en.mp3,explain_example_ko.mp3,입문,1
extra,추가의,,추가의 의자가 필요해요.,We need an extra chair.,extra.png,extra_word_en.mp3,extra_meaning_ko.mp3,extra_example_en.mp3,extra_example_ko.mp3,입문,1
eye,눈,,먼지가 눈에 들어갔어요.,Dust got in my eye.,eye.png,eye_word_en.mp3,eye_meaning_ko.mp3,eye_example_en.mp3,eye_example_ko.mp3,입문,1
face,얼굴,,아기의 얼굴이 정말 귀여워요.,The baby's face is really cute.,face.png,face_word_en.mp3,face_meaning_ko.mp3,face_example_en.mp3,face_example_ko.mp3,입문,1
fact,사실,,그 이야기는 사실이에요.,That story is a fact.,fact.png,fact_word_en.mp3,fact_meaning_ko.mp3,fact_example_en.mp3,fact_example_ko.mp3,입문,1
fall,떨어지다,,책이 책상에서 떨어졌어요.,The book fell from the desk.,fall.png,fall_word_en.mp3,fall_meaning_ko.mp3,fall_example_en.mp3,fall_example_ko.mp3,위기탈출,3
FALSE,거짓의,,그 뉴스는 거짓이에요.,That news is false.,FALSE.png,FALSE_word_en.mp3,FALSE_meaning_ko.mp3,FALSE_example_en.mp3,FALSE_example_ko.mp3,입문,1
family,가족,,저는 가족과 함께 저녁을 먹어요.,I eat dinner with my family.,family.png,family_word_en.mp3,family_meaning_ko.mp3,family_example_en.mp3,family_example_ko.mp3,입문,1
famous,유명한,,그 배우는 한국에서 유명해요.,That actor is famous in Korea.,famous.png,famous_word_en.mp3,famous_meaning_ko.mp3,famous_example_en.mp3,famous_example_ko.mp3,입문,1
fantastic,환상적인,,오늘 공연은 환상적이었어요.,Today's performance was fantastic.,fantastic.png,fantastic_word_en.mp3,fantastic_meaning_ko.mp3,fantastic_example_en.mp3,fantastic_example_ko.mp3,입문,1
far,멀리,,그는 멀리 여행을 갔어요.,He traveled far away.,far.png,far_word_en.mp3,far_meaning_ko.mp3,far_example_en.mp3,far_example_ko.mp3,입문,1
farm,농장,,할아버지는 작은 농장에서 일하세요.,My grandfather works on a small farm.,farm.png,farm_word_en.mp3,farm_meaning_ko.mp3,farm_example_en.mp3,farm_example_ko.mp3,입문,1
farmer,농부,,그 농부는 아침 일찍 일을 시작해요.,The farmer starts work early in the morning.,farmer.png,farmer_word_en.mp3,farmer_meaning_ko.mp3,farmer_example_en.mp3,farmer_example_ko.mp3,입문,1
fast,빠른,,빠른 기차를 타고 부산에 갔어요.,I took a fast train to Busan.,fast.png,fast_word_en.mp3,fast_meaning_ko.mp3,fast_example_en.mp3,fast_example_ko.mp3,입문,1
fat,뚱뚱한,,그 고양이는 조금 뚱뚱해요.,That cat is a little fat.,fat.png,fat_word_en.mp3,fat_meaning_ko.mp3,fat_example_en.mp3,fat_example_ko.mp3,입문,1
father,아버지,,아버지는 회사에 가셨어요.,My father went to work.,father.png,father_word_en.mp3,father_meaning_ko.mp3,father_example_en.mp3,father_example_ko.mp3,입문,1
February,2월,,제 생일은 2월이에요.,My birthday is in February.,February.png,February_word_en.mp3,February_meaning_ko.mp3,February_example_en.mp3,February_example_ko.mp3,입문,1
feel,느끼다,,저는 오늘 기분이 좋다고 느껴요.,I feel good today.,feel.png,feel_word_en.mp3,feel_meaning_ko.mp3,feel_example_en.mp3,feel_example_ko.mp3,입문,1
feeling,감정,,그녀는 자신의 감정을 솔직하게 말했어요.,She spoke honestly about her feelings.,feeling.png,feeling_word_en.mp3,feeling_meaning_ko.mp3,feeling_example_en.mp3,feeling_example_ko.mp3,입문,1
festival,축제,,이번 주말에 음악 축제가 열려요.,A music festival will be held this weekend.,festival.png,festival_word_en.mp3,festival_meaning_ko.mp3,festival_example_en.mp3,festival_example_ko.mp3,입문,1
few,몇몇,,몇몇 학생이 도서관에 갔어요.,A few students went to the library.,,few_word_en.mp3,few_meaning_ko.mp3,few_example_en.mp3,few_example_ko.mp3,입문,1
fifteen,열다섯,,교실에 학생이 열다섯 명 있어요.,There are fifteen students in the classroom.,fifteen.png,fifteen_word_en.mp3,fifteen_meaning_ko.mp3,fifteen_example_en.mp3,fifteen_example_ko.mp3,입문,1
fifth,다섯째,,그는 경주에서 다섯째로 도착했어요.,He arrived fifth in the race.,fifth.png,fifth_word_en.mp3,fifth_meaning_ko.mp3,fifth_example_en.mp3,fifth_example_ko.mp3,입문,1
fifty,쉰,,우리 어머니는 올해 쉰 살이에요.,My mother is fifty years old this year.,fifty.png,fifty_word_en.mp3,fifty_meaning_ko.mp3,fifty_example_en.mp3,fifty_example_ko.mp3,입문,1
fill,채우다,,컵에 물을 채워 주세요.,Please fill the cup with water.,fill.png,fill_word_en.mp3,fill_meaning_ko.mp3,fill_example_en.mp3,fill_example_ko.mp3,입문,1
film,영화,,우리는 주말에 영화를 봤어요.,We watched a film on the weekend.,film.png,film_word_en.mp3,film_meaning_ko.mp3,film_example_en.mp3,film_example_ko.mp3,입문,1
final,마지막의,,오늘은 여행의 마지막 날이에요.,Today is the final day of the trip.,final.png,final_word_en.mp3,final_meaning_ko.mp3,final_example_en.mp3,final_example_ko.mp3,입문,1
find,찾다,,저는 잃어버린 지갑을 찾았어요.,I found my lost wallet.,find.png,find_word_en.mp3,find_meaning_ko.mp3,find_example_en.mp3,find_example_ko.mp3,입문,1
fine,괜찮은,,저는 괜찮아요.,I am fine.,fine.png,fine_word_en.mp3,fine_meaning_ko.mp3,fine_example_en.mp3,fine_example_ko.mp3,입문,1
finish,끝내다,,숙제를 모두 끝냈어요.,I finished all my homework.,finish.png,finish_word_en.mp3,finish_meaning_ko.mp3,finish_example_en.mp3,finish_example_ko.mp3,입문,1
fire,불,,캠프장에서 불을 피웠어요.,We made a fire at the campsite.,fire.png,fire_word_en.mp3,fire_meaning_ko.mp3,fire_example_en.mp3,fire_example_ko.mp3,위기탈출,3
first,첫 번째,,그녀는 첫 번째 질문에 대답했어요.,She answered the first question.,first.png,first_word_en.mp3,first_meaning_ko.mp3,first_example_en.mp3,first_example_ko.mp3,입문,1
fish,물고기,,강에 작은 물고기가 많아요.,There are many small fish in the river.,fish.png,fish_word_en.mp3,fish_meaning_ko.mp3,fish_example_en.mp3,fish_example_ko.mp3,입문,1
five,다섯,,우리 가족은 모두 다섯 명이에요.,There are five people in my family.,five.png,five_word_en.mp3,five_meaning_ko.mp3,five_example_en.mp3,five_example_ko.mp3,입문,1
flat,평평한,,이 길은 평평해서 걷기 좋아요.,"This road is flat, so it is good for walking.",flat.png,flat_word_en.mp3,flat_meaning_ko.mp3,flat_example_en.mp3,flat_example_ko.mp3,입문,1
flight,비행,,긴 비행 후에 우리는 피곤했어요.,"After the long flight, we were tired.",flight.png,flight_word_en.mp3,flight_meaning_ko.mp3,flight_example_en.mp3,flight_example_ko.mp3,여행,2
floor,바닥,,바닥에 물이 있어요.,There is water on the floor.,floor.png,floor_word_en.mp3,floor_meaning_ko.mp3,floor_example_en.mp3,floor_example_ko.mp3,입문,1
flower,꽃,,정원에 예쁜 꽃이 피었어요.,A pretty flower bloomed in the garden.,flower.png,flower_word_en.mp3,flower_meaning_ko.mp3,flower_example_en.mp3,flower_example_ko.mp3,입문,1
fly,날다,,새가 하늘을 날아요.,A bird flies in the sky.,fly.png,fly_word_en.mp3,fly_meaning_ko.mp3,fly_example_en.mp3,fly_example_ko.mp3,입문,1
follow,따라가다,,저를 따라오세요.,Please follow me.,follow.png,follow_word_en.mp3,follow_meaning_ko.mp3,follow_example_en.mp3,follow_example_ko.mp3,입문,1
food,음식,,한국 음식은 맛있어요.,Korean food is delicious.,food.png,food_word_en.mp3,food_meaning_ko.mp3,food_example_en.mp3,food_example_ko.mp3,입문,1
foot,발,,많이 걸어서 발이 아파요.,My foot hurts because I walked a lot.,foot.png,foot_word_en.mp3,foot_meaning_ko.mp3,foot_example_en.mp3,foot_example_ko.mp3,입문,1
football,축구,,친구들과 축구를 했어요.,I played football with my friends.,football.png,football_word_en.mp3,football_meaning_ko.mp3,football_example_en.mp3,football_example_ko.mp3,입문,1
for,~을 위해,,저는 친구를 위해 케이크를 만들었어요.,I made a cake for my friend.,,for_word_en.mp3,for_meaning_ko.mp3,for_example_en.mp3,for_example_ko.mp3,입문,1
forget,잊다,,약속 시간을 잊지 마세요.,Please don't forget the appointment time.,forget.png,forget_word_en.mp3,forget_meaning_ko.mp3,forget_example_en.mp3,forget_example_ko.mp3,입문,1
form,양식,,이 양식에 이름을 써 주세요.,Please write your name on this form.,form.png,form_word_en.mp3,form_meaning_ko.mp3,form_example_en.mp3,form_example_ko.mp3,입문,1
forty,마흔,,우리 삼촌은 마흔 살이에요.,My uncle is forty years old.,forty.png,forty_word_en.mp3,forty_meaning_ko.mp3,forty_example_en.mp3,forty_example_ko.mp3,입문,1
four,넷,,우리는 모두 넷이에요.,There are four of us.,four.png,four_word_en.mp3,four_meaning_ko.mp3,four_example_en.mp3,four_example_ko.mp3,입문,1
fourteen,열넷,,우리 반 학생은 모두 열넷이에요.,There are fourteen students in our class.,fourteen.png,fourteen_word_en.mp3,fourteen_meaning_ko.mp3,fourteen_example_en.mp3,fourteen_example_ko.mp3,입문,1
fourth,네 번째,,제 방은 네 번째 문 옆에 있어요.,My room is next to the fourth door.,fourth.png,fourth_word_en.mp3,fourth_meaning_ko.mp3,fourth_example_en.mp3,fourth_example_ko.mp3,입문,1
free,무료의,,이 박물관은 입장이 무료예요.,Admission to this museum is free.,free.png,free_word_en.mp3,free_meaning_ko.mp3,free_example_en.mp3,free_example_ko.mp3,쇼핑,2
Friday,금요일,,금요일에 친구를 만나요.,I meet my friend on Friday.,Friday.png,Friday_word_en.mp3,Friday_meaning_ko.mp3,Friday_example_en.mp3,Friday_example_ko.mp3,입문,1
friend,친구,,민수는 제 가장 친한 친구예요.,Minsu is my best friend.,friend.png,friend_word_en.mp3,friend_meaning_ko.mp3,friend_example_en.mp3,friend_example_ko.mp3,입문,1
friendly,친절한,,그 가게 직원은 매우 친절해요.,The store employee is very friendly.,friendly.png,friendly_word_en.mp3,friendly_meaning_ko.mp3,friendly_example_en.mp3,friendly_example_ko.mp3,입문,1
from,~에서,,저는 부산에서 왔어요.,I came from Busan.,from.png,from_word_en.mp3,from_meaning_ko.mp3,from_example_en.mp3,from_example_ko.mp3,입문,1
front,앞,,학교 앞에서 만나요.,Let's meet in front of the school.,front.png,front_word_en.mp3,front_meaning_ko.mp3,front_example_en.mp3,front_example_ko.mp3,입문,1
fruit,과일,,저는 아침에 과일을 먹어요.,I eat fruit in the morning.,fruit.png,fruit_word_en.mp3,fruit_meaning_ko.mp3,fruit_example_en.mp3,fruit_example_ko.mp3,입문,1
full,가득한,,컵에 물이 가득해요.,The cup is full of water.,full.png,full_word_en.mp3,full_meaning_ko.mp3,full_example_en.mp3,full_example_ko.mp3,입문,1
fun,재미,,이 게임은 정말 재미가 있어요.,This game is really fun.,fun.png,fun_word_en.mp3,fun_meaning_ko.mp3,fun_example_en.mp3,fun_example_ko.mp3,입문,1
funny,웃기는,,그 영화는 아주 웃기는 장면이 많아요.,That movie has many very funny scenes.,funny.png,funny_word_en.mp3,funny_meaning_ko.mp3,funny_example_en.mp3,funny_example_ko.mp3,입문,1
future,미래,,저는 미래에 의사가 되고 싶어요.,I want to become a doctor in the future.,future.png,future_word_en.mp3,future_meaning_ko.mp3,future_example_en.mp3,future_example_ko.mp3,입문,1
game,게임,,저는 주말에 친구들과 게임을 해요.,I play games with my friends on the weekend.,game.png,game_word_en.mp3,game_meaning_ko.mp3,game_example_en.mp3,game_example_ko.mp3,입문,1
garden,정원,,우리 집 정원에 꽃이 많아요.,There are many flowers in our garden.,garden.png,garden_word_en.mp3,garden_meaning_ko.mp3,garden_example_en.mp3,garden_example_ko.mp3,입문,1
geography,지리학,,저는 학교에서 지리학을 배워요.,I study geography at school.,geography.png,geography_word_en.mp3,geography_meaning_ko.mp3,geography_example_en.mp3,geography_example_ko.mp3,입문,1
get,얻다,,그는 열심히 일해서 좋은 결과를 얻었어요.,He worked hard and got good results.,get.png,get_word_en.mp3,get_meaning_ko.mp3,get_example_en.mp3,get_example_ko.mp3,입문,1
girl,소녀,,그 소녀는 공원에서 책을 읽고 있어요.,The girl is reading a book in the park.,girl.png,girl_word_en.mp3,girl_meaning_ko.mp3,girl_example_en.mp3,girl_example_ko.mp3,입문,1
girlfriend,여자친구,,그는 여자친구에게 꽃을 줬어요.,He gave flowers to his girlfriend.,girlfriend.png,girlfriend_word_en.mp3,girlfriend_meaning_ko.mp3,girlfriend_example_en.mp3,girlfriend_example_ko.mp3,입문,1
give,주다,,선생님이 학생들에게 숙제를 줬어요.,The teacher gave homework to the students.,give.png,give_word_en.mp3,give_meaning_ko.mp3,give_example_en.mp3,give_example_ko.mp3,입문,1
glass,유리,,이 창문은 유리로 만들었어요.,This window is made of glass.,glass.png,glass_word_en.mp3,glass_meaning_ko.mp3,glass_example_en.mp3,glass_example_ko.mp3,쇼핑,2
go,가다,,저는 매일 학교에 가요.,I go to school every day.,go.png,go_word_en.mp3,go_meaning_ko.mp3,go_example_en.mp3,go_example_ko.mp3,입문,1
good,좋은,,오늘은 좋은 날이에요.,Today is a good day.,good.png,good_word_en.mp3,good_meaning_ko.mp3,good_example_en.mp3,good_example_ko.mp3,입문,1
goodbye,안녕,,친구에게 안녕이라고 말하고 집에 갔어요.,I said goodbye to my friend and went home.,goodbye.png,goodbye_word_en.mp3,goodbye_meaning_ko.mp3,goodbye_example_en.mp3,goodbye_example_ko.mp3,입문,1
grandfather,할아버지,,할아버지는 매일 아침 산책하세요.,My grandfather takes a walk every morning.,grandfather.png,grandfather_word_en.mp3,grandfather_meaning_ko.mp3,grandfather_example_en.mp3,grandfather_example_ko.mp3,입문,1
grandmother,할머니,,할머니는 맛있는 김치를 만드세요.,My grandmother makes delicious kimchi.,grandmother.png,grandmother_word_en.mp3,grandmother_meaning_ko.mp3,grandmother_example_en.mp3,grandmother_example_ko.mp3,입문,1
grandparent,조부모,,제 조부모님은 시골에 사세요.,My grandparents live in the countryside.,grandparent.png,grandparent_word_en.mp3,grandparent_meaning_ko.mp3,grandparent_example_en.mp3,grandparent_example_ko.mp3,입문,1
great,훌륭한,,그는 훌륭한 선생님이에요.,He is a great teacher.,great.png,great_word_en.mp3,great_meaning_ko.mp3,great_example_en.mp3,great_example_ko.mp3,입문,1
green,초록색,,저는 초록색 셔츠를 입었어요.,I wore a green shirt.,green.png,green_word_en.mp3,green_meaning_ko.mp3,green_example_en.mp3,green_example_ko.mp3,입문,1
grey,회색,,하늘이 회색으로 변했어요.,The sky turned grey.,grey.png,grey_word_en.mp3,grey_meaning_ko.mp3,grey_example_en.mp3,grey_example_ko.mp3,입문,1
group,그룹,,우리는 네 명씩 그룹을 만들었어요.,We made groups of four.,group.png,group_word_en.mp3,group_meaning_ko.mp3,group_example_en.mp3,group_example_ko.mp3,입문,1
grow,자라다,,아이들이 빠르게 자라요.,Children grow quickly.,grow.png,grow_word_en.mp3,grow_meaning_ko.mp3,grow_example_en.mp3,grow_example_ko.mp3,입문,1
guess,추측하다,,정답을 몰라서 그냥 추측했어요.,"I didn't know the answer, so I just guessed.",guess.png,guess_word_en.mp3,guess_meaning_ko.mp3,guess_example_en.mp3,guess_example_ko.mp3,입문,1
guitar,기타,,동생은 기타를 잘 쳐요.,My younger sibling plays the guitar well.,guitar.png,guitar_word_en.mp3,guitar_meaning_ko.mp3,guitar_example_en.mp3,guitar_example_ko.mp3,입문,1
gym,체육관,,학생들이 체육관에서 농구를 해요.,The students play basketball in the gym.,gym.png,gym_word_en.mp3,gym_meaning_ko.mp3,gym_example_en.mp3,gym_example_ko.mp3,입문,1
hair,머리카락,,그녀는 긴 머리카락을 가지고 있어요.,She has long hair.,hair.png,hair_word_en.mp3,hair_meaning_ko.mp3,hair_example_en.mp3,hair_example_ko.mp3,입문,1
half,절반,,케이크의 절반을 친구에게 줬어요.,I gave half of the cake to my friend.,half.png,half_word_en.mp3,half_meaning_ko.mp3,half_example_en.mp3,half_example_ko.mp3,입문,1
hand,손,,밥을 먹기 전에 손을 씻으세요.,Please wash your hands before eating.,hand.png,hand_word_en.mp3,hand_meaning_ko.mp3,hand_example_en.mp3,hand_example_ko.mp3,입문,1
happen,일어나다,,어제 학교에서 재미있는 일이 일어났어요.,Something interesting happened at school yesterday.,happen.png,happen_word_en.mp3,happen_meaning_ko.mp3,happen_example_en.mp3,happen_example_ko.mp3,입문,1
happy,행복한,,생일 선물을 받아서 정말 행복해요.,I am really happy because I received a birthday present.,happy.png,happy_word_en.mp3,happy_meaning_ko.mp3,happy_example_en.mp3,happy_example_ko.mp3,입문,1
hard,어려운,,이 문제는 너무 어려워요.,This problem is too hard.,hard.png,hard_word_en.mp3,hard_meaning_ko.mp3,hard_example_en.mp3,hard_example_ko.mp3,입문,1
hat,모자,,햇빛이 강해서 모자를 썼어요.,I wore a hat because the sunlight was strong.,hat.png,hat_word_en.mp3,hat_meaning_ko.mp3,hat_example_en.mp3,hat_example_ko.mp3,쇼핑,2
hate,싫어하다,,저는 거짓말을 싫어해요.,I hate lies.,hate.png,hate_word_en.mp3,hate_meaning_ko.mp3,hate_example_en.mp3,hate_example_ko.mp3,입문,1
have,가지다,,저는 작은 강아지를 가지고 있어요.,I have a small puppy.,,have_word_en.mp3,have_meaning_ko.mp3,have_example_en.mp3,have_example_ko.mp3,입문,1
have to,해야 한다,,내일 시험이 있어서 공부해야 해요.,I have to study because I have a test tomorrow.,have_to.png,have_to_word_en.mp3,have_to_meaning_ko.mp3,have_to_example_en.mp3,have_to_example_ko.mp3,입문,1
he,그,,그는 제 반 친구예요.,He is my classmate.,,he_word_en.mp3,he_meaning_ko.mp3,he_example_en.mp3,he_example_ko.mp3,입문,1
head,머리,,머리가 아파서 일찍 잤어요.,"My head hurt, so I went to bed early.",head.png,head_word_en.mp3,head_meaning_ko.mp3,head_example_en.mp3,head_example_ko.mp3,입문,1
health,건강,,건강을 위해 매일 운동해요.,I exercise every day for my health.,health.png,health_word_en.mp3,health_meaning_ko.mp3,health_example_en.mp3,health_example_ko.mp3,위기탈출,3
healthy,건강한,,채소를 많이 먹으면 건강해져요.,"If you eat a lot of vegetables, you become healthy.",healthy.png,healthy_word_en.mp3,healthy_meaning_ko.mp3,healthy_example_en.mp3,healthy_example_ko.mp3,입문,1
hear,듣다,,저는 밖에서 큰 소리를 들었어요.,I heard a loud sound outside.,hear.png,hear_word_en.mp3,hear_meaning_ko.mp3,hear_example_en.mp3,hear_example_ko.mp3,입문,1
hello,안녕하세요,,선생님께 안녕하세요라고 인사했어요.,I said hello to the teacher.,hello.png,hello_word_en.mp3,hello_meaning_ko.mp3,hello_example_en.mp3,hello_example_ko.mp3,입문,1
help,돕다,,저는 친구의 숙제를 도와줬어요.,I helped my friend with homework.,help.png,help_word_en.mp3,help_meaning_ko.mp3,help_example_en.mp3,help_example_ko.mp3,입문,1
her,그녀의,,그녀의 가방은 책상 위에 있어요.,Her bag is on the desk.,,her_word_en.mp3,her_meaning_ko.mp3,her_example_en.mp3,her_example_ko.mp3,입문,1
here,여기에,,여기에 앉아도 돼요?,May I sit here?,here.png,here_word_en.mp3,here_meaning_ko.mp3,here_example_en.mp3,here_example_ko.mp3,입문,1
hey,이봐,,"이봐, 여기로 잠깐 와 봐.","Hey, come here for a moment.",hey.png,hey_word_en.mp3,hey_meaning_ko.mp3,hey_example_en.mp3,hey_example_ko.mp3,입문,1
hi,안녕,,친구가 웃으며 안녕이라고 말했어요.,My friend smiled and said hi.,hi.png,hi_word_en.mp3,hi_meaning_ko.mp3,hi_example_en.mp3,hi_example_ko.mp3,입문,1
high,높은,,그 산은 아주 높아요.,That mountain is very high.,high.png,high_word_en.mp3,high_meaning_ko.mp3,high_example_en.mp3,high_example_ko.mp3,입문,1
him,그를,,저는 어제 그를 만났어요.,I met him yesterday.,,him_word_en.mp3,him_meaning_ko.mp3,him_example_en.mp3,him_example_ko.mp3,입문,1
his,그의,,그의 집은 학교 근처에 있어요.,His house is near the school.,,his_word_en.mp3,his_meaning_ko.mp3,his_example_en.mp3,his_example_ko.mp3,입문,1
history,역사,,저는 한국 역사를 배우고 있어요.,I am learning Korean history.,history.png,history_word_en.mp3,history_meaning_ko.mp3,history_example_en.mp3,history_example_ko.mp3,입문,1
hobby,취미,,제 취미는 그림 그리기예요.,My hobby is drawing.,hobby.png,hobby_word_en.mp3,hobby_meaning_ko.mp3,hobby_example_en.mp3,hobby_example_ko.mp3,입문,1
holiday,휴가,,이번 여름에 휴가를 갈 거예요.,I will go on holiday this summer.,holiday.png,holiday_word_en.mp3,holiday_meaning_ko.mp3,holiday_example_en.mp3,holiday_example_ko.mp3,여행,2
home,집,,저는 집에 일찍 돌아왔어요.,I came home early.,home.png,home_word_en.mp3,home_meaning_ko.mp3,home_example_en.mp3,home_example_ko.mp3,입문,1
homework,숙제,,오늘 숙제가 많아요.,I have a lot of homework today.,homework.png,homework_word_en.mp3,homework_meaning_ko.mp3,homework_example_en.mp3,homework_example_ko.mp3,입문,1
hope,희망하다,,저는 좋은 결과를 희망합니다.,I hope for a good result.,hope.png,hope_word_en.mp3,hope_meaning_ko.mp3,hope_example_en.mp3,hope_example_ko.mp3,입문,1
horse,말,,그 말은 아주 빨리 달려요.,That horse runs very fast.,horse.png,horse_word_en.mp3,horse_meaning_ko.mp3,horse_example_en.mp3,horse_example_ko.mp3,입문,1
hospital,병원,,아파서 병원에 갔어요.,I went to the hospital because I was sick.,hospital.png,hospital_word_en.mp3,hospital_meaning_ko.mp3,hospital_example_en.mp3,hospital_example_ko.mp3,위기탈출,3
hot,뜨거운,,뜨거운 물을 조심하세요.,Be careful with the hot water.,hot.png,hot_word_en.mp3,hot_meaning_ko.mp3,hot_example_en.mp3,hot_example_ko.mp3,입문,1
hotel,호텔,,우리는 바닷가 근처 호텔에 묵었어요.,We stayed at a hotel near the beach.,hotel.png,hotel_word_en.mp3,hotel_meaning_ko.mp3,hotel_example_en.mp3,hotel_example_ko.mp3,여행,2
hour,시간,,수업은 한 시간 동안 계속돼요.,The class lasts for one hour.,hour.png,hour_word_en.mp3,hour_meaning_ko.mp3,hour_example_en.mp3,hour_example_ko.mp3,여행,2
house,집,,그 집은 아주 커요.,That house is very big.,house.png,house_word_en.mp3,house_meaning_ko.mp3,house_example_en.mp3,house_example_ko.mp3,입문,1
how,어떻게,,이 단어를 어떻게 읽어요?,How do you read this word?,,how_word_en.mp3,how_meaning_ko.mp3,how_example_en.mp3,how_example_ko.mp3,입문,1
however,그러나,,비가 왔어요. 그러나 우리는 산책했어요.,"It rained. However, we took a walk.",however.png,however_word_en.mp3,however_meaning_ko.mp3,however_example_en.mp3,however_example_ko.mp3,입문,1
hundred,백,,사과가 백 개 있어요.,There are one hundred apples.,hundred.png,hundred_word_en.mp3,hundred_meaning_ko.mp3,hundred_example_en.mp3,hundred_example_ko.mp3,입문,1
hungry,배고픈,,배고픈 아이가 빵을 먹고 있어요.,The hungry child is eating bread.,hungry.png,hungry_word_en.mp3,hungry_meaning_ko.mp3,hungry_example_en.mp3,hungry_example_ko.mp3,입문,1
husband,남편,,제 남편은 요리를 잘해요.,My husband cooks well.,husband.png,husband_word_en.mp3,husband_meaning_ko.mp3,husband_example_en.mp3,husband_example_ko.mp3,입문,1
ice,얼음,,물에 얼음을 넣었어요.,I put ice in the water.,ice.png,ice_word_en.mp3,ice_meaning_ko.mp3,ice_example_en.mp3,ice_example_ko.mp3,입문,1
ice cream,아이스크림,,저는 딸기 아이스크림을 좋아해요.,I like strawberry ice cream.,ice_cream.png,ice_cream_word_en.mp3,ice_cream_meaning_ko.mp3,ice_cream_example_en.mp3,ice_cream_example_ko.mp3,입문,1
idea,생각,,좋은 생각이 있어요.,I have a good idea.,idea.png,idea_word_en.mp3,idea_meaning_ko.mp3,idea_example_en.mp3,idea_example_ko.mp3,입문,1
if,라면,,학생이라면 이 책을 읽어 보세요.,"If you are a student, try reading this book.",,if_word_en.mp3,if_meaning_ko.mp3,if_example_en.mp3,if_example_ko.mp3,입문,1
imagine,상상하다,,미래의 내 모습을 상상해 보세요.,Imagine your future self.,imagine.png,imagine_word_en.mp3,imagine_meaning_ko.mp3,imagine_example_en.mp3,imagine_example_ko.mp3,입문,1
important,중요한,,건강은 매우 중요한 것입니다.,Health is a very important thing.,important.png,important_word_en.mp3,important_meaning_ko.mp3,important_example_en.mp3,important_example_ko.mp3,입문,1
improve,개선하다,,우리는 서비스를 개선해야 해요.,We need to improve the service.,improve.png,improve_word_en.mp3,improve_meaning_ko.mp3,improve_example_en.mp3,improve_example_ko.mp3,입문,1
in,안에,,가방 안에 책이 있어요.,There is a book in the bag.,,in_word_en.mp3,in_meaning_ko.mp3,in_example_en.mp3,in_example_ko.mp3,입문,1
include,포함하다,,이 가격은 아침 식사를 포함해요.,This price includes breakfast.,include.png,include_word_en.mp3,include_meaning_ko.mp3,include_example_en.mp3,include_example_ko.mp3,입문,1
information,정보,,인터넷에서 정보를 찾았어요.,I found information on the internet.,information.png,information_word_en.mp3,information_meaning_ko.mp3,information_example_en.mp3,information_example_ko.mp3,여행,2
interest,관심,,저는 음악에 관심이 많아요.,I have a lot of interest in music.,interest.png,interest_word_en.mp3,interest_meaning_ko.mp3,interest_example_en.mp3,interest_example_ko.mp3,입문,1
interested,관심이 있는,,그는 한국 역사에 관심이 있어요.,He is interested in Korean history.,interested.png,interested_word_en.mp3,interested_meaning_ko.mp3,interested_example_en.mp3,interested_example_ko.mp3,입문,1
interesting,흥미로운,,이 영화는 정말 흥미로워요.,This movie is really interesting.,interesting.png,interesting_word_en.mp3,interesting_meaning_ko.mp3,interesting_example_en.mp3,interesting_example_ko.mp3,입문,1
internet,인터넷,,저는 매일 인터넷을 사용해요.,I use the internet every day.,internet.png,internet_word_en.mp3,internet_meaning_ko.mp3,internet_example_en.mp3,internet_example_ko.mp3,입문,1
interview,인터뷰,,내일 회사에서 인터뷰가 있어요.,I have an interview at the company tomorrow.,interview.png,interview_word_en.mp3,interview_meaning_ko.mp3,interview_example_en.mp3,interview_example_ko.mp3,비즈니스,3
into,안으로,,고양이가 방 안으로 들어갔어요.,The cat went into the room.,into.png,into_word_en.mp3,into_meaning_ko.mp3,into_example_en.mp3,into_example_ko.mp3,입문,1
introduce,소개하다,,제 친구를 소개할게요.,I will introduce my friend.,introduce.png,introduce_word_en.mp3,introduce_meaning_ko.mp3,introduce_example_en.mp3,introduce_example_ko.mp3,입문,1
island,섬,,그 섬은 바다가 아름다워요.,That island has a beautiful sea.,island.png,island_word_en.mp3,island_meaning_ko.mp3,island_example_en.mp3,island_example_ko.mp3,여행,2
it,그것,,그것은 제 가방이에요.,It is my bag.,,it_word_en.mp3,it_meaning_ko.mp3,it_example_en.mp3,it_example_ko.mp3,입문,1
its,그것의,,그것의 색은 빨간색이에요.,Its color is red.,,its_word_en.mp3,its_meaning_ko.mp3,its_example_en.mp3,its_example_ko.mp3,입문,1
jacket,재킷,,날씨가 추워서 재킷을 입었어요.,I wore a jacket because the weather was cold.,jacket.png,jacket_word_en.mp3,jacket_meaning_ko.mp3,jacket_example_en.mp3,jacket_example_ko.mp3,쇼핑,2
January,1월,,1월에는 눈이 많이 와요.,It snows a lot in January.,January.png,January_word_en.mp3,January_meaning_ko.mp3,January_example_en.mp3,January_example_ko.mp3,입문,1
jeans,청바지,,저는 오늘 청바지를 입었어요.,I wore jeans today.,jeans.png,jeans_word_en.mp3,jeans_meaning_ko.mp3,jeans_example_en.mp3,jeans_example_ko.mp3,쇼핑,2
job,직업,,그의 직업은 의사예요.,His job is a doctor.,job.png,job_word_en.mp3,job_meaning_ko.mp3,job_example_en.mp3,job_example_ko.mp3,비즈니스,3
join,가입하다,,저는 축구 동아리에 가입했어요.,I joined the soccer club.,join.png,join_word_en.mp3,join_meaning_ko.mp3,join_example_en.mp3,join_example_ko.mp3,비즈니스,3
journey,여행,,긴 여행이 시작됐어요.,A long journey began.,journey.png,journey_word_en.mp3,journey_meaning_ko.mp3,journey_example_en.mp3,journey_example_ko.mp3,여행,2
juice,주스,,아침에 오렌지 주스를 마셨어요.,I drank orange juice in the morning.,juice.png,juice_word_en.mp3,juice_meaning_ko.mp3,juice_example_en.mp3,juice_example_ko.mp3,입문,1
July,7월,,7월에는 날씨가 더워요.,The weather is hot in July.,July.png,July_word_en.mp3,July_meaning_ko.mp3,July_example_en.mp3,July_example_ko.mp3,입문,1
June,6월,,6월에 시험이 있어요.,I have an exam in June.,June.png,June_word_en.mp3,June_meaning_ko.mp3,June_example_en.mp3,June_example_ko.mp3,입문,1
just,단지,,저는 단지 물 한 잔만 원해요.,I just want a glass of water.,just.png,just_word_en.mp3,just_meaning_ko.mp3,just_example_en.mp3,just_example_ko.mp3,입문,1
keep,보관하다,,여권은 안전한 곳에 보관하세요.,Keep your passport in a safe place.,keep.png,keep_word_en.mp3,keep_meaning_ko.mp3,keep_example_en.mp3,keep_example_ko.mp3,입문,1
key,열쇠,,열쇠를 책상 위에 두었어요.,I put the key on the desk.,key.png,key_word_en.mp3,key_meaning_ko.mp3,key_example_en.mp3,key_example_ko.mp3,입문,1
kilometre,킬로미터,,학교는 집에서 2킬로미터 떨어져 있어요.,The school is two kilometres away from my house.,kilometre.png,kilometre_word_en.mp3,kilometre_meaning_ko.mp3,kilometre_example_en.mp3,kilometre_example_ko.mp3,입문,1
kind,친절한,,그 선생님은 정말 친절해요.,That teacher is really kind.,kind.png,kind_word_en.mp3,kind_meaning_ko.mp3,kind_example_en.mp3,kind_example_ko.mp3,입문,1
kitchen,부엌,,엄마가 부엌에서 요리하고 있어요.,Mom is cooking in the kitchen.,kitchen.png,kitchen_word_en.mp3,kitchen_meaning_ko.mp3,kitchen_example_en.mp3,kitchen_example_ko.mp3,입문,1
know,알다,,저는 그 사람의 이름을 알아요.,I know that person's name.,know.png,know_word_en.mp3,know_meaning_ko.mp3,know_example_en.mp3,know_example_ko.mp3,입문,1
land,땅,,비가 온 뒤 땅이 젖었어요.,The land was wet after it rained.,land.png,land_word_en.mp3,land_meaning_ko.mp3,land_example_en.mp3,land_example_ko.mp3,입문,1
language,언어,,한국어는 아름다운 언어예요.,Korean is a beautiful language.,language.png,language_word_en.mp3,language_meaning_ko.mp3,language_example_en.mp3,language_example_ko.mp3,여행,2
large,큰,,그들은 큰 집에 살아요.,They live in a large house.,large.png,large_word_en.mp3,large_meaning_ko.mp3,large_example_en.mp3,large_example_ko.mp3,입문,1
last,마지막의,,오늘은 여행의 마지막 날이에요.,Today is the last day of the trip.,last.png,last_word_en.mp3,last_meaning_ko.mp3,last_example_en.mp3,last_example_ko.mp3,입문,1
late,늦은,,늦은 시간에 전화하지 마세요.,Please do not call at a late hour.,late.png,late_word_en.mp3,late_meaning_ko.mp3,late_example_en.mp3,late_example_ko.mp3,입문,1
later,나중에,,나중에 다시 이야기해요.,Let's talk again later.,later.png,later_word_en.mp3,later_meaning_ko.mp3,later_example_en.mp3,later_example_ko.mp3,입문,1
laugh,웃다,,친구의 농담을 듣고 웃었어요.,I laughed after hearing my friend's joke.,laugh.png,laugh_word_en.mp3,laugh_meaning_ko.mp3,laugh_example_en.mp3,laugh_example_ko.mp3,입문,1
learn,배우다,,저는 한국어를 배우고 있어요.,I am learning Korean.,learn.png,learn_word_en.mp3,learn_meaning_ko.mp3,learn_example_en.mp3,learn_example_ko.mp3,입문,1
leave,떠나다,,그는 내일 서울을 떠나요.,He leaves Seoul tomorrow.,leave.png,leave_word_en.mp3,leave_meaning_ko.mp3,leave_example_en.mp3,leave_example_ko.mp3,여행,2
left,왼쪽,,은행은 왼쪽에 있어요.,The bank is on the left.,left.png,left_word_en.mp3,left_meaning_ko.mp3,left_example_en.mp3,left_example_ko.mp3,입문,1
leg,다리,,축구를 해서 다리가 아파요.,My leg hurts because I played soccer.,leg.png,leg_word_en.mp3,leg_meaning_ko.mp3,leg_example_en.mp3,leg_example_ko.mp3,입문,1
lesson,수업,,오늘 한국어 수업이 있어요.,I have a Korean lesson today.,lesson.png,lesson_word_en.mp3,lesson_meaning_ko.mp3,lesson_example_en.mp3,lesson_example_ko.mp3,입문,1
let,허락하다,,엄마가 내가 밖에서 놀도록 허락했어요.,My mom let me play outside.,let.png,let_word_en.mp3,let_meaning_ko.mp3,let_example_en.mp3,let_example_ko.mp3,입문,1
letter,편지,,친구에게 편지를 썼어요.,I wrote a letter to my friend.,letter.png,letter_word_en.mp3,letter_meaning_ko.mp3,letter_example_en.mp3,letter_example_ko.mp3,입문,1
library,도서관,,저는 도서관에서 책을 읽어요.,I read books at the library.,library.png,library_word_en.mp3,library_meaning_ko.mp3,library_example_en.mp3,library_example_ko.mp3,입문,1
lie,거짓말,,그는 거짓말을 하지 않았어요.,He did not tell a lie.,lie.png,lie_word_en.mp3,lie_meaning_ko.mp3,lie_example_en.mp3,lie_example_ko.mp3,입문,1
life,인생,,인생에는 좋은 날도 있고 힘든 날도 있어요.,"In life, there are good days and hard days.",life.png,life_word_en.mp3,life_meaning_ko.mp3,life_example_en.mp3,life_example_ko.mp3,입문,1
light,빛,,창문으로 따뜻한 빛이 들어와요.,Warm light comes in through the window.,light.png,light_word_en.mp3,light_meaning_ko.mp3,light_example_en.mp3,light_example_ko.mp3,입문,1
like,좋아하다,,저는 음악을 좋아해요.,I like music.,like.png,like_word_en.mp3,like_meaning_ko.mp3,like_example_en.mp3,like_example_ko.mp3,입문,1
line,선,,종이에 선을 그렸어요.,I drew a line on the paper.,line.png,line_word_en.mp3,line_meaning_ko.mp3,line_example_en.mp3,line_example_ko.mp3,입문,1
lion,사자,,동물원에서 사자를 봤어요.,I saw a lion at the zoo.,lion.png,lion_word_en.mp3,lion_meaning_ko.mp3,lion_example_en.mp3,lion_example_ko.mp3,입문,1
list,목록,,장을 보기 전에 목록을 만들었어요.,I made a list before grocery shopping.,list.png,list_word_en.mp3,list_meaning_ko.mp3,list_example_en.mp3,list_example_ko.mp3,쇼핑,2
listen,듣다,,저는 매일 한국어 노래를 들어요.,I listen to Korean songs every day.,listen.png,listen_word_en.mp3,listen_meaning_ko.mp3,listen_example_en.mp3,listen_example_ko.mp3,입문,1
little,작은,,작은 고양이가 의자 밑에 있어요.,A little cat is under the chair.,little.png,little_word_en.mp3,little_meaning_ko.mp3,little_example_en.mp3,little_example_ko.mp3,입문,1
live,살다,,저는 서울에 살아요.,I live in Seoul.,live.png,live_word_en.mp3,live_meaning_ko.mp3,live_example_en.mp3,live_example_ko.mp3,입문,1
local,지역의,,지역의 축제가 이번 주말에 열려요.,The local festival is held this weekend.,local.png,local_word_en.mp3,local_meaning_ko.mp3,local_example_en.mp3,local_example_ko.mp3,여행,2
long,긴,,그녀는 긴 머리를 가지고 있어요.,She has long hair.,long.png,long_word_en.mp3,long_meaning_ko.mp3,long_example_en.mp3,long_example_ko.mp3,입문,1
look,보다,,저기 있는 그림을 보세요.,Look at the picture over there.,look.png,look_word_en.mp3,look_meaning_ko.mp3,look_example_en.mp3,look_example_ko.mp3,입문,1
lose,잃다,,저는 지갑을 잃었어요.,I lost my wallet.,lose.png,lose_word_en.mp3,lose_meaning_ko.mp3,lose_example_en.mp3,lose_example_ko.mp3,입문,1
lot,많음,,오늘은 할 일이 많아요.,I have a lot to do today.,lot.png,lot_word_en.mp3,lot_meaning_ko.mp3,lot_example_en.mp3,lot_example_ko.mp3,입문,1
love,사랑,,가족의 사랑은 소중해요.,Family love is precious.,love.png,love_word_en.mp3,love_meaning_ko.mp3,love_example_en.mp3,love_example_ko.mp3,입문,1
lunch,점심,,우리는 학교에서 점심을 먹었어요.,We ate lunch at school.,lunch.png,lunch_word_en.mp3,lunch_meaning_ko.mp3,lunch_example_en.mp3,lunch_example_ko.mp3,입문,1
machine,기계,,이 기계는 커피를 만들어요.,This machine makes coffee.,machine.png,machine_word_en.mp3,machine_meaning_ko.mp3,machine_example_en.mp3,machine_example_ko.mp3,입문,1
magazine,잡지,,그녀는 카페에서 잡지를 읽고 있어요.,She is reading a magazine at the cafe.,magazine.png,magazine_word_en.mp3,magazine_meaning_ko.mp3,magazine_example_en.mp3,magazine_example_ko.mp3,입문,1
main,주요한,,이것이 오늘 회의의 주요한 주제예요.,This is the main topic of today's meeting.,main.png,main_word_en.mp3,main_meaning_ko.mp3,main_example_en.mp3,main_example_ko.mp3,입문,1
make,만들다,,저는 아침에 샌드위치를 만들었어요.,I made a sandwich in the morning.,make.png,make_word_en.mp3,make_meaning_ko.mp3,make_example_en.mp3,make_example_ko.mp3,입문,1
man,남자,,한 남자가 버스를 기다리고 있어요.,A man is waiting for the bus.,man.png,man_word_en.mp3,man_meaning_ko.mp3,man_example_en.mp3,man_example_ko.mp3,입문,1
many,많은,,공원에 많은 사람들이 있어요.,There are many people in the park.,many.png,many_word_en.mp3,many_meaning_ko.mp3,many_example_en.mp3,many_example_ko.mp3,입문,1
map,지도,,여행 전에 지도를 확인했어요.,I checked the map before the trip.,map.png,map_word_en.mp3,map_meaning_ko.mp3,map_example_en.mp3,map_example_ko.mp3,여행,2
March,3월,,새 학기는 3월에 시작해요.,The new semester starts in March.,March.png,March_word_en.mp3,March_meaning_ko.mp3,March_example_en.mp3,March_example_ko.mp3,입문,1
market,시장,,엄마와 시장에 갔어요.,I went to the market with my mom.,market.png,market_word_en.mp3,market_meaning_ko.mp3,market_example_en.mp3,market_example_ko.mp3,비즈니스,3
married,결혼한,,그는 결혼한 사람이에요.,He is a married person.,married.png,married_word_en.mp3,married_meaning_ko.mp3,married_example_en.mp3,married_example_ko.mp3,입문,1
match,시합,,오늘 저녁에 축구 시합이 있어요.,There is a soccer match this evening.,match.png,match_word_en.mp3,match_meaning_ko.mp3,match_example_en.mp3,match_example_ko.mp3,입문,1
May,5월,,5월에는 날씨가 따뜻해요.,The weather is warm in May.,,May_word_en.mp3,May_meaning_ko.mp3,May_example_en.mp3,May_example_ko.mp3,입문,1
maybe,아마도,,아마도 내일 비가 올 거예요.,Maybe it will rain tomorrow.,maybe.png,maybe_word_en.mp3,maybe_meaning_ko.mp3,maybe_example_en.mp3,maybe_example_ko.mp3,입문,1
me,나를,,선생님이 나를 불렀어요.,The teacher called me.,,me_word_en.mp3,me_meaning_ko.mp3,me_example_en.mp3,me_example_ko.mp3,입문,1
meal,식사,,우리는 함께 식사를 했어요.,We had a meal together.,meal.png,meal_word_en.mp3,meal_meaning_ko.mp3,meal_example_en.mp3,meal_example_ko.mp3,입문,1
mean,의미하다,,이 단어는 무엇을 의미해요?,What does this word mean?,mean.png,mean_word_en.mp3,mean_meaning_ko.mp3,mean_example_en.mp3,mean_example_ko.mp3,입문,1
meaning,의미,,이 문장의 의미를 이해했어요.,I understood the meaning of this sentence.,meaning.png,meaning_word_en.mp3,meaning_meaning_ko.mp3,meaning_example_en.mp3,meaning_example_ko.mp3,입문,1
meat,고기,,저는 저녁으로 고기를 먹었어요.,I ate meat for dinner.,meat.png,meat_word_en.mp3,meat_meaning_ko.mp3,meat_example_en.mp3,meat_example_ko.mp3,입문,1
meet,만나다,,내일 친구를 만나요.,I will meet my friend tomorrow.,meet.png,meet_word_en.mp3,meet_meaning_ko.mp3,meet_example_en.mp3,meet_example_ko.mp3,입문,1
meeting,회의,,오후 두 시에 회의가 있어요.,There is a meeting at two in the afternoon.,meeting.png,meeting_word_en.mp3,meeting_meaning_ko.mp3,meeting_example_en.mp3,meeting_example_ko.mp3,비즈니스,3
member,회원,,저는 그 동아리의 회원이에요.,I am a member of that club.,member.png,member_word_en.mp3,member_meaning_ko.mp3,member_example_en.mp3,member_example_ko.mp3,입문,1
menu,메뉴,,식당에서 메뉴를 봤어요.,I looked at the menu at the restaurant.,menu.png,menu_word_en.mp3,menu_meaning_ko.mp3,menu_example_en.mp3,menu_example_ko.mp3,입문,1
message,메시지,,친구에게 메시지를 보냈어요.,I sent a message to my friend.,message.png,message_word_en.mp3,message_meaning_ko.mp3,message_example_en.mp3,message_example_ko.mp3,입문,1
metre,미터,,이 줄은 2미터예요.,This rope is two meters long.,metre.png,metre_word_en.mp3,metre_meaning_ko.mp3,metre_example_en.mp3,metre_example_ko.mp3,입문,1
midnight,자정,,그는 자정에 집에 돌아왔어요.,He came home at midnight.,midnight.png,midnight_word_en.mp3,midnight_meaning_ko.mp3,midnight_example_en.mp3,midnight_example_ko.mp3,입문,1
mile,마일,,우리는 한 마일을 걸었어요.,We walked one mile.,mile.png,mile_word_en.mp3,mile_meaning_ko.mp3,mile_example_en.mp3,mile_example_ko.mp3,입문,1
milk,우유,,아침마다 우유를 마셔요.,I drink milk every morning.,milk.png,milk_word_en.mp3,milk_meaning_ko.mp3,milk_example_en.mp3,milk_example_ko.mp3,입문,1
million,백만,,그 도시는 백만 명이 넘는 사람이 살아요.,More than one million people live in that city.,million.png,million_word_en.mp3,million_meaning_ko.mp3,million_example_en.mp3,million_example_ko.mp3,입문,1
minute,분,,"잠시만요, 5분만 기다려 주세요.","Just a moment, please wait five minutes.",minute.png,minute_word_en.mp3,minute_meaning_ko.mp3,minute_example_en.mp3,minute_example_ko.mp3,입문,1
miss,놓치다,,늦게 일어나서 버스를 놓쳤어요.,I woke up late and missed the bus.,miss.png,miss_word_en.mp3,miss_meaning_ko.mp3,miss_example_en.mp3,miss_example_ko.mp3,입문,1
mistake,실수,,시험에서 작은 실수를 했어요.,I made a small mistake on the test.,mistake.png,mistake_word_en.mp3,mistake_meaning_ko.mp3,mistake_example_en.mp3,mistake_example_ko.mp3,입문,1
model,모델,,그녀는 유명한 모델이에요.,She is a famous model.,model.png,model_word_en.mp3,model_meaning_ko.mp3,model_example_en.mp3,model_example_ko.mp3,쇼핑,2
modern,현대의,,이 건물은 현대의 디자인을 가지고 있어요.,This building has a modern design.,modern.png,modern_word_en.mp3,modern_meaning_ko.mp3,modern_example_en.mp3,modern_example_ko.mp3,입문,1
moment,순간,,그 순간을 잊을 수 없어요.,I cannot forget that moment.,moment.png,moment_word_en.mp3,moment_meaning_ko.mp3,moment_example_en.mp3,moment_example_ko.mp3,입문,1
Monday,월요일,,월요일에 학교에 가요.,I go to school on Monday.,Monday.png,Monday_word_en.mp3,Monday_meaning_ko.mp3,Monday_example_en.mp3,Monday_example_ko.mp3,입문,1
money,돈,,저는 돈을 조금 모았어요.,I saved a little money.,money.png,money_word_en.mp3,money_meaning_ko.mp3,money_example_en.mp3,money_example_ko.mp3,입문,1
month,달,,이번 달에는 여행을 갈 거예요.,I will go on a trip this month.,month.png,month_word_en.mp3,month_meaning_ko.mp3,month_example_en.mp3,month_example_ko.mp3,입문,1
more,더 많은,,저는 더 많은 시간이 필요해요.,I need more time.,,more_word_en.mp3,more_meaning_ko.mp3,more_example_en.mp3,more_example_ko.mp3,입문,1
morning,아침,,아침에 우유를 마셔요.,I drink milk in the morning.,morning.png,morning_word_en.mp3,morning_meaning_ko.mp3,morning_example_en.mp3,morning_example_ko.mp3,입문,1
most,가장,,이 꽃이 가장 예뻐요.,This flower is the most beautiful.,,most_word_en.mp3,most_meaning_ko.mp3,most_example_en.mp3,most_example_ko.mp3,입문,1
mother,어머니,,어머니는 저녁을 준비하세요.,My mother prepares dinner.,mother.png,mother_word_en.mp3,mother_meaning_ko.mp3,mother_example_en.mp3,mother_example_ko.mp3,입문,1
mountain,산,,주말에 산에 갔어요.,I went to the mountain on the weekend.,mountain.png,mountain_word_en.mp3,mountain_meaning_ko.mp3,mountain_example_en.mp3,mountain_example_ko.mp3,여행,2
mouse,쥐,,부엌에서 작은 쥐를 봤어요.,I saw a small mouse in the kitchen.,mouse.png,mouse_word_en.mp3,mouse_meaning_ko.mp3,mouse_example_en.mp3,mouse_example_ko.mp3,입문,1
mouth,입,,입을 크게 벌리세요.,Open your mouth wide.,mouth.png,mouth_word_en.mp3,mouth_meaning_ko.mp3,mouth_example_en.mp3,mouth_example_ko.mp3,입문,1
move,움직이다,,의자가 움직이지 않아요.,The chair does not move.,move.png,move_word_en.mp3,move_meaning_ko.mp3,move_example_en.mp3,move_example_ko.mp3,입문,1
movie,영화,,오늘 친구와 영화를 봐요.,I am watching a movie with my friend today.,movie.png,movie_word_en.mp3,movie_meaning_ko.mp3,movie_example_en.mp3,movie_example_ko.mp3,입문,1
much,많은,,그는 많은 물을 마셔요.,He drinks a lot of water.,much.png,much_word_en.mp3,much_meaning_ko.mp3,much_example_en.mp3,much_example_ko.mp3,입문,1
mum,엄마,,엄마가 저를 학교에 데려다 주세요.,My mum takes me to school.,mum.png,mum_word_en.mp3,mum_meaning_ko.mp3,mum_example_en.mp3,mum_example_ko.mp3,입문,1
museum,박물관,,우리는 박물관에서 그림을 봤어요.,We saw paintings at the museum.,museum.png,museum_word_en.mp3,museum_meaning_ko.mp3,museum_example_en.mp3,museum_example_ko.mp3,여행,2
music,음악,,저는 조용한 음악을 좋아해요.,I like quiet music.,music.png,music_word_en.mp3,music_meaning_ko.mp3,music_example_en.mp3,music_example_ko.mp3,입문,1
must,~해야 한다,,너는 숙제를 해야 한다.,You must do your homework.,,must_word_en.mp3,must_meaning_ko.mp3,must_example_en.mp3,must_example_ko.mp3,입문,1
my,나의,,이것은 나의 가방이에요.,This is my bag.,,my_word_en.mp3,my_meaning_ko.mp3,my_example_en.mp3,my_example_ko.mp3,입문,1
name,이름,,제 이름은 지민이에요.,My name is Jimin.,name.png,name_word_en.mp3,name_meaning_ko.mp3,name_example_en.mp3,name_example_ko.mp3,입문,1
natural,자연의,,자연의 소리는 마음을 편하게 해요.,The sounds of nature make the mind comfortable.,natural.png,natural_word_en.mp3,natural_meaning_ko.mp3,natural_example_en.mp3,natural_example_ko.mp3,입문,1
near,가까운,,저는 학교에서 가까운 집에 살아요.,I live in a house near the school.,near.png,near_word_en.mp3,near_meaning_ko.mp3,near_example_en.mp3,near_example_ko.mp3,입문,1
need,필요로 하다,,저는 새 연필을 필요로 해요.,I need a new pencil.,need.png,need_word_en.mp3,need_meaning_ko.mp3,need_example_en.mp3,need_example_ko.mp3,입문,1
negative,부정적인,,그는 항상 부정적인 말을 해요.,He always says negative things.,negative.png,negative_word_en.mp3,negative_meaning_ko.mp3,negative_example_en.mp3,negative_example_ko.mp3,입문,1
neighbour,이웃,,우리 이웃은 매우 친절해요.,Our neighbour is very kind.,neighbour.png,neighbour_word_en.mp3,neighbour_meaning_ko.mp3,neighbour_example_en.mp3,neighbour_example_ko.mp3,입문,1
never,결코 ~않다,,저는 결코 거짓말을 하지 않아요.,I never lie.,never.png,never_word_en.mp3,never_meaning_ko.mp3,never_example_en.mp3,never_example_ko.mp3,입문,1
new,새로운,,저는 새로운 신발을 샀어요.,I bought new shoes.,new.png,new_word_en.mp3,new_meaning_ko.mp3,new_example_en.mp3,new_example_ko.mp3,입문,1
news,소식,,좋은 소식을 들었어요.,I heard good news.,news.png,news_word_en.mp3,news_meaning_ko.mp3,news_example_en.mp3,news_example_ko.mp3,입문,1
newspaper,신문,,아버지는 아침에 신문을 읽으세요.,My father reads the newspaper in the morning.,newspaper.png,newspaper_word_en.mp3,newspaper_meaning_ko.mp3,newspaper_example_en.mp3,newspaper_example_ko.mp3,입문,1
next,다음의,,다음 기차는 3시에 와요.,The next train comes at three o'clock.,next.png,next_word_en.mp3,next_meaning_ko.mp3,next_example_en.mp3,next_example_ko.mp3,입문,1
next to,~ 옆에,,고양이가 의자 옆에 있어요.,The cat is next to the chair.,next_to.png,next_to_word_en.mp3,next_to_meaning_ko.mp3,next_to_example_en.mp3,next_to_example_ko.mp3,입문,1
nice,좋은,,오늘 날씨가 정말 좋아요.,The weather is really nice today.,nice.png,nice_word_en.mp3,nice_meaning_ko.mp3,nice_example_en.mp3,nice_example_ko.mp3,입문,1
night,밤,,밤에 별이 보여요.,Stars are visible at night.,night.png,night_word_en.mp3,night_meaning_ko.mp3,night_example_en.mp3,night_example_ko.mp3,입문,1
nine,아홉,,책상 위에 사과가 아홉 개 있어요.,There are nine apples on the desk.,nine.png,nine_word_en.mp3,nine_meaning_ko.mp3,nine_example_en.mp3,nine_example_ko.mp3,입문,1
nineteen,열아홉,,제 동생은 열아홉 살이에요.,My younger sibling is nineteen years old.,nineteen.png,nineteen_word_en.mp3,nineteen_meaning_ko.mp3,nineteen_example_en.mp3,nineteen_example_ko.mp3,입문,1
ninety,구십,,할머니는 구십 살이세요.,My grandmother is ninety years old.,ninety.png,ninety_word_en.mp3,ninety_meaning_ko.mp3,ninety_example_en.mp3,ninety_example_ko.mp3,입문,1
no one,아무도,,교실에 아무도 없어요.,There is no one in the classroom.,no_one.png,no_one_word_en.mp3,no_one_meaning_ko.mp3,no_one_example_en.mp3,no_one_example_ko.mp3,입문,1
nobody,아무도,,아무도 대답하지 않았어요.,Nobody answered.,nobody.png,nobody_word_en.mp3,nobody_meaning_ko.mp3,nobody_example_en.mp3,nobody_example_ko.mp3,입문,1
north,북쪽,,서울은 부산의 북쪽에 있어요.,Seoul is north of Busan.,north.png,north_word_en.mp3,north_meaning_ko.mp3,north_example_en.mp3,north_example_ko.mp3,입문,1
nose,코,,감기에 걸려서 코가 막혔어요.,My nose is blocked because I caught a cold.,nose.png,nose_word_en.mp3,nose_meaning_ko.mp3,nose_example_en.mp3,nose_example_ko.mp3,입문,1
not,~않다,,저는 커피를 마시지 않아요.,I do not drink coffee.,,not_word_en.mp3,not_meaning_ko.mp3,not_example_en.mp3,not_example_ko.mp3,입문,1
note,메모,,책상 위에 메모를 남겼어요.,I left a note on the desk.,note.png,note_word_en.mp3,note_meaning_ko.mp3,note_example_en.mp3,note_example_ko.mp3,입문,1
nothing,아무것도,,상자 안에는 아무것도 없어요.,There is nothing in the box.,nothing.png,nothing_word_en.mp3,nothing_meaning_ko.mp3,nothing_example_en.mp3,nothing_example_ko.mp3,입문,1
November,11월,,11월에는 날씨가 추워져요.,"In November, the weather gets cold.",November.png,November_word_en.mp3,November_meaning_ko.mp3,November_example_en.mp3,November_example_ko.mp3,입문,1
now,지금,,저는 지금 공부하고 있어요.,I am studying now.,now.png,now_word_en.mp3,now_meaning_ko.mp3,now_example_en.mp3,now_example_ko.mp3,입문,1
number,숫자,,이 숫자는 7이에요.,This number is seven.,number.png,number_word_en.mp3,number_meaning_ko.mp3,number_example_en.mp3,number_example_ko.mp3,입문,1
nurse,간호사,,간호사가 환자를 도와줘요.,The nurse helps the patient.,nurse.png,nurse_word_en.mp3,nurse_meaning_ko.mp3,nurse_example_en.mp3,nurse_example_ko.mp3,위기탈출,3
o'clock,시,,수업은 9시에 시작해요.,The class starts at nine o'clock.,o'clock.png,o_clock_word_en.mp3,o_clock_meaning_ko.mp3,o_clock_example_en.mp3,o_clock_example_ko.mp3,입문,1
object,물체,,하늘에서 이상한 물체가 보였어요.,I saw a strange object in the sky.,object.png,object_word_en.mp3,object_meaning_ko.mp3,object_example_en.mp3,object_example_ko.mp3,입문,1
October,10월,,10월에는 단풍이 예뻐요.,"In October, the autumn leaves are beautiful.",October.png,October_word_en.mp3,October_meaning_ko.mp3,October_example_en.mp3,October_example_ko.mp3,입문,1
of,~의,,이것은 민수의 책이에요.,This is Minsu's book.,,of_word_en.mp3,of_meaning_ko.mp3,of_example_en.mp3,of_example_ko.mp3,입문,1
off,꺼진,,불이 꺼진 방은 어두워요.,A room with the light off is dark.,off.png,off_word_en.mp3,off_meaning_ko.mp3,off_example_en.mp3,off_example_ko.mp3,입문,1
office,사무실,,아버지는 사무실에서 일하세요.,My father works in an office.,office.png,office_word_en.mp3,office_meaning_ko.mp3,office_example_en.mp3,office_example_ko.mp3,비즈니스,3
often,자주,,저는 자주 도서관에 가요.,I often go to the library.,often.png,often_word_en.mp3,often_meaning_ko.mp3,often_example_en.mp3,often_example_ko.mp3,입문,1
oh,아,,"아, 지갑을 집에 두고 왔어요.","Oh, I left my wallet at home.",,oh_word_en.mp3,oh_meaning_ko.mp3,oh_example_en.mp3,oh_example_ko.mp3,입문,1
OK,괜찮은,,이 물은 마셔도 괜찮아요.,This water is OK to drink.,OK.png,OK_word_en.mp3,OK_meaning_ko.mp3,OK_example_en.mp3,OK_example_ko.mp3,입문,1
old,오래된,,이것은 오래된 사진이에요.,This is an old photo.,old.png,old_word_en.mp3,old_meaning_ko.mp3,old_example_en.mp3,old_example_ko.mp3,입문,1
on,~ 위에,,책이 책상 위에 있어요.,The book is on the desk.,,on_word_en.mp3,on_meaning_ko.mp3,on_example_en.mp3,on_example_ko.mp3,입문,1
once,한 번,,저는 그 영화를 한 번 봤어요.,I watched that movie once.,once.png,once_word_en.mp3,once_meaning_ko.mp3,once_example_en.mp3,once_example_ko.mp3,입문,1
one,하나,,저는 사과 하나를 먹었어요.,I ate one apple.,one.png,one_word_en.mp3,one_meaning_ko.mp3,one_example_en.mp3,one_example_ko.mp3,입문,1
onion,양파,,엄마가 양파를 썰고 있어요.,Mum is cutting an onion.,onion.png,onion_word_en.mp3,onion_meaning_ko.mp3,onion_example_en.mp3,onion_example_ko.mp3,입문,1
online,온라인의,,온라인 수업은 집에서 들을 수 있어요.,You can take an online class at home.,online.png,online_word_en.mp3,online_meaning_ko.mp3,online_example_en.mp3,online_example_ko.mp3,쇼핑,2
only,오직,,저는 오직 물만 마셔요.,I only drink water.,only.png,only_word_en.mp3,only_meaning_ko.mp3,only_example_en.mp3,only_example_ko.mp3,입문,1
open,열다,,문을 천천히 열어요.,Open the door slowly.,open.png,open_word_en.mp3,open_meaning_ko.mp3,open_example_en.mp3,open_example_ko.mp3,입문,1
opinion,의견,,제 의견은 조금 다릅니다.,My opinion is a little different.,opinion.png,opinion_word_en.mp3,opinion_meaning_ko.mp3,opinion_example_en.mp3,opinion_example_ko.mp3,입문,1
opposite,반대쪽,,은행은 길 반대쪽에 있습니다.,The bank is on the opposite side of the street.,opposite.png,opposite_word_en.mp3,opposite_meaning_ko.mp3,opposite_example_en.mp3,opposite_example_ko.mp3,입문,1
or,또는,,커피 또는 차를 마실 수 있어요.,You can drink coffee or tea.,,or_word_en.mp3,or_meaning_ko.mp3,or_example_en.mp3,or_example_ko.mp3,입문,1
orange,오렌지,,저는 아침에 오렌지를 먹었어요.,I ate an orange in the morning.,orange.png,orange_word_en.mp3,orange_meaning_ko.mp3,orange_example_en.mp3,orange_example_ko.mp3,입문,1
order,주문하다,,식당에서 김치찌개를 주문했어요.,I ordered kimchi stew at the restaurant.,order.png,order_word_en.mp3,order_meaning_ko.mp3,order_example_en.mp3,order_example_ko.mp3,쇼핑,2
other,다른,,다른 색도 있나요?,Do you have other colors?,,other_word_en.mp3,other_meaning_ko.mp3,other_example_en.mp3,other_example_ko.mp3,입문,1
our,우리의,,이곳은 우리의 교실입니다.,This is our classroom.,,our_word_en.mp3,our_meaning_ko.mp3,our_example_en.mp3,our_example_ko.mp3,입문,1
out,밖으로,,아이가 방 밖으로 나갔어요.,The child went out of the room.,out.png,out_word_en.mp3,out_meaning_ko.mp3,out_example_en.mp3,out_example_ko.mp3,입문,1
outside,밖에,,친구가 밖에 있어요.,My friend is outside.,outside.png,outside_word_en.mp3,outside_meaning_ko.mp3,outside_example_en.mp3,outside_example_ko.mp3,입문,1
over,~ 위에,,고양이가 책상 위에 있어요.,The cat is on the desk.,over.png,over_word_en.mp3,over_meaning_ko.mp3,over_example_en.mp3,over_example_ko.mp3,입문,1
own,소유하다,,그는 작은 가게를 소유하고 있어요.,He owns a small store.,own.png,own_word_en.mp3,own_meaning_ko.mp3,own_example_en.mp3,own_example_ko.mp3,입문,1
page,쪽,,책 10쪽을 펴세요.,Please open to page 10 of the book.,page.png,page_word_en.mp3,page_meaning_ko.mp3,page_example_en.mp3,page_example_ko.mp3,입문,1
paint,페인트칠하다,,아버지가 벽을 하얗게 페인트칠했어요.,My father painted the wall white.,paint.png,paint_word_en.mp3,paint_meaning_ko.mp3,paint_example_en.mp3,paint_example_ko.mp3,입문,1
painting,그림,,벽에 아름다운 그림이 걸려 있어요.,A beautiful painting is hanging on the wall.,painting.png,painting_word_en.mp3,painting_meaning_ko.mp3,painting_example_en.mp3,painting_example_ko.mp3,입문,1
pair,쌍,,저는 양말 한 쌍을 샀어요.,I bought a pair of socks.,pair.png,pair_word_en.mp3,pair_meaning_ko.mp3,pair_example_en.mp3,pair_example_ko.mp3,입문,1
paper,종이,,종이에 이름을 쓰세요.,Please write your name on the paper.,paper.png,paper_word_en.mp3,paper_meaning_ko.mp3,paper_example_en.mp3,paper_example_ko.mp3,입문,1
paragraph,문단,,이 문단을 큰 소리로 읽어 보세요.,Please read this paragraph aloud.,paragraph.png,paragraph_word_en.mp3,paragraph_meaning_ko.mp3,paragraph_example_en.mp3,paragraph_example_ko.mp3,입문,1
parent,부모,,부모는 아이를 사랑합니다.,Parents love their children.,parent.png,parent_word_en.mp3,parent_meaning_ko.mp3,parent_example_en.mp3,parent_example_ko.mp3,입문,1
park,공원,,우리는 주말에 공원에 갔어요.,We went to the park on the weekend.,park.png,park_word_en.mp3,park_meaning_ko.mp3,park_example_en.mp3,park_example_ko.mp3,입문,1
part,부분,,이 부분이 가장 중요해요.,This part is the most important.,part.png,part_word_en.mp3,part_meaning_ko.mp3,part_example_en.mp3,part_example_ko.mp3,입문,1
partner,파트너,,저는 수업에서 새 파트너를 만났어요.,I met a new partner in class.,partner.png,partner_word_en.mp3,partner_meaning_ko.mp3,partner_example_en.mp3,partner_example_ko.mp3,비즈니스,3
party,파티,,내일 친구 생일 파티에 갈 거예요.,I will go to my friend's birthday party tomorrow.,party.png,party_word_en.mp3,party_meaning_ko.mp3,party_example_en.mp3,party_example_ko.mp3,입문,1
passport,여권,,공항에서 여권을 보여 주세요.,Please show your passport at the airport.,passport.png,passport_word_en.mp3,passport_meaning_ko.mp3,passport_example_en.mp3,passport_example_ko.mp3,여행,2
past,과거,,그는 과거에 의사였어요.,He was a doctor in the past.,past.png,past_word_en.mp3,past_meaning_ko.mp3,past_example_en.mp3,past_example_ko.mp3,입문,1
pay,지불하다,,제가 점심값을 지불할게요.,I will pay for lunch.,pay.png,pay_word_en.mp3,pay_meaning_ko.mp3,pay_example_en.mp3,pay_example_ko.mp3,입문,1
pen,펜,,펜으로 이름을 쓰세요.,Please write your name with a pen.,pen.png,pen_word_en.mp3,pen_meaning_ko.mp3,pen_example_en.mp3,pen_example_ko.mp3,입문,1
pencil,연필,,연필로 그림을 그렸어요.,I drew a picture with a pencil.,pencil.png,pencil_word_en.mp3,pencil_meaning_ko.mp3,pencil_example_en.mp3,pencil_example_ko.mp3,입문,1
people,사람들,,공원에 사람들이 많아요.,There are many people in the park.,people.png,people_word_en.mp3,people_meaning_ko.mp3,people_example_en.mp3,people_example_ko.mp3,입문,1
pepper,후추,,수프에 후추를 조금 넣었어요.,I put a little pepper in the soup.,pepper.png,pepper_word_en.mp3,pepper_meaning_ko.mp3,pepper_example_en.mp3,pepper_example_ko.mp3,입문,1
perfect,완벽한,,그의 대답은 완벽했어요.,His answer was perfect.,perfect.png,perfect_word_en.mp3,perfect_meaning_ko.mp3,perfect_example_en.mp3,perfect_example_ko.mp3,입문,1
period,기간,,이 기간 동안 많이 배웠어요.,I learned a lot during this period.,period.png,period_word_en.mp3,period_meaning_ko.mp3,period_example_en.mp3,period_example_ko.mp3,입문,1
person,사람,,그 사람은 매우 친절해요.,That person is very kind.,person.png,person_word_en.mp3,person_meaning_ko.mp3,person_example_en.mp3,person_example_ko.mp3,입문,1
personal,개인적인,,이것은 개인적인 질문입니다.,This is a personal question.,personal.png,personal_word_en.mp3,personal_meaning_ko.mp3,personal_example_en.mp3,personal_example_ko.mp3,입문,1
phone,전화,,전화가 울리고 있어요.,The phone is ringing.,phone.png,phone_word_en.mp3,phone_meaning_ko.mp3,phone_example_en.mp3,phone_example_ko.mp3,입문,1
photo,사진,,저는 가족 사진을 찍었어요.,I took a family photo.,photo.png,photo_word_en.mp3,photo_meaning_ko.mp3,photo_example_en.mp3,photo_example_ko.mp3,여행,2
photograph,사진,,그 사진은 정말 선명해요.,That photograph is very clear.,photograph.png,photograph_word_en.mp3,photograph_meaning_ko.mp3,photograph_example_en.mp3,photograph_example_ko.mp3,여행,2
phrase,구,,이 구의 뜻을 설명해 주세요.,Please explain the meaning of this phrase.,phrase.png,phrase_word_en.mp3,phrase_meaning_ko.mp3,phrase_example_en.mp3,phrase_example_ko.mp3,입문,1
piano,피아노,,동생은 피아노를 잘 쳐요.,My younger sibling plays the piano well.,piano.png,piano_word_en.mp3,piano_meaning_ko.mp3,piano_example_en.mp3,piano_example_ko.mp3,입문,1
picture,그림,,아이가 예쁜 그림을 그렸어요.,The child drew a pretty picture.,picture.png,picture_word_en.mp3,picture_meaning_ko.mp3,picture_example_en.mp3,picture_example_ko.mp3,입문,1
piece,조각,,케이크 한 조각을 먹었어요.,I ate a piece of cake.,piece.png,piece_word_en.mp3,piece_meaning_ko.mp3,piece_example_en.mp3,piece_example_ko.mp3,입문,1
pig,돼지,,농장에 돼지가 있어요.,There is a pig on the farm.,pig.png,pig_word_en.mp3,pig_meaning_ko.mp3,pig_example_en.mp3,pig_example_ko.mp3,입문,1
pink,분홍색,,저는 분홍색 꽃을 좋아해요.,I like pink flowers.,pink.png,pink_word_en.mp3,pink_meaning_ko.mp3,pink_example_en.mp3,pink_example_ko.mp3,입문,1
place,장소,,이 장소는 조용하고 좋아요.,This place is quiet and nice.,place.png,place_word_en.mp3,place_meaning_ko.mp3,place_example_en.mp3,place_example_ko.mp3,입문,1
plan,계획,,주말 계획이 있나요?,Do you have plans for the weekend?,plan.png,plan_word_en.mp3,plan_meaning_ko.mp3,plan_example_en.mp3,plan_example_ko.mp3,비즈니스,3
plane,비행기,,비행기가 하늘을 날고 있어요.,The plane is flying in the sky.,plane.png,plane_word_en.mp3,plane_meaning_ko.mp3,plane_example_en.mp3,plane_example_ko.mp3,여행,2
plant,식물,,창가에 작은 식물이 있어요.,There is a small plant by the window.,plant.png,plant_word_en.mp3,plant_meaning_ko.mp3,plant_example_en.mp3,plant_example_ko.mp3,입문,1
play,놀다,,아이들이 운동장에서 놀고 있어요.,The children are playing on the playground.,play.png,play_word_en.mp3,play_meaning_ko.mp3,play_example_en.mp3,play_example_ko.mp3,입문,1
player,선수,,그 선수는 축구를 아주 잘해요.,That player is very good at soccer.,player.png,player_word_en.mp3,player_meaning_ko.mp3,player_example_en.mp3,player_example_ko.mp3,입문,1
please,부디,,부디 제 말을 들어 주세요.,Please listen to me.,please.png,please_word_en.mp3,please_meaning_ko.mp3,please_example_en.mp3,please_example_ko.mp3,입문,1
point,요점,,선생님은 중요한 요점을 설명했어요.,The teacher explained the important point.,point.png,point_word_en.mp3,point_meaning_ko.mp3,point_example_en.mp3,point_example_ko.mp3,입문,1
police,경찰,,경찰이 사고 현장에 왔어요.,The police came to the accident scene.,police.png,police_word_en.mp3,police_meaning_ko.mp3,police_example_en.mp3,police_example_ko.mp3,위기탈출,3
policeman,경찰관,,경찰관이 길을 안내해 주었어요.,The policeman showed me the way.,policeman.png,policeman_word_en.mp3,policeman_meaning_ko.mp3,policeman_example_en.mp3,policeman_example_ko.mp3,입문,1
pool,수영장,,여름에는 수영장에 자주 가요.,I often go to the pool in summer.,pool.png,pool_word_en.mp3,pool_meaning_ko.mp3,pool_example_en.mp3,pool_example_ko.mp3,입문,1
poor,가난한,,그는 가난한 사람들을 도와요.,He helps poor people.,poor.png,poor_word_en.mp3,poor_meaning_ko.mp3,poor_example_en.mp3,poor_example_ko.mp3,입문,1
popular,인기있는,,이 노래는 요즘 인기있는 노래예요.,This song is popular these days.,popular.png,popular_word_en.mp3,popular_meaning_ko.mp3,popular_example_en.mp3,popular_example_ko.mp3,입문,1
positive,긍정적인,,그녀는 항상 긍정적인 생각을 해요.,She always has positive thoughts.,positive.png,positive_word_en.mp3,positive_meaning_ko.mp3,positive_example_en.mp3,positive_example_ko.mp3,입문,1
possible,가능한,,오늘 안에 끝내는 것이 가능한가요?,Is it possible to finish it today?,possible.png,possible_word_en.mp3,possible_meaning_ko.mp3,possible_example_en.mp3,possible_example_ko.mp3,입문,1
post,우편,,우편으로 편지를 보냈어요.,I sent the letter by post.,post.png,post_word_en.mp3,post_meaning_ko.mp3,post_example_en.mp3,post_example_ko.mp3,입문,1
potato,감자,,저녁으로 감자 수프를 만들었어요.,I made potato soup for dinner.,potato.png,potato_word_en.mp3,potato_meaning_ko.mp3,potato_example_en.mp3,potato_example_ko.mp3,입문,1
pound,파운드,,이 사과는 2파운드입니다.,These apples weigh two pounds.,pound.png,pound_word_en.mp3,pound_meaning_ko.mp3,pound_example_en.mp3,pound_example_ko.mp3,입문,1
practice,연습,,매일 피아노 연습을 해요.,I practice the piano every day.,practice.png,practice_word_en.mp3,practice_meaning_ko.mp3,practice_example_en.mp3,practice_example_ko.mp3,입문,1
prefer,선호하다,,저는 커피보다 차를 선호해요.,I prefer tea to coffee.,prefer.png,prefer_word_en.mp3,prefer_meaning_ko.mp3,prefer_example_en.mp3,prefer_example_ko.mp3,입문,1
prepare,준비하다,,엄마는 저녁 식사를 준비해요.,Mom prepares dinner.,prepare.png,prepare_word_en.mp3,prepare_meaning_ko.mp3,prepare_example_en.mp3,prepare_example_ko.mp3,입문,1
present,선물,,친구에게 생일 선물을 줬어요.,I gave my friend a birthday present.,present.png,present_word_en.mp3,present_meaning_ko.mp3,present_example_en.mp3,present_example_ko.mp3,입문,1
pretty,예쁜,,그녀는 예쁜 꽃을 샀어요.,She bought a pretty flower.,pretty.png,pretty_word_en.mp3,pretty_meaning_ko.mp3,pretty_example_en.mp3,pretty_example_ko.mp3,입문,1
price,가격,,이 가방의 가격은 비싸요.,The price of this bag is expensive.,price.png,price_word_en.mp3,price_meaning_ko.mp3,price_example_en.mp3,price_example_ko.mp3,비즈니스,3
probably,아마도,,아마도 내일 비가 올 거예요.,It will probably rain tomorrow.,probably.png,probably_word_en.mp3,probably_meaning_ko.mp3,probably_example_en.mp3,probably_example_ko.mp3,입문,1
problem,문제,,이 문제는 조금 어려워요.,This problem is a little difficult.,problem.png,problem_word_en.mp3,problem_meaning_ko.mp3,problem_example_en.mp3,problem_example_ko.mp3,입문,1
product,제품,,이 제품은 인기가 많아요.,This product is very popular.,product.png,product_word_en.mp3,product_meaning_ko.mp3,product_example_en.mp3,product_example_ko.mp3,비즈니스,3
programme,프로그램,,저는 한국어 공부 프로그램을 봐요.,I watch a Korean study programme.,programme.png,programme_word_en.mp3,programme_meaning_ko.mp3,programme_example_en.mp3,programme_example_ko.mp3,입문,1
project,프로젝트,,우리는 학교 프로젝트를 시작했어요.,We started a school project.,project.png,project_word_en.mp3,project_meaning_ko.mp3,project_example_en.mp3,project_example_ko.mp3,비즈니스,3
purple,보라색,,제 가방은 보라색이에요.,My bag is purple.,purple.png,purple_word_en.mp3,purple_meaning_ko.mp3,purple_example_en.mp3,purple_example_ko.mp3,입문,1
put,놓다,,책을 책상 위에 놓아요.,I put the book on the desk.,put.png,put_word_en.mp3,put_meaning_ko.mp3,put_example_en.mp3,put_example_ko.mp3,입문,1
quarter,4분의 1,,피자의 4분의 1을 먹었어요.,I ate a quarter of the pizza.,quarter.png,quarter_word_en.mp3,quarter_meaning_ko.mp3,quarter_example_en.mp3,quarter_example_ko.mp3,입문,1
question,질문,,선생님께 질문을 했어요.,I asked the teacher a question.,question.png,question_word_en.mp3,question_meaning_ko.mp3,question_example_en.mp3,question_example_ko.mp3,입문,1
quick,빠른,,그는 빠른 차를 좋아해요.,He likes quick cars.,quick.png,quick_word_en.mp3,quick_meaning_ko.mp3,quick_example_en.mp3,quick_example_ko.mp3,입문,1
quickly,빨리,,버스가 와서 빨리 뛰었어요.,"The bus came, so I ran quickly.",quickly.png,quickly_word_en.mp3,quickly_meaning_ko.mp3,quickly_example_en.mp3,quickly_example_ko.mp3,입문,1
quiet,조용한,,도서관은 조용한 곳이에요.,The library is a quiet place.,quiet.png,quiet_word_en.mp3,quiet_meaning_ko.mp3,quiet_example_en.mp3,quiet_example_ko.mp3,입문,1
quite,꽤,,오늘 날씨가 꽤 추워요.,The weather is quite cold today.,quite.png,quite_word_en.mp3,quite_meaning_ko.mp3,quite_example_en.mp3,quite_example_ko.mp3,입문,1
radio,라디오,,아침에 라디오를 들어요.,I listen to the radio in the morning.,radio.png,radio_word_en.mp3,radio_meaning_ko.mp3,radio_example_en.mp3,radio_example_ko.mp3,입문,1
rain,비,,창밖에 비가 와요.,It is raining outside the window.,rain.png,rain_word_en.mp3,rain_meaning_ko.mp3,rain_example_en.mp3,rain_example_ko.mp3,입문,1
read,읽다,,저는 매일 책을 읽어요.,I read a book every day.,read.png,read_word_en.mp3,read_meaning_ko.mp3,read_example_en.mp3,read_example_ko.mp3,입문,1
reader,독자,,그 작가는 많은 독자를 가지고 있어요.,That writer has many readers.,reader.png,reader_word_en.mp3,reader_meaning_ko.mp3,reader_example_en.mp3,reader_example_ko.mp3,입문,1
reading,독서,,독서는 좋은 취미예요.,Reading is a good hobby.,reading.png,reading_word_en.mp3,reading_meaning_ko.mp3,reading_example_en.mp3,reading_example_ko.mp3,입문,1
ready,준비된,,저는 여행 갈 준비가 된 상태예요.,I am ready to go on a trip.,ready.png,ready_word_en.mp3,ready_meaning_ko.mp3,ready_example_en.mp3,ready_example_ko.mp3,입문,1
real,진짜의,,이것은 진짜의 금이에요.,This is real gold.,real.png,real_word_en.mp3,real_meaning_ko.mp3,real_example_en.mp3,real_example_ko.mp3,입문,1
really,정말로,,저는 그 영화를 정말로 좋아해요.,I really like that movie.,really.png,really_word_en.mp3,really_meaning_ko.mp3,really_example_en.mp3,really_example_ko.mp3,입문,1
reason,이유,,늦은 이유를 말해 주세요.,Please tell me the reason you were late.,reason.png,reason_word_en.mp3,reason_meaning_ko.mp3,reason_example_en.mp3,reason_example_ko.mp3,입문,1
red,빨간색,,저는 빨간색 옷을 입었어요.,I wore red clothes.,red.png,red_word_en.mp3,red_meaning_ko.mp3,red_example_en.mp3,red_example_ko.mp3,입문,1
relax,쉬다,,주말에는 집에서 쉬어요.,I relax at home on the weekend.,relax.png,relax_word_en.mp3,relax_meaning_ko.mp3,relax_example_en.mp3,relax_example_ko.mp3,입문,1
remember,기억하다,,저는 그의 이름을 기억해요.,I remember his name.,remember.png,remember_word_en.mp3,remember_meaning_ko.mp3,remember_example_en.mp3,remember_example_ko.mp3,입문,1
repeat,반복하다,,선생님의 말을 반복해 보세요.,Please repeat what the teacher said.,repeat.png,repeat_word_en.mp3,repeat_meaning_ko.mp3,repeat_example_en.mp3,repeat_example_ko.mp3,입문,1
report,보고서,,내일까지 보고서를 써야 해요.,I have to write a report by tomorrow.,report.png,report_word_en.mp3,report_meaning_ko.mp3,report_example_en.mp3,report_example_ko.mp3,비즈니스,3
restaurant,식당,,우리는 식당에서 점심을 먹었어요.,We ate lunch at a restaurant.,restaurant.png,restaurant_word_en.mp3,restaurant_meaning_ko.mp3,restaurant_example_en.mp3,restaurant_example_ko.mp3,여행,2
result,결과,,시험 결과가 나왔어요.,The test result came out.,result.png,result_word_en.mp3,result_meaning_ko.mp3,result_example_en.mp3,result_example_ko.mp3,입문,1
return,돌아오다,,아버지는 밤에 집에 돌아오세요.,My father returns home at night.,return.png,return_word_en.mp3,return_meaning_ko.mp3,return_example_en.mp3,return_example_ko.mp3,여행,2
rice,쌀,,농부가 쌀을 팔아요.,The farmer sells rice.,rice.png,rice_word_en.mp3,rice_meaning_ko.mp3,rice_example_en.mp3,rice_example_ko.mp3,입문,1
rich,부유한,,그는 부유한 가족에서 자랐어요.,He grew up in a rich family.,rich.png,rich_word_en.mp3,rich_meaning_ko.mp3,rich_example_en.mp3,rich_example_ko.mp3,입문,1
ride,타다,,저는 학교에 갈 때 버스를 타요.,I ride the bus when I go to school.,ride.png,ride_word_en.mp3,ride_meaning_ko.mp3,ride_example_en.mp3,ride_example_ko.mp3,여행,2
right,오른쪽,,은행은 오른쪽에 있어요.,The bank is on the right.,right.png,right_word_en.mp3,right_meaning_ko.mp3,right_example_en.mp3,right_example_ko.mp3,입문,1
river,강,,집 근처에 큰 강이 있어요.,There is a big river near my house.,river.png,river_word_en.mp3,river_meaning_ko.mp3,river_example_en.mp3,river_example_ko.mp3,여행,2
road,도로,,이 도로는 항상 차가 많아요.,This road always has many cars.,road.png,road_word_en.mp3,road_meaning_ko.mp3,road_example_en.mp3,road_example_ko.mp3,여행,2
room,방,,제 방은 작지만 깨끗해요.,My room is small but clean.,room.png,room_word_en.mp3,room_meaning_ko.mp3,room_example_en.mp3,room_example_ko.mp3,입문,1
routine,일과,,아침 일과는 운동으로 시작해요.,My morning routine starts with exercise.,routine.png,routine_word_en.mp3,routine_meaning_ko.mp3,routine_example_en.mp3,routine_example_ko.mp3,입문,1
rule,규칙,,학생들은 학교 규칙을 지켜야 해요.,Students must follow the school rules.,rule.png,rule_word_en.mp3,rule_meaning_ko.mp3,rule_example_en.mp3,rule_example_ko.mp3,입문,1
run,달리다,,아이들이 운동장에서 달려요.,The children run on the playground.,run.png,run_word_en.mp3,run_meaning_ko.mp3,run_example_en.mp3,run_example_ko.mp3,입문,1
sad,슬픈,,그는 슬픈 이야기를 들었어요.,He heard a sad story.,sad.png,sad_word_en.mp3,sad_meaning_ko.mp3,sad_example_en.mp3,sad_example_ko.mp3,위기탈출,3
salad,샐러드,,저는 점심에 샐러드를 먹었어요.,I ate a salad for lunch.,salad.png,salad_word_en.mp3,salad_meaning_ko.mp3,salad_example_en.mp3,salad_example_ko.mp3,입문,1
salt,소금,,국에 소금을 조금 넣었어요.,I put a little salt in the soup.,salt.png,salt_word_en.mp3,salt_meaning_ko.mp3,salt_example_en.mp3,salt_example_ko.mp3,입문,1
same,같은,,우리는 같은 신발을 신고 있어요.,We are wearing the same shoes.,same.png,same_word_en.mp3,same_meaning_ko.mp3,same_example_en.mp3,same_example_ko.mp3,입문,1
sandwich,샌드위치,,아침으로 샌드위치를 만들었어요.,I made a sandwich for breakfast.,sandwich.png,sandwich_word_en.mp3,sandwich_meaning_ko.mp3,sandwich_example_en.mp3,sandwich_example_ko.mp3,입문,1
Saturday,토요일,,토요일에 친구를 만나요.,I meet my friend on Saturday.,Saturday.png,Saturday_word_en.mp3,Saturday_meaning_ko.mp3,Saturday_example_en.mp3,Saturday_example_ko.mp3,입문,1
say,말하다,,그는 천천히 말해요.,He speaks slowly.,say.png,say_word_en.mp3,say_meaning_ko.mp3,say_example_en.mp3,say_example_ko.mp3,입문,1
school,학교,,저는 매일 학교에 가요.,I go to school every day.,school.png,school_word_en.mp3,school_meaning_ko.mp3,school_example_en.mp3,school_example_ko.mp3,입문,1
science,과학,,저는 과학 수업을 좋아해요.,I like science class.,science.png,science_word_en.mp3,science_meaning_ko.mp3,science_example_en.mp3,science_example_ko.mp3,입문,1
scientist,과학자,,그녀는 유명한 과학자예요.,She is a famous scientist.,scientist.png,scientist_word_en.mp3,scientist_meaning_ko.mp3,scientist_example_en.mp3,scientist_example_ko.mp3,입문,1
sea,바다,,여름에 바다에 갔어요.,I went to the sea in summer.,sea.png,sea_word_en.mp3,sea_meaning_ko.mp3,sea_example_en.mp3,sea_example_ko.mp3,여행,2
second,초,,"잠깐만요, 10초만 기다려 주세요.","One moment, please wait for 10 seconds.",second.png,second_word_en.mp3,second_meaning_ko.mp3,second_example_en.mp3,second_example_ko.mp3,입문,1
section,부분,,이 책의 첫 부분은 쉬워요.,The first section of this book is easy.,section.png,section_word_en.mp3,section_meaning_ko.mp3,section_example_en.mp3,section_example_ko.mp3,입문,1
see,보다,,저는 창문 밖을 봐요.,I see outside the window.,see.png,see_word_en.mp3,see_meaning_ko.mp3,see_example_en.mp3,see_example_ko.mp3,입문,1
sell,팔다,,이 가게는 과일을 팔아요.,This store sells fruit.,sell.png,sell_word_en.mp3,sell_meaning_ko.mp3,sell_example_en.mp3,sell_example_ko.mp3,비즈니스,3
send,보내다,,저는 친구에게 편지를 보냈어요.,I sent a letter to my friend.,send.png,send_word_en.mp3,send_meaning_ko.mp3,send_example_en.mp3,send_example_ko.mp3,입문,1
sentence,문장,,이 문장은 아주 쉬워요.,This sentence is very easy.,sentence.png,sentence_word_en.mp3,sentence_meaning_ko.mp3,sentence_example_en.mp3,sentence_example_ko.mp3,입문,1
September,9월,,저는 9월에 학교에 가요.,I go to school in September.,September.png,September_word_en.mp3,September_meaning_ko.mp3,September_example_en.mp3,September_example_ko.mp3,입문,1
seven,일곱,,책상 위에 사과가 일곱 개 있어요.,There are seven apples on the desk.,seven.png,seven_word_en.mp3,seven_meaning_ko.mp3,seven_example_en.mp3,seven_example_ko.mp3,입문,1
seventeen,열일곱,,제 동생은 열일곱 살이에요.,My younger sibling is seventeen years old.,seventeen.png,seventeen_word_en.mp3,seventeen_meaning_ko.mp3,seventeen_example_en.mp3,seventeen_example_ko.mp3,입문,1
seventy,칠십,,할머니는 칠십 세예요.,My grandmother is seventy years old.,seventy.png,seventy_word_en.mp3,seventy_meaning_ko.mp3,seventy_example_en.mp3,seventy_example_ko.mp3,입문,1
share,공유하다,,저는 친구와 사진을 공유했어요.,I shared a photo with my friend.,share.png,share_word_en.mp3,share_meaning_ko.mp3,share_example_en.mp3,share_example_ko.mp3,비즈니스,3
she,그녀,,그녀는 한국어를 공부해요.,She studies Korean.,,she_word_en.mp3,she_meaning_ko.mp3,she_example_en.mp3,she_example_ko.mp3,입문,1
sheep,양,,들판에 양이 많이 있어요.,There are many sheep in the field.,sheep.png,sheep_word_en.mp3,sheep_meaning_ko.mp3,sheep_example_en.mp3,sheep_example_ko.mp3,입문,1
shirt,셔츠,,저는 흰색 셔츠를 입었어요.,I wore a white shirt.,shirt.png,shirt_word_en.mp3,shirt_meaning_ko.mp3,shirt_example_en.mp3,shirt_example_ko.mp3,쇼핑,2
shoe,신발,,새 신발이 아주 편해요.,My new shoes are very comfortable.,shoe.png,shoe_word_en.mp3,shoe_meaning_ko.mp3,shoe_example_en.mp3,shoe_example_ko.mp3,쇼핑,2
shop,가게,,집 앞에 작은 가게가 있어요.,There is a small shop in front of my house.,shop.png,shop_word_en.mp3,shop_meaning_ko.mp3,shop_example_en.mp3,shop_example_ko.mp3,쇼핑,2
shopping,쇼핑,,저는 주말에 쇼핑을 해요.,I go shopping on the weekend.,shopping.png,shopping_word_en.mp3,shopping_meaning_ko.mp3,shopping_example_en.mp3,shopping_example_ko.mp3,쇼핑,2
short,짧은,,저는 짧은 치마를 샀어요.,I bought a short skirt.,short.png,short_word_en.mp3,short_meaning_ko.mp3,short_example_en.mp3,short_example_ko.mp3,입문,1
should,해야 하다,,오늘 숙제를 해야 해요.,I should do my homework today.,,should_word_en.mp3,should_meaning_ko.mp3,should_example_en.mp3,should_example_ko.mp3,입문,1
show,보이다,,선생님이 사진을 보여 줬어요.,The teacher showed us a picture.,show.png,show_word_en.mp3,show_meaning_ko.mp3,show_example_en.mp3,show_example_ko.mp3,입문,1
shower,샤워,,저는 아침에 샤워를 해요.,I take a shower in the morning.,shower.png,shower_word_en.mp3,shower_meaning_ko.mp3,shower_example_en.mp3,shower_example_ko.mp3,입문,1
sick,아픈,,아픈 아이가 병원에 갔어요.,The sick child went to the hospital.,sick.png,sick_word_en.mp3,sick_meaning_ko.mp3,sick_example_en.mp3,sick_example_ko.mp3,위기탈출,3
similar,비슷한,,두 가방은 색이 비슷해요.,The two bags have similar colors.,similar.png,similar_word_en.mp3,similar_meaning_ko.mp3,similar_example_en.mp3,similar_example_ko.mp3,입문,1
sing,노래하다,,동생이 방에서 노래해요.,My younger sibling sings in the room.,sing.png,sing_word_en.mp3,sing_meaning_ko.mp3,sing_example_en.mp3,sing_example_ko.mp3,입문,1
singer,가수,,그 가수는 노래를 잘해요.,That singer sings well.,singer.png,singer_word_en.mp3,singer_meaning_ko.mp3,singer_example_en.mp3,singer_example_ko.mp3,입문,1
sister,자매,,저와 언니는 자매예요.,My older sister and I are sisters.,sister.png,sister_word_en.mp3,sister_meaning_ko.mp3,sister_example_en.mp3,sister_example_ko.mp3,입문,1
sit,앉다,,의자에 앉으세요.,Please sit on the chair.,sit.png,sit_word_en.mp3,sit_meaning_ko.mp3,sit_example_en.mp3,sit_example_ko.mp3,입문,1
situation,상황,,지금 상황이 조금 어려워요.,The situation is a little difficult now.,situation.png,situation_word_en.mp3,situation_meaning_ko.mp3,situation_example_en.mp3,situation_example_ko.mp3,입문,1
six,여섯,,상자 안에 공이 여섯 개 있어요.,There are six balls in the box.,six.png,six_word_en.mp3,six_meaning_ko.mp3,six_example_en.mp3,six_example_ko.mp3,입문,1
sixteen,열여섯,,우리 반에는 학생이 열여섯 명 있어요.,There are sixteen students in our class.,sixteen.png,sixteen_word_en.mp3,sixteen_meaning_ko.mp3,sixteen_example_en.mp3,sixteen_example_ko.mp3,입문,1
sixty,육십,,아버지는 육십 세가 되셨어요.,My father turned sixty years old.,sixty.png,sixty_word_en.mp3,sixty_meaning_ko.mp3,sixty_example_en.mp3,sixty_example_ko.mp3,입문,1
skill,기술,,그는 컴퓨터 기술이 좋아요.,He has good computer skills.,skill.png,skill_word_en.mp3,skill_meaning_ko.mp3,skill_example_en.mp3,skill_example_ko.mp3,입문,1
skirt,치마,,그녀는 파란 치마를 입었어요.,She wore a blue skirt.,skirt.png,skirt_word_en.mp3,skirt_meaning_ko.mp3,skirt_example_en.mp3,skirt_example_ko.mp3,쇼핑,2
sleep,자다,,저는 밤 열 시에 자요.,I sleep at ten at night.,sleep.png,sleep_word_en.mp3,sleep_meaning_ko.mp3,sleep_example_en.mp3,sleep_example_ko.mp3,입문,1
slow,느린,,이 버스는 조금 느려요.,This bus is a little slow.,slow.png,slow_word_en.mp3,slow_meaning_ko.mp3,slow_example_en.mp3,slow_example_ko.mp3,입문,1
small,작은,,저는 작은 방에서 공부해요.,I study in a small room.,small.png,small_word_en.mp3,small_meaning_ko.mp3,small_example_en.mp3,small_example_ko.mp3,입문,1
snake,뱀,,동물원에서 뱀을 봤어요.,I saw a snake at the zoo.,snake.png,snake_word_en.mp3,snake_meaning_ko.mp3,snake_example_en.mp3,snake_example_ko.mp3,입문,1
snow,눈,,겨울에 눈이 많이 와요.,It snows a lot in winter.,snow.png,snow_word_en.mp3,snow_meaning_ko.mp3,snow_example_en.mp3,snow_example_ko.mp3,입문,1
so,그래서,,비가 왔어요. 그래서 집에 있었어요.,It rained. So I stayed home.,,so_word_en.mp3,so_meaning_ko.mp3,so_example_en.mp3,so_example_ko.mp3,입문,1
some,몇몇의,,몇몇 학생은 도서관에 있어요.,Some students are in the library.,,some_word_en.mp3,some_meaning_ko.mp3,some_example_en.mp3,some_example_ko.mp3,입문,1
somebody,누군가,,누군가 문을 두드렸어요.,Somebody knocked on the door.,somebody.png,somebody_word_en.mp3,somebody_meaning_ko.mp3,somebody_example_en.mp3,somebody_example_ko.mp3,입문,1
someone,누군가,,누군가 제 이름을 불렀어요.,Someone called my name.,someone.png,someone_word_en.mp3,someone_meaning_ko.mp3,someone_example_en.mp3,someone_example_ko.mp3,입문,1
something,무언가,,가방 안에 무언가 있어요.,There is something in the bag.,something.png,something_word_en.mp3,something_meaning_ko.mp3,something_example_en.mp3,something_example_ko.mp3,입문,1
sometimes,때때로,,저는 때때로 아침에 운동해요.,I sometimes exercise in the morning.,sometimes.png,sometimes_word_en.mp3,sometimes_meaning_ko.mp3,sometimes_example_en.mp3,sometimes_example_ko.mp3,입문,1
son,아들,,제 아들은 다섯 살이에요.,My son is five years old.,son.png,son_word_en.mp3,son_meaning_ko.mp3,son_example_en.mp3,son_example_ko.mp3,입문,1
song,노래,,이 노래는 정말 좋아요.,This song is really good.,song.png,song_word_en.mp3,song_meaning_ko.mp3,song_example_en.mp3,song_example_ko.mp3,입문,1
soon,곧,,버스가 곧 올 거예요.,The bus will come soon.,soon.png,soon_word_en.mp3,soon_meaning_ko.mp3,soon_example_en.mp3,soon_example_ko.mp3,입문,1
sorry,미안합니다,,늦어서 미안합니다.,I am sorry for being late.,sorry.png,sorry_word_en.mp3,sorry_meaning_ko.mp3,sorry_example_en.mp3,sorry_example_ko.mp3,입문,1
sound,소리,,밖에서 큰 소리가 났어요.,There was a loud sound outside.,sound.png,sound_word_en.mp3,sound_meaning_ko.mp3,sound_example_en.mp3,sound_example_ko.mp3,입문,1
soup,수프,,저는 점심에 따뜻한 수프를 먹었어요.,I ate warm soup for lunch.,soup.png,soup_word_en.mp3,soup_meaning_ko.mp3,soup_example_en.mp3,soup_example_ko.mp3,입문,1
south,남쪽,,부산은 한국의 남쪽에 있어요.,Busan is in the south of Korea.,south.png,south_word_en.mp3,south_meaning_ko.mp3,south_example_en.mp3,south_example_ko.mp3,여행,2
space,공간,,이 방에는 공간이 많아요.,There is a lot of space in this room.,space.png,space_word_en.mp3,space_meaning_ko.mp3,space_example_en.mp3,space_example_ko.mp3,입문,1
speak,말하다,,저는 한국어로 말할 수 있어요.,I can speak in Korean.,speak.png,speak_word_en.mp3,speak_meaning_ko.mp3,speak_example_en.mp3,speak_example_ko.mp3,입문,1
special,특별한,,오늘은 저에게 특별한 날이에요.,Today is a special day for me.,special.png,special_word_en.mp3,special_meaning_ko.mp3,special_example_en.mp3,special_example_ko.mp3,쇼핑,2
spell,철자를 쓰다,,이름의 철자를 써 보세요.,Please try spelling your name.,spell.png,spell_word_en.mp3,spell_meaning_ko.mp3,spell_example_en.mp3,spell_example_ko.mp3,입문,1
spelling,철자,,이 단어의 철자가 어려워요.,The spelling of this word is difficult.,spelling.png,spelling_word_en.mp3,spelling_meaning_ko.mp3,spelling_example_en.mp3,spelling_example_ko.mp3,입문,1
spend,쓰다,,저는 책을 사는 데 돈을 많이 썼어요.,I spent a lot of money buying books.,spend.png,spend_word_en.mp3,spend_meaning_ko.mp3,spend_example_en.mp3,spend_example_ko.mp3,쇼핑,2
sport,스포츠,,축구는 제가 좋아하는 스포츠예요.,Soccer is my favorite sport.,sport.png,sport_word_en.mp3,sport_meaning_ko.mp3,sport_example_en.mp3,sport_example_ko.mp3,입문,1
spring,봄,,봄에는 꽃이 많이 피어요.,Many flowers bloom in spring.,spring.png,spring_word_en.mp3,spring_meaning_ko.mp3,spring_example_en.mp3,spring_example_ko.mp3,입문,1
stand,서다,,학생들이 교실 앞에 섰어요.,The students stood in front of the classroom.,stand.png,stand_word_en.mp3,stand_meaning_ko.mp3,stand_example_en.mp3,stand_example_ko.mp3,입문,1
star,별,,밤하늘에 별이 많아요.,There are many stars in the night sky.,star.png,star_word_en.mp3,star_meaning_ko.mp3,star_example_en.mp3,star_example_ko.mp3,입문,1
start,시작하다,,수업은 아홉 시에 시작해요.,Class starts at nine o'clock.,start.png,start_word_en.mp3,start_meaning_ko.mp3,start_example_en.mp3,start_example_ko.mp3,입문,1
statement,진술,,그의 진술은 아주 중요해요.,His statement is very important.,statement.png,statement_word_en.mp3,statement_meaning_ko.mp3,statement_example_en.mp3,statement_example_ko.mp3,입문,1
station,역,,저는 역에서 친구를 만났어요.,I met my friend at the station.,station.png,station_word_en.mp3,station_meaning_ko.mp3,station_example_en.mp3,station_example_ko.mp3,여행,2
stay,머무르다,,우리는 호텔에 이틀 동안 머물렀어요.,We stayed at the hotel for two days.,stay.png,stay_word_en.mp3,stay_meaning_ko.mp3,stay_example_en.mp3,stay_example_ko.mp3,여행,2
still,아직,,그는 아직 집에 있어요.,He is still at home.,still.png,still_word_en.mp3,still_meaning_ko.mp3,still_example_en.mp3,still_example_ko.mp3,입문,1
stop,멈추다,,버스가 정류장에서 멈췄어요.,The bus stopped at the bus stop.,stop.png,stop_word_en.mp3,stop_meaning_ko.mp3,stop_example_en.mp3,stop_example_ko.mp3,입문,1
story,이야기,,할머니가 재미있는 이야기를 해 주셨어요.,Grandmother told me an interesting story.,story.png,story_word_en.mp3,story_meaning_ko.mp3,story_example_en.mp3,story_example_ko.mp3,입문,1
street,거리,,거리에는 사람들이 많아요.,There are many people on the street.,street.png,street_word_en.mp3,street_meaning_ko.mp3,street_example_en.mp3,street_example_ko.mp3,여행,2
strong,강한,,그 선수는 아주 강한 사람이에요.,That athlete is a very strong person.,strong.png,strong_word_en.mp3,strong_meaning_ko.mp3,strong_example_en.mp3,strong_example_ko.mp3,입문,1
student,학생,,저는 한국어를 배우는 학생이에요.,I am a student learning Korean.,student.png,student_word_en.mp3,student_meaning_ko.mp3,student_example_en.mp3,student_example_ko.mp3,입문,1
study,공부하다,,저는 매일 도서관에서 공부해요.,I study at the library every day.,study.png,study_word_en.mp3,study_meaning_ko.mp3,study_example_en.mp3,study_example_ko.mp3,입문,1
style,스타일,,그 가수의 스타일이 멋있어요.,That singer's style is cool.,style.png,style_word_en.mp3,style_meaning_ko.mp3,style_example_en.mp3,style_example_ko.mp3,쇼핑,2
subject,주제,,오늘 수업의 주제는 음식이에요.,The subject of today's class is food.,subject.png,subject_word_en.mp3,subject_meaning_ko.mp3,subject_example_en.mp3,subject_example_ko.mp3,입문,1
success,성공,,열심히 노력하면 성공할 수 있어요.,"If you work hard, you can achieve success.",success.png,success_word_en.mp3,success_meaning_ko.mp3,success_example_en.mp3,success_example_ko.mp3,비즈니스,3
sugar,설탕,,커피에 설탕을 조금 넣었어요.,I put a little sugar in the coffee.,sugar.png,sugar_word_en.mp3,sugar_meaning_ko.mp3,sugar_example_en.mp3,sugar_example_ko.mp3,입문,1
summer,여름,,여름에는 날씨가 아주 더워요.,"In summer, the weather is very hot.",summer.png,summer_word_en.mp3,summer_meaning_ko.mp3,summer_example_en.mp3,summer_example_ko.mp3,입문,1
sun,태양,,아침에 태양이 밝게 떠올랐어요.,The sun rose brightly in the morning.,sun.png,sun_word_en.mp3,sun_meaning_ko.mp3,sun_example_en.mp3,sun_example_ko.mp3,입문,1
Sunday,일요일,,일요일에는 학교에 가지 않아요.,I don't go to school on Sunday.,Sunday.png,Sunday_word_en.mp3,Sunday_meaning_ko.mp3,Sunday_example_en.mp3,Sunday_example_ko.mp3,입문,1
supermarket,슈퍼마켓,,엄마는 슈퍼마켓에서 우유를 샀어요.,Mom bought milk at the supermarket.,supermarket.png,supermarket_word_en.mp3,supermarket_meaning_ko.mp3,supermarket_example_en.mp3,supermarket_example_ko.mp3,입문,1
sure,확실한,,저는 그 답이 확실하다고 생각해요.,I think that answer is sure.,sure.png,sure_word_en.mp3,sure_meaning_ko.mp3,sure_example_en.mp3,sure_example_ko.mp3,입문,1
sweater,스웨터,,날씨가 추워서 스웨터를 입었어요.,I wore a sweater because the weather was cold.,sweater.png,sweater_word_en.mp3,sweater_meaning_ko.mp3,sweater_example_en.mp3,sweater_example_ko.mp3,쇼핑,2
swim,수영하다,,저는 바다에서 수영하는 것을 좋아해요.,I like to swim in the sea.,swim.png,swim_word_en.mp3,swim_meaning_ko.mp3,swim_example_en.mp3,swim_example_ko.mp3,입문,1
swimming,수영,,수영은 좋은 운동이에요.,Swimming is good exercise.,swimming.png,swimming_word_en.mp3,swimming_meaning_ko.mp3,swimming_example_en.mp3,swimming_example_ko.mp3,입문,1
T-shirt,티셔츠,,저는 하얀 티셔츠를 입었어요.,I wore a white T-shirt.,T-shirt.png,T-shirt_word_en.mp3,T-shirt_meaning_ko.mp3,T-shirt_example_en.mp3,T-shirt_example_ko.mp3,입문,1
table,테이블,,책이 테이블 위에 있어요.,The book is on the table.,table.png,table_word_en.mp3,table_meaning_ko.mp3,table_example_en.mp3,table_example_ko.mp3,입문,1
take,가져가다,,우산을 꼭 가져가세요.,Please take an umbrella with you.,take.png,take_word_en.mp3,take_meaning_ko.mp3,take_example_en.mp3,take_example_ko.mp3,입문,1
talk,이야기하다,,우리는 카페에서 오래 이야기했어요.,We talked for a long time at the cafe.,talk.png,talk_word_en.mp3,talk_meaning_ko.mp3,talk_example_en.mp3,talk_example_ko.mp3,입문,1
tall,키가 큰,,제 형은 키가 큰 사람이에요.,My older brother is a tall person.,tall.png,tall_word_en.mp3,tall_meaning_ko.mp3,tall_example_en.mp3,tall_example_ko.mp3,입문,1
taxi,택시,,늦어서 택시를 탔어요.,I took a taxi because I was late.,taxi.png,taxi_word_en.mp3,taxi_meaning_ko.mp3,taxi_example_en.mp3,taxi_example_ko.mp3,여행,2
tea,차,,저는 아침에 따뜻한 차를 마셔요.,I drink warm tea in the morning.,tea.png,tea_word_en.mp3,tea_meaning_ko.mp3,tea_example_en.mp3,tea_example_ko.mp3,입문,1
teach,가르치다,,선생님은 우리에게 영어를 가르쳐요.,The teacher teaches us English.,teach.png,teach_word_en.mp3,teach_meaning_ko.mp3,teach_example_en.mp3,teach_example_ko.mp3,입문,1
teacher,선생님,,우리 선생님은 친절하세요.,Our teacher is kind.,teacher.png,teacher_word_en.mp3,teacher_meaning_ko.mp3,teacher_example_en.mp3,teacher_example_ko.mp3,입문,1
team,팀,,우리 팀은 오늘 경기에서 이겼어요.,Our team won the game today.,team.png,team_word_en.mp3,team_meaning_ko.mp3,team_example_en.mp3,team_example_ko.mp3,비즈니스,3
teenager,십대,,그 영화는 십대에게 인기가 많아요.,That movie is popular with teenagers.,teenager.png,teenager_word_en.mp3,teenager_meaning_ko.mp3,teenager_example_en.mp3,teenager_example_ko.mp3,입문,1
telephone,전화기,,책상 위에 전화기가 있어요.,There is a telephone on the desk.,telephone.png,telephone_word_en.mp3,telephone_meaning_ko.mp3,telephone_example_en.mp3,telephone_example_ko.mp3,입문,1
television,텔레비전,,저녁에 가족과 텔레비전을 봤어요.,I watched television with my family in the evening.,television.png,television_word_en.mp3,television_meaning_ko.mp3,television_example_en.mp3,television_example_ko.mp3,입문,1
tell,말하다,,엄마에게 사실을 말했어요.,I told my mom the truth.,tell.png,tell_word_en.mp3,tell_meaning_ko.mp3,tell_example_en.mp3,tell_example_ko.mp3,입문,1
ten,열,,책상 위에 연필이 열 개 있어요.,There are ten pencils on the desk.,ten.png,ten_word_en.mp3,ten_meaning_ko.mp3,ten_example_en.mp3,ten_example_ko.mp3,입문,1
tennis,테니스,,저는 주말마다 테니스를 쳐요.,I play tennis every weekend.,tennis.png,tennis_word_en.mp3,tennis_meaning_ko.mp3,tennis_example_en.mp3,tennis_example_ko.mp3,입문,1
terrible,끔찍한,,어제 끔찍한 사고가 있었어요.,There was a terrible accident yesterday.,terrible.png,terrible_word_en.mp3,terrible_meaning_ko.mp3,terrible_example_en.mp3,terrible_example_ko.mp3,입문,1
test,시험,,내일 한국어 시험이 있어요.,I have a Korean test tomorrow.,test.png,test_word_en.mp3,test_meaning_ko.mp3,test_example_en.mp3,test_example_ko.mp3,입문,1
text,글,,이 글은 읽기 쉬워요.,This text is easy to read.,text.png,text_word_en.mp3,text_meaning_ko.mp3,text_example_en.mp3,text_example_ko.mp3,입문,1
than,~보다,,오늘은 어제보다 더 추워요.,Today is colder than yesterday.,,than_word_en.mp3,than_meaning_ko.mp3,than_example_en.mp3,than_example_ko.mp3,입문,1
thank,감사하다,,저를 도와준 친구에게 감사해요.,I thank the friend who helped me.,thank.png,thank_word_en.mp3,thank_meaning_ko.mp3,thank_example_en.mp3,thank_example_ko.mp3,입문,1
thanks,고마워,,도와줘서 고마워.,Thanks for helping me.,thanks.png,thanks_word_en.mp3,thanks_meaning_ko.mp3,thanks_example_en.mp3,thanks_example_ko.mp3,입문,1
that,그것,,그것은 제 가방이에요.,That is my bag.,,that_word_en.mp3,that_meaning_ko.mp3,that_example_en.mp3,that_example_ko.mp3,입문,1
the,그,,그 남자는 의사예요.,The man is a doctor.,,the_word_en.mp3,the_meaning_ko.mp3,the_example_en.mp3,the_example_ko.mp3,입문,1
theatre,극장,,우리는 극장에서 연극을 봤어요.,We watched a play at the theatre.,theatre.png,theatre_word_en.mp3,theatre_meaning_ko.mp3,theatre_example_en.mp3,theatre_example_ko.mp3,입문,1
their,그들의,,그들의 집은 학교 근처에 있어요.,Their house is near the school.,,their_word_en.mp3,their_meaning_ko.mp3,their_example_en.mp3,their_example_ko.mp3,입문,1
them,그들을,,저는 공원에서 그들을 만났어요.,I met them at the park.,,them_word_en.mp3,them_meaning_ko.mp3,them_example_en.mp3,them_example_ko.mp3,입문,1
then,그때,,그때 저는 아주 어렸어요.,I was very young then.,then.png,then_word_en.mp3,then_meaning_ko.mp3,then_example_en.mp3,then_example_ko.mp3,입문,1
there,거기에,,가방을 거기에 놓으세요.,Please put the bag there.,there.png,there_word_en.mp3,there_meaning_ko.mp3,there_example_en.mp3,there_example_ko.mp3,입문,1
they,그들,,그들은 같은 학교에 다녀요.,They go to the same school.,,they_word_en.mp3,they_meaning_ko.mp3,they_example_en.mp3,they_example_ko.mp3,입문,1
thing,것,,저는 단 것을 좋아해요.,I like sweet things.,thing.png,thing_word_en.mp3,thing_meaning_ko.mp3,thing_example_en.mp3,thing_example_ko.mp3,입문,1
think,생각하다,,저는 그 생각이 좋다고 생각해요.,I think that idea is good.,think.png,think_word_en.mp3,think_meaning_ko.mp3,think_example_en.mp3,think_example_ko.mp3,입문,1
third,세 번째,,저는 세 번째 줄에 앉았어요.,I sat in the third row.,third.png,third_word_en.mp3,third_meaning_ko.mp3,third_example_en.mp3,third_example_ko.mp3,입문,1
thirsty,목마른,,운동 후에 저는 많이 목말랐어요.,I was very thirsty after exercising.,thirsty.png,thirsty_word_en.mp3,thirsty_meaning_ko.mp3,thirsty_example_en.mp3,thirsty_example_ko.mp3,입문,1
thirteen,열셋,,상자 안에 사과가 열셋 있어요.,There are thirteen apples in the box.,thirteen.png,thirteen_word_en.mp3,thirteen_meaning_ko.mp3,thirteen_example_en.mp3,thirteen_example_ko.mp3,입문,1
thirty,삼십,,교실에 학생이 삼십 명 있어요.,There are thirty students in the classroom.,thirty.png,thirty_word_en.mp3,thirty_meaning_ko.mp3,thirty_example_en.mp3,thirty_example_ko.mp3,입문,1
this,이것,,이것은 제 책이에요.,This is my book.,,this_word_en.mp3,this_meaning_ko.mp3,this_example_en.mp3,this_example_ko.mp3,입문,1
thousand,천,,이 빵은 천 원이에요.,This bread is one thousand won.,thousand.png,thousand_word_en.mp3,thousand_meaning_ko.mp3,thousand_example_en.mp3,thousand_example_ko.mp3,입문,1
three,셋,,저는 고양이 세 마리를 키워요.,I have three cats.,three.png,three_word_en.mp3,three_meaning_ko.mp3,three_example_en.mp3,three_example_ko.mp3,입문,1
through,통하여,,저는 인터넷을 통하여 그 소식을 들었어요.,I heard the news through the Internet.,through.png,through_word_en.mp3,through_meaning_ko.mp3,through_example_en.mp3,through_example_ko.mp3,입문,1
Thursday,목요일,,목요일에 친구를 만나요.,I meet my friend on Thursday.,Thursday.png,Thursday_word_en.mp3,Thursday_meaning_ko.mp3,Thursday_example_en.mp3,Thursday_example_ko.mp3,입문,1
ticket,표,,기차 표를 샀어요.,I bought a train ticket.,ticket.png,ticket_word_en.mp3,ticket_meaning_ko.mp3,ticket_example_en.mp3,ticket_example_ko.mp3,여행,2
time,시간,,지금 시간이 없어요.,I don't have time now.,time.png,time_word_en.mp3,time_meaning_ko.mp3,time_example_en.mp3,time_example_ko.mp3,여행,2
tired,피곤한,,저는 오늘 많이 피곤해요.,I am very tired today.,tired.png,tired_word_en.mp3,tired_meaning_ko.mp3,tired_example_en.mp3,tired_example_ko.mp3,입문,1
title,제목,,이 책의 제목은 무엇이에요?,What is the title of this book?,title.png,title_word_en.mp3,title_meaning_ko.mp3,title_example_en.mp3,title_example_ko.mp3,입문,1
to,~에,,저는 학교에 가요.,I go to school.,,to_word_en.mp3,to_meaning_ko.mp3,to_example_en.mp3,to_example_ko.mp3,입문,1
today,오늘,,오늘 날씨가 좋아요.,The weather is nice today.,today.png,today_word_en.mp3,today_meaning_ko.mp3,today_example_en.mp3,today_example_ko.mp3,입문,1
together,함께,,우리 함께 점심을 먹어요.,Let's eat lunch together.,together.png,together_word_en.mp3,together_meaning_ko.mp3,together_example_en.mp3,together_example_ko.mp3,입문,1
toilet,화장실,,화장실이 어디에 있어요?,Where is the toilet?,toilet.png,toilet_word_en.mp3,toilet_meaning_ko.mp3,toilet_example_en.mp3,toilet_example_ko.mp3,입문,1
tomato,토마토,,저는 토마토를 좋아해요.,I like tomatoes.,tomato.png,tomato_word_en.mp3,tomato_meaning_ko.mp3,tomato_example_en.mp3,tomato_example_ko.mp3,입문,1
tomorrow,내일,,내일 시험이 있어요.,I have a test tomorrow.,tomorrow.png,tomorrow_word_en.mp3,tomorrow_meaning_ko.mp3,tomorrow_example_en.mp3,tomorrow_example_ko.mp3,입문,1
tonight,오늘 밤,,오늘 밤에 영화를 볼 거예요.,I will watch a movie tonight.,tonight.png,tonight_word_en.mp3,tonight_meaning_ko.mp3,tonight_example_en.mp3,tonight_example_ko.mp3,입문,1
too,너무,,이 가방은 너무 무거워요.,This bag is too heavy.,too.png,too_word_en.mp3,too_meaning_ko.mp3,too_example_en.mp3,too_example_ko.mp3,입문,1
tooth,이,,이가 아파서 치과에 갔어요.,"My tooth hurt, so I went to the dentist.",tooth.png,tooth_word_en.mp3,tooth_meaning_ko.mp3,tooth_example_en.mp3,tooth_example_ko.mp3,입문,1
topic,주제,,오늘 수업의 주제는 가족이에요.,The topic of today's class is family.,topic.png,topic_word_en.mp3,topic_meaning_ko.mp3,topic_example_en.mp3,topic_example_ko.mp3,입문,1
tourist,관광객,,그 관광객은 지도를 보고 있어요.,The tourist is looking at a map.,tourist.png,tourist_word_en.mp3,tourist_meaning_ko.mp3,tourist_example_en.mp3,tourist_example_ko.mp3,여행,2
town,마을,,이 마을은 조용하고 예뻐요.,This town is quiet and pretty.,town.png,town_word_en.mp3,town_meaning_ko.mp3,town_example_en.mp3,town_example_ko.mp3,여행,2
traffic,교통,,아침에는 교통이 복잡해요.,Traffic is heavy in the morning.,traffic.png,traffic_word_en.mp3,traffic_meaning_ko.mp3,traffic_example_en.mp3,traffic_example_ko.mp3,입문,1
train,기차,,저는 기차를 타고 부산에 가요.,I go to Busan by train.,train.png,train_word_en.mp3,train_meaning_ko.mp3,train_example_en.mp3,train_example_ko.mp3,여행,2
travel,여행하다,,저는 여름에 제주도로 여행하고 싶어요.,I want to travel to Jeju Island in the summer.,travel.png,travel_word_en.mp3,travel_meaning_ko.mp3,travel_example_en.mp3,travel_example_ko.mp3,여행,2
tree,나무,,집 앞에 큰 나무가 있어요.,There is a big tree in front of the house.,tree.png,tree_word_en.mp3,tree_meaning_ko.mp3,tree_example_en.mp3,tree_example_ko.mp3,입문,1
trip,여행,,이번 여행은 정말 즐거웠어요.,This trip was really enjoyable.,trip.png,trip_word_en.mp3,trip_meaning_ko.mp3,trip_example_en.mp3,trip_example_ko.mp3,여행,2
trousers,바지,,저는 검은색 바지를 입었어요.,I wore black trousers.,trousers.png,trousers_word_en.mp3,trousers_meaning_ko.mp3,trousers_example_en.mp3,trousers_example_ko.mp3,쇼핑,2
TRUE,사실의,,그 말은 사실이에요.,That statement is true.,TRUE.png,TRUE_word_en.mp3,TRUE_meaning_ko.mp3,TRUE_example_en.mp3,TRUE_example_ko.mp3,입문,1
try,시도하다,,새 음식을 한번 시도해 보세요.,Please try the new food once.,try.png,try_word_en.mp3,try_meaning_ko.mp3,try_example_en.mp3,try_example_ko.mp3,입문,1
Tuesday,화요일,,화요일에 한국어 수업이 있어요.,I have Korean class on Tuesday.,Tuesday.png,Tuesday_word_en.mp3,Tuesday_meaning_ko.mp3,Tuesday_example_en.mp3,Tuesday_example_ko.mp3,입문,1
turn,돌다,,오른쪽으로 돌면 은행이 보여요.,"If you turn right, you can see the bank.",turn.png,turn_word_en.mp3,turn_meaning_ko.mp3,turn_example_en.mp3,turn_example_ko.mp3,입문,1
TV,텔레비전,,저녁에 텔레비전을 봐요.,I watch TV in the evening.,TV.png,TV_word_en.mp3,TV_meaning_ko.mp3,TV_example_en.mp3,TV_example_ko.mp3,입문,1
twelve,열둘,,교실에 학생이 열둘 있어요.,There are twelve students in the classroom.,twelve.png,twelve_word_en.mp3,twelve_meaning_ko.mp3,twelve_example_en.mp3,twelve_example_ko.mp3,입문,1
twenty,스물,,저는 스물 살이에요.,I am twenty years old.,twenty.png,twenty_word_en.mp3,twenty_meaning_ko.mp3,twenty_example_en.mp3,twenty_example_ko.mp3,입문,1
twice,두 번,,저는 하루에 두 번 이를 닦아요.,I brush my teeth twice a day.,twice.png,twice_word_en.mp3,twice_meaning_ko.mp3,twice_example_en.mp3,twice_example_ko.mp3,입문,1
two,둘,,사과가 둘 있어요.,There are two apples.,two.png,two_word_en.mp3,two_meaning_ko.mp3,two_example_en.mp3,two_example_ko.mp3,입문,1
type,종류,,이 가게에는 여러 종류의 빵이 있어요.,There are many types of bread in this store.,type.png,type_word_en.mp3,type_meaning_ko.mp3,type_example_en.mp3,type_example_ko.mp3,입문,1
umbrella,우산,,비가 와서 우산을 가져왔어요.,"It was raining, so I brought an umbrella.",umbrella.png,umbrella_word_en.mp3,umbrella_meaning_ko.mp3,umbrella_example_en.mp3,umbrella_example_ko.mp3,쇼핑,2
uncle,삼촌,,주말에 삼촌을 만났어요.,I met my uncle on the weekend.,uncle.png,uncle_word_en.mp3,uncle_meaning_ko.mp3,uncle_example_en.mp3,uncle_example_ko.mp3,입문,1
under,아래에,,고양이가 의자 아래에 있어요.,The cat is under the chair.,under.png,under_word_en.mp3,under_meaning_ko.mp3,under_example_en.mp3,under_example_ko.mp3,입문,1
understand,이해하다,,저는 이 문제를 이해했어요.,I understood this problem.,understand.png,understand_word_en.mp3,understand_meaning_ko.mp3,understand_example_en.mp3,understand_example_ko.mp3,입문,1
university,대학교,,형은 서울에 있는 대학교에 다녀요.,My older brother attends a university in Seoul.,university.png,university_word_en.mp3,university_meaning_ko.mp3,university_example_en.mp3,university_example_ko.mp3,입문,1
until,까지,,저는 다섯 시까지 일해요.,I work until five o'clock.,until.png,until_word_en.mp3,until_meaning_ko.mp3,until_example_en.mp3,until_example_ko.mp3,입문,1
up,위로,,손을 위로 올리세요.,Raise your hand up.,,up_word_en.mp3,up_meaning_ko.mp3,up_example_en.mp3,up_example_ko.mp3,입문,1
upstairs,위층으로,,아이들이 위층으로 올라갔어요.,The children went upstairs.,upstairs.png,upstairs_word_en.mp3,upstairs_meaning_ko.mp3,upstairs_example_en.mp3,upstairs_example_ko.mp3,입문,1
us,우리를,,선생님은 우리를 칭찬했어요.,The teacher praised us.,,us_word_en.mp3,us_meaning_ko.mp3,us_example_en.mp3,us_example_ko.mp3,입문,1
use,사용하다,,저는 매일 컴퓨터를 사용해요.,I use a computer every day.,use.png,use_word_en.mp3,use_meaning_ko.mp3,use_example_en.mp3,use_example_ko.mp3,입문,1
useful,유용한,,이 사전은 한국어 공부에 유용해요.,This dictionary is useful for studying Korean.,useful.png,useful_word_en.mp3,useful_meaning_ko.mp3,useful_example_en.mp3,useful_example_ko.mp3,입문,1
usually,보통,,저는 보통 아침 7시에 일어나요.,I usually get up at 7 in the morning.,usually.png,usually_word_en.mp3,usually_meaning_ko.mp3,usually_example_en.mp3,usually_example_ko.mp3,입문,1
vacation,휴가,,다음 주에 휴가를 갈 거예요.,I will go on vacation next week.,vacation.png,vacation_word_en.mp3,vacation_meaning_ko.mp3,vacation_example_en.mp3,vacation_example_ko.mp3,여행,2
vegetable,채소,,저는 매일 채소를 먹어요.,I eat vegetables every day.,vegetable.png,vegetable_word_en.mp3,vegetable_meaning_ko.mp3,vegetable_example_en.mp3,vegetable_example_ko.mp3,입문,1
very,매우,,이 음식은 매우 맛있어요.,This food is very delicious.,,very_word_en.mp3,very_meaning_ko.mp3,very_example_en.mp3,very_example_ko.mp3,입문,1
video,비디오,,친구에게 재미있는 비디오를 보냈어요.,I sent an interesting video to my friend.,video.png,video_word_en.mp3,video_meaning_ko.mp3,video_example_en.mp3,video_example_ko.mp3,입문,1
village,마을,,그 마을에는 오래된 집이 많아요.,There are many old houses in that village.,village.png,village_word_en.mp3,village_meaning_ko.mp3,village_example_en.mp3,village_example_ko.mp3,여행,2
visit,방문하다,,내일 할머니 댁을 방문할 거예요.,I will visit my grandmother's house tomorrow.,visit.png,visit_word_en.mp3,visit_meaning_ko.mp3,visit_example_en.mp3,visit_example_ko.mp3,여행,2
visitor,방문객,,박물관에 방문객이 많아요.,There are many visitors at the museum.,visitor.png,visitor_word_en.mp3,visitor_meaning_ko.mp3,visitor_example_en.mp3,visitor_example_ko.mp3,여행,2
wait,기다리다,,버스를 기다리고 있어요.,I am waiting for the bus.,wait.png,wait_word_en.mp3,wait_meaning_ko.mp3,wait_example_en.mp3,wait_example_ko.mp3,입문,1
waiter,웨이터,,웨이터가 물을 가져왔어요.,The waiter brought water.,waiter.png,waiter_word_en.mp3,waiter_meaning_ko.mp3,waiter_example_en.mp3,waiter_example_ko.mp3,입문,1
wake,깨다,,저는 아침 6시에 깼어요.,I woke up at 6 in the morning.,wake.png,wake_word_en.mp3,wake_meaning_ko.mp3,wake_example_en.mp3,wake_example_ko.mp3,입문,1
walk,걷다,,저는 공원에서 천천히 걸어요.,I walk slowly in the park.,walk.png,walk_word_en.mp3,walk_meaning_ko.mp3,walk_example_en.mp3,walk_example_ko.mp3,여행,2
wall,벽,,벽에 사진이 걸려 있어요.,A photo is hanging on the wall.,wall.png,wall_word_en.mp3,wall_meaning_ko.mp3,wall_example_en.mp3,wall_example_ko.mp3,입문,1
want,원하다,,저는 물을 원해요.,I want water.,want.png,want_word_en.mp3,want_meaning_ko.mp3,want_example_en.mp3,want_example_ko.mp3,입문,1
warm,따뜻한,,오늘은 날씨가 따뜻해요.,The weather is warm today.,warm.png,warm_word_en.mp3,warm_meaning_ko.mp3,warm_example_en.mp3,warm_example_ko.mp3,입문,1
wash,씻다,,나는 아침에 얼굴을 씻다.,I wash my face in the morning.,wash.png,wash_word_en.mp3,wash_meaning_ko.mp3,wash_example_en.mp3,wash_example_ko.mp3,입문,1
watch,보다,,우리는 저녁에 영화를 보다.,We watch a movie in the evening.,watch.png,watch_word_en.mp3,watch_meaning_ko.mp3,watch_example_en.mp3,watch_example_ko.mp3,쇼핑,2
water,물,,나는 물을 한 잔 마신다.,I drink a glass of water.,water.png,water_word_en.mp3,water_meaning_ko.mp3,water_example_en.mp3,water_example_ko.mp3,입문,1
way,방법,,이 문제를 푸는 방법을 알려 주세요.,Please tell me the way to solve this problem.,way.png,way_word_en.mp3,way_meaning_ko.mp3,way_example_en.mp3,way_example_ko.mp3,입문,1
we,우리,,우리는 같은 학교에 다닌다.,We go to the same school.,,we_word_en.mp3,we_meaning_ko.mp3,we_example_en.mp3,we_example_ko.mp3,입문,1
wear,입다,,나는 오늘 파란 셔츠를 입다.,I wear a blue shirt today.,wear.png,wear_word_en.mp3,wear_meaning_ko.mp3,wear_example_en.mp3,wear_example_ko.mp3,쇼핑,2
weather,날씨,,오늘 날씨가 정말 좋다.,The weather is really nice today.,weather.png,weather_word_en.mp3,weather_meaning_ko.mp3,weather_example_en.mp3,weather_example_ko.mp3,여행,2
website,웹사이트,,나는 그 웹사이트에서 뉴스를 읽는다.,I read news on that website.,website.png,website_word_en.mp3,website_meaning_ko.mp3,website_example_en.mp3,website_example_ko.mp3,입문,1
Wednesday,수요일,,수요일에 친구를 만난다.,I meet my friend on Wednesday.,Wednesday.png,Wednesday_word_en.mp3,Wednesday_meaning_ko.mp3,Wednesday_example_en.mp3,Wednesday_example_ko.mp3,입문,1
week,주,,이번 주에 시험이 있다.,I have a test this week.,week.png,week_word_en.mp3,week_meaning_ko.mp3,week_example_en.mp3,week_example_ko.mp3,입문,1
weekend,주말,,주말에 가족과 쉬고 싶다.,I want to rest with my family on the weekend.,weekend.png,weekend_word_en.mp3,weekend_meaning_ko.mp3,weekend_example_en.mp3,weekend_example_ko.mp3,입문,1
welcome,환영합니다,,우리 집에 오신 것을 환영합니다.,Welcome to our home.,welcome.png,welcome_word_en.mp3,welcome_meaning_ko.mp3,welcome_example_en.mp3,welcome_example_ko.mp3,입문,1
well,잘,,그는 한국어를 잘 말한다.,He speaks Korean well.,well.png,well_word_en.mp3,well_meaning_ko.mp3,well_example_en.mp3,well_example_ko.mp3,입문,1
west,서쪽,,해는 서쪽으로 진다.,The sun sets in the west.,west.png,west_word_en.mp3,west_meaning_ko.mp3,west_example_en.mp3,west_example_ko.mp3,여행,2
what,무엇,,이것은 무엇입니까?,What is this?,,what_word_en.mp3,what_meaning_ko.mp3,what_example_en.mp3,what_example_ko.mp3,입문,1
when,언제,,너는 언제 집에 가니?,When are you going home?,,when_word_en.mp3,when_meaning_ko.mp3,when_example_en.mp3,when_example_ko.mp3,입문,1
where,어디에,,책은 어디에 있습니까?,Where is the book?,,where_word_en.mp3,where_meaning_ko.mp3,where_example_en.mp3,where_example_ko.mp3,입문,1
which,어떤,,어떤 색을 좋아하세요?,Which color do you like?,,which_word_en.mp3,which_meaning_ko.mp3,which_example_en.mp3,which_example_ko.mp3,입문,1
white,흰색,,나는 흰색 신발을 샀다.,I bought white shoes.,white.png,white_word_en.mp3,white_meaning_ko.mp3,white_example_en.mp3,white_example_ko.mp3,입문,1
who,누구,,저 사람은 누구입니까?,Who is that person?,,who_word_en.mp3,who_meaning_ko.mp3,who_example_en.mp3,who_example_ko.mp3,입문,1
why,왜,,너는 왜 늦었니?,Why were you late?,,why_word_en.mp3,why_meaning_ko.mp3,why_example_en.mp3,why_example_ko.mp3,입문,1
wife,아내,,그의 아내는 의사입니다.,His wife is a doctor.,wife.png,wife_word_en.mp3,wife_meaning_ko.mp3,wife_example_en.mp3,wife_example_ko.mp3,입문,1
will,할 것이다,,나는 내일 공부할 것이다.,I will study tomorrow.,,will_word_en.mp3,will_meaning_ko.mp3,will_example_en.mp3,will_example_ko.mp3,입문,1
win,이기다,,우리 팀은 경기에서 이기다.,Our team wins the game.,win.png,win_word_en.mp3,win_meaning_ko.mp3,win_example_en.mp3,win_example_ko.mp3,입문,1
window,창문,,창문을 열어 주세요.,Please open the window.,window.png,window_word_en.mp3,window_meaning_ko.mp3,window_example_en.mp3,window_example_ko.mp3,여행,2
wine,와인,,그는 저녁에 와인을 마신다.,He drinks wine in the evening.,wine.png,wine_word_en.mp3,wine_meaning_ko.mp3,wine_example_en.mp3,wine_example_ko.mp3,입문,1
winter,겨울,,겨울에는 눈이 자주 온다.,It often snows in winter.,winter.png,winter_word_en.mp3,winter_meaning_ko.mp3,winter_example_en.mp3,winter_example_ko.mp3,여행,2
with,함께,,나는 친구와 함께 점심을 먹었다.,I ate lunch with my friend.,with.png,with_word_en.mp3,with_meaning_ko.mp3,with_example_en.mp3,with_example_ko.mp3,입문,1
without,없이,,나는 설탕 없이 커피를 마신다.,I drink coffee without sugar.,without.png,without_word_en.mp3,without_meaning_ko.mp3,without_example_en.mp3,without_example_ko.mp3,입문,1
woman,여자,,그 여자는 선생님입니다.,That woman is a teacher.,woman.png,woman_word_en.mp3,woman_meaning_ko.mp3,woman_example_en.mp3,woman_example_ko.mp3,입문,1
wonderful,훌륭한,,그는 훌륭한 음악가입니다.,He is a wonderful musician.,wonderful.png,wonderful_word_en.mp3,wonderful_meaning_ko.mp3,wonderful_example_en.mp3,wonderful_example_ko.mp3,입문,1
word,단어,,이 단어의 뜻을 아세요?,Do you know the meaning of this word?,word.png,word_word_en.mp3,word_meaning_ko.mp3,word_example_en.mp3,word_example_ko.mp3,입문,1
work,일하다,,나는 은행에서 일하다.,I work at a bank.,work.png,work_word_en.mp3,work_meaning_ko.mp3,work_example_en.mp3,work_example_ko.mp3,입문,1
worker,근로자,,그 근로자는 아침 일찍 출근한다.,The worker goes to work early in the morning.,worker.png,worker_word_en.mp3,worker_meaning_ko.mp3,worker_example_en.mp3,worker_example_ko.mp3,입문,1
world,세계,,세계에는 많은 나라가 있다.,There are many countries in the world.,world.png,world_word_en.mp3,world_meaning_ko.mp3,world_example_en.mp3,world_example_ko.mp3,입문,1
would,할 것이다,,나는 시간이 있으면 여행할 것이다.,I would travel if I had time.,,would_word_en.mp3,would_meaning_ko.mp3,would_example_en.mp3,would_example_ko.mp3,입문,1
write,쓰다,,나는 매일 일기를 쓰다.,I write a diary every day.,write.png,write_word_en.mp3,write_meaning_ko.mp3,write_example_en.mp3,write_example_ko.mp3,입문,1
writer,작가,,그 작가는 유명한 소설을 썼다.,The writer wrote a famous novel.,writer.png,writer_word_en.mp3,writer_meaning_ko.mp3,writer_example_en.mp3,writer_example_ko.mp3,입문,1
writing,글쓰기,,글쓰기는 생각을 정리하는 데 도움이 된다.,Writing helps organize thoughts.,writing.png,writing_word_en.mp3,writing_meaning_ko.mp3,writing_example_en.mp3,writing_example_ko.mp3,입문,1
wrong,잘못된,,그것은 잘못된 답입니다.,That is the wrong answer.,wrong.png,wrong_word_en.mp3,wrong_meaning_ko.mp3,wrong_example_en.mp3,wrong_example_ko.mp3,입문,1
yeah,응,,"응, 나도 갈게.","Yeah, I will go too.",yeah.png,yeah_word_en.mp3,yeah_meaning_ko.mp3,yeah_example_en.mp3,yeah_example_ko.mp3,입문,1
year,일년,,일년은 열두 달입니다.,A year is twelve months.,year.png,year_word_en.mp3,year_meaning_ko.mp3,year_example_en.mp3,year_example_ko.mp3,입문,1
yellow,노란색,,나는 노란색 가방을 좋아한다.,I like the yellow bag.,yellow.png,yellow_word_en.mp3,yellow_meaning_ko.mp3,yellow_example_en.mp3,yellow_example_ko.mp3,입문,1
yes,네,,"네, 맞아요.","Yes, that's right.",yes.png,yes_word_en.mp3,yes_meaning_ko.mp3,yes_example_en.mp3,yes_example_ko.mp3,입문,1
yesterday,어제,,나는 어제 도서관에 갔다.,I went to the library yesterday.,yesterday.png,yesterday_word_en.mp3,yesterday_meaning_ko.mp3,yesterday_example_en.mp3,yesterday_example_ko.mp3,입문,1
you,너,,너는 정말 친절하다.,You are very kind.,,you_word_en.mp3,you_meaning_ko.mp3,you_example_en.mp3,you_example_ko.mp3,입문,1
young,젊은,,그는 젊은 선생님입니다.,He is a young teacher.,young.png,young_word_en.mp3,young_meaning_ko.mp3,young_example_en.mp3,young_example_ko.mp3,입문,1
your,너의,,이것은 너의 책이니?,Is this your book?,,your_word_en.mp3,your_meaning_ko.mp3,your_example_en.mp3,your_example_ko.mp3,입문,1
yourself,너 자신,,너 자신을 믿어라.,Believe in yourself.,yourself.png,yourself_word_en.mp3,yourself_meaning_ko.mp3,yourself_example_en.mp3,yourself_example_ko.mp3,입문,1
ability,능력,A2,그녀는 노래하는 능력이 뛰어나다.,She has excellent singing ability.,ability.png,ability_word_en.mp3,ability_meaning_ko.mp3,ability_example_en.mp3,ability_example_ko.mp3,입문,1
able,할 수 있는,,나는 혼자 이 일을 할 수 있는 사람이다.,I am a person able to do this work alone.,able.png,able_word_en.mp3,able_meaning_ko.mp3,able_example_en.mp3,able_example_ko.mp3,입문,1
abroad,해외에,,내 동생은 해외에 살고 있다.,My younger sibling lives abroad.,abroad.png,abroad_word_en.mp3,abroad_meaning_ko.mp3,abroad_example_en.mp3,abroad_example_ko.mp3,여행,2
accept,받아들이다,,그는 내 사과를 받아들이다.,He accepts my apology.,accept.png,accept_word_en.mp3,accept_meaning_ko.mp3,accept_example_en.mp3,accept_example_ko.mp3,입문,1
accident,사고,,어제 길에서 작은 사고가 났다.,A small accident happened on the road yesterday.,accident.png,accident_word_en.mp3,accident_meaning_ko.mp3,accident_example_en.mp3,accident_example_ko.mp3,위기탈출,3
according to,~에 따르면,,뉴스에 따르면 내일 비가 온다.,"According to the news, it will rain tomorrow.",according_to.png,according_to_word_en.mp3,according_to_meaning_ko.mp3,according_to_example_en.mp3,according_to_example_ko.mp3,입문,1
achieve,달성하다,,그는 오랜 꿈을 달성하다.,He achieves his long-time dream.,achieve.png,achieve_word_en.mp3,achieve_meaning_ko.mp3,achieve_example_en.mp3,achieve_example_ko.mp3,입문,1
act,행동하다,,우리는 항상 정직하게 행동하다.,We always act honestly.,act.png,act_word_en.mp3,act_meaning_ko.mp3,act_example_en.mp3,act_example_ko.mp3,입문,1
active,활동적인,,그 아이는 매우 활동적인 학생이다.,That child is a very active student.,active.png,active_word_en.mp3,active_meaning_ko.mp3,active_example_en.mp3,active_example_ko.mp3,입문,1
actually,사실은,,사실은 나는 그 영화를 이미 봤다.,"Actually, I have already seen that movie.",actually.png,actually_word_en.mp3,actually_meaning_ko.mp3,actually_example_en.mp3,actually_example_ko.mp3,입문,1
advantage,장점,,이 제품의 장점은 가격이 싸다는 것이다.,The advantage of this product is that the price is low.,advantage.png,advantage_word_en.mp3,advantage_meaning_ko.mp3,advantage_example_en.mp3,advantage_example_ko.mp3,입문,1
adventure,모험,,우리는 산에서 신나는 모험을 했어요.,We had an exciting adventure in the mountains.,adventure.png,adventure_word_en.mp3,adventure_meaning_ko.mp3,adventure_example_en.mp3,adventure_example_ko.mp3,여행,2
advertise,광고하다,,그 회사는 새 제품을 텔레비전에서 광고했어요.,The company advertised its new product on television.,advertise.png,advertise_word_en.mp3,advertise_meaning_ko.mp3,advertise_example_en.mp3,advertise_example_ko.mp3,비즈니스,3
advertisement,광고,,버스 정류장에서 큰 광고를 봤어요.,I saw a big advertisement at the bus stop.,advertisement.png,advertisement_word_en.mp3,advertisement_meaning_ko.mp3,advertisement_example_en.mp3,advertisement_example_ko.mp3,비즈니스,3
advertising,광고,,그 가게는 광고에 많은 돈을 씁니다.,That store spends a lot of money on advertising.,advertising.png,advertising_word_en.mp3,advertising_meaning_ko.mp3,advertising_example_en.mp3,advertising_example_ko.mp3,비즈니스,3
affect,영향을 미치다,,날씨는 우리의 기분에 영향을 미쳐요.,The weather affects our mood.,affect.png,affect_word_en.mp3,affect_meaning_ko.mp3,affect_example_en.mp3,affect_example_ko.mp3,입문,1
against,~에 반대하여,,많은 사람들이 그 계획에 반대하여 모였어요.,Many people gathered against the plan.,against.png,against_word_en.mp3,against_meaning_ko.mp3,against_example_en.mp3,against_example_ko.mp3,입문,1
ah,아,,"아, 이제 알겠어요.","Ah, now I understand.",ah.png,ah_word_en.mp3,ah_meaning_ko.mp3,ah_example_en.mp3,ah_example_ko.mp3,입문,1
airline,항공사,,저는 한국 항공사에서 일하고 싶어요.,I want to work for a Korean airline.,airline.png,airline_word_en.mp3,airline_meaning_ko.mp3,airline_example_en.mp3,airline_example_ko.mp3,여행,2
alive,살아 있는,,그 나무는 아직 살아 있어요.,That tree is still alive.,alive.png,alive_word_en.mp3,alive_meaning_ko.mp3,alive_example_en.mp3,alive_example_ko.mp3,입문,1
all right,괜찮은,,이 자리도 괜찮은 것 같아요.,This seat seems all right too.,all_right.png,all_right_word_en.mp3,all_right_meaning_ko.mp3,all_right_example_en.mp3,all_right_example_ko.mp3,입문,1
allow,허락하다,,선생님이 우리에게 휴대폰 사용을 허락했어요.,The teacher allowed us to use our phones.,allow.png,allow_word_en.mp3,allow_meaning_ko.mp3,allow_example_en.mp3,allow_example_ko.mp3,입문,1
almost,거의,,숙제를 거의 다 끝냈어요.,I almost finished my homework.,almost.png,almost_word_en.mp3,almost_meaning_ko.mp3,almost_example_en.mp3,almost_example_ko.mp3,입문,1
alone,혼자,,저는 오늘 혼자 영화를 봤어요.,I watched a movie alone today.,alone.png,alone_word_en.mp3,alone_meaning_ko.mp3,alone_example_en.mp3,alone_example_ko.mp3,입문,1
along,~을 따라,,우리는 강을 따라 걸었어요.,We walked along the river.,along.png,along_word_en.mp3,along_meaning_ko.mp3,along_example_en.mp3,along_example_ko.mp3,입문,1
already,벌써,,그는 벌써 집에 갔어요.,He already went home.,already.png,already_word_en.mp3,already_meaning_ko.mp3,already_example_en.mp3,already_example_ko.mp3,입문,1
alternative,대안,,비가 오면 다른 대안을 찾아야 해요.,"If it rains, we need to find another alternative.",alternative.png,alternative_word_en.mp3,alternative_meaning_ko.mp3,alternative_example_en.mp3,alternative_example_ko.mp3,입문,1
although,비록 ~이지만,,비록 피곤하지만 공부를 계속했어요.,"Although I was tired, I continued studying.",although.png,although_word_en.mp3,although_meaning_ko.mp3,although_example_en.mp3,although_example_ko.mp3,입문,1
among,~중에,,친구들 중에 민수가 가장 키가 커요.,"Among my friends, Minsu is the tallest.",among.png,among_word_en.mp3,among_meaning_ko.mp3,among_example_en.mp3,among_example_ko.mp3,입문,1
amount,양,,음식의 양이 너무 많아요.,The amount of food is too large.,amount.png,amount_word_en.mp3,amount_meaning_ko.mp3,amount_example_en.mp3,amount_example_ko.mp3,입문,1
ancient,고대의,,우리는 고대의 궁전을 방문했어요.,We visited an ancient palace.,ancient.png,ancient_word_en.mp3,ancient_meaning_ko.mp3,ancient_example_en.mp3,ancient_example_ko.mp3,입문,1
ankle,발목,,달리다가 발목을 다쳤어요.,I hurt my ankle while running.,ankle.png,ankle_word_en.mp3,ankle_meaning_ko.mp3,ankle_example_en.mp3,ankle_example_ko.mp3,입문,1
any more,더 이상,,저는 더 이상 기다릴 수 없어요.,I can't wait any more.,any_more.png,any_more_word_en.mp3,any_more_meaning_ko.mp3,any_more_example_en.mp3,any_more_example_ko.mp3,입문,1
anybody,누구든지,,누구든지 이 수업에 참여할 수 있어요.,Anybody can join this class.,anybody.png,anybody_word_en.mp3,anybody_meaning_ko.mp3,anybody_example_en.mp3,anybody_example_ko.mp3,입문,1
anyway,아무튼,,아무튼 우리는 내일 다시 만나요.,"Anyway, we will meet again tomorrow.",anyway.png,anyway_word_en.mp3,anyway_meaning_ko.mp3,anyway_example_en.mp3,anyway_example_ko.mp3,입문,1
anywhere,어디든지,,인터넷이 있으면 어디든지 일할 수 있어요.,"If you have the internet, you can work anywhere.",anywhere.png,anywhere_word_en.mp3,anywhere_meaning_ko.mp3,anywhere_example_en.mp3,anywhere_example_ko.mp3,입문,1
app,앱,,저는 새 음악 앱을 다운로드했어요.,I downloaded a new music app.,app.png,app_word_en.mp3,app_meaning_ko.mp3,app_example_en.mp3,app_example_ko.mp3,입문,1
appear,나타나다,,갑자기 고양이가 문 앞에 나타났어요.,"Suddenly, a cat appeared in front of the door.",appear.png,appear_word_en.mp3,appear_meaning_ko.mp3,appear_example_en.mp3,appear_example_ko.mp3,입문,1
appearance,외모,,외모보다 마음이 더 중요해요.,The heart is more important than appearance.,appearance.png,appearance_word_en.mp3,appearance_meaning_ko.mp3,appearance_example_en.mp3,appearance_example_ko.mp3,입문,1
apply,지원하다,,저는 그 회사에 지원했어요.,I applied to that company.,apply.png,apply_word_en.mp3,apply_meaning_ko.mp3,apply_example_en.mp3,apply_example_ko.mp3,비즈니스,3
architect,건축가,,그는 유명한 건축가입니다.,He is a famous architect.,architect.png,architect_word_en.mp3,architect_meaning_ko.mp3,architect_example_en.mp3,architect_example_ko.mp3,입문,1
architecture,건축,,서울에는 아름다운 건축이 많아요.,There is a lot of beautiful architecture in Seoul.,architecture.png,architecture_word_en.mp3,architecture_meaning_ko.mp3,architecture_example_en.mp3,architecture_example_ko.mp3,입문,1
argue,말다툼하다,,두 사람은 작은 문제로 말다툼했어요.,The two people argued over a small problem.,argue.png,argue_word_en.mp3,argue_meaning_ko.mp3,argue_example_en.mp3,argue_example_ko.mp3,입문,1
argument,논쟁,,그들의 논쟁은 오래 계속되었어요.,Their argument continued for a long time.,argument.png,argument_word_en.mp3,argument_meaning_ko.mp3,argument_example_en.mp3,argument_example_ko.mp3,입문,1
army,군대,,제 형은 군대에 갔어요.,My older brother went to the army.,army.png,army_word_en.mp3,army_meaning_ko.mp3,army_example_en.mp3,army_example_ko.mp3,입문,1
arrange,계획하다,,우리는 주말 여행을 계획했어요.,We arranged a weekend trip.,arrange.png,arrange_word_en.mp3,arrange_meaning_ko.mp3,arrange_example_en.mp3,arrange_example_ko.mp3,입문,1
arrangement,계획,,여행 계획을 다시 확인했어요.,I checked the travel arrangement again.,arrangement.png,arrangement_word_en.mp3,arrangement_meaning_ko.mp3,arrangement_example_en.mp3,arrangement_example_ko.mp3,입문,1
asleep,잠든,,아기가 벌써 잠들었어요.,The baby is already asleep.,asleep.png,asleep_word_en.mp3,asleep_meaning_ko.mp3,asleep_example_en.mp3,asleep_example_ko.mp3,입문,1
assistant,조수,,그 의사는 조수와 함께 일해요.,The doctor works with an assistant.,assistant.png,assistant_word_en.mp3,assistant_meaning_ko.mp3,assistant_example_en.mp3,assistant_example_ko.mp3,입문,1
athlete,운동선수,,그 운동선수는 매일 아침 훈련해요.,That athlete trains every morning.,athlete.png,athlete_word_en.mp3,athlete_meaning_ko.mp3,athlete_example_en.mp3,athlete_example_ko.mp3,입문,1
attack,공격,,그 도시는 갑작스러운 공격을 받았어요.,The city received a sudden attack.,attack.png,attack_word_en.mp3,attack_meaning_ko.mp3,attack_example_en.mp3,attack_example_ko.mp3,위기탈출,3
attend,참석하다,,저는 내일 회의에 참석할 거예요.,I will attend the meeting tomorrow.,attend.png,attend_word_en.mp3,attend_meaning_ko.mp3,attend_example_en.mp3,attend_example_ko.mp3,입문,1
attention,주의,,수업 시간에는 선생님의 말에 주의를 기울이세요.,Pay attention to the teacher during class.,attention.png,attention_word_en.mp3,attention_meaning_ko.mp3,attention_example_en.mp3,attention_example_ko.mp3,입문,1
attractive,매력적인,,그 도시는 여행자들에게 매우 매력적인 곳이에요.,That city is a very attractive place for travelers.,attractive.png,attractive_word_en.mp3,attractive_meaning_ko.mp3,attractive_example_en.mp3,attractive_example_ko.mp3,입문,1
audience,관객,,관객은 공연이 끝나자 박수를 쳤어요.,The audience clapped when the performance ended.,audience.png,audience_word_en.mp3,audience_meaning_ko.mp3,audience_example_en.mp3,audience_example_ko.mp3,입문,1
author,작가,,그 작가는 어린이를 위한 책을 써요.,The author writes books for children.,author.png,author_word_en.mp3,author_meaning_ko.mp3,author_example_en.mp3,author_example_ko.mp3,입문,1
available,이용 가능한,,이 방은 오늘부터 이용 가능해요.,This room is available from today.,available.png,available_word_en.mp3,available_meaning_ko.mp3,available_example_en.mp3,available_example_ko.mp3,입문,1
average,평균,,우리 반의 평균 점수는 85점이에요.,The average score of our class is 85.,average.png,average_word_en.mp3,average_meaning_ko.mp3,average_example_en.mp3,average_example_ko.mp3,입문,1
avoid,피하다,,건강을 위해 너무 단 음식을 피하세요.,Avoid very sweet foods for your health.,avoid.png,avoid_word_en.mp3,avoid_meaning_ko.mp3,avoid_example_en.mp3,avoid_example_ko.mp3,입문,1
award,상,,그 학생은 글쓰기 대회에서 상을 받았어요.,The student received an award in the writing contest.,award.png,award_word_en.mp3,award_meaning_ko.mp3,award_example_en.mp3,award_example_ko.mp3,입문,1
awful,끔찍한,,어제는 끔찍한 사고가 있었어요.,There was an awful accident yesterday.,awful.png,awful_word_en.mp3,awful_meaning_ko.mp3,awful_example_en.mp3,awful_example_ko.mp3,입문,1
background,배경,,사진의 배경이 정말 아름다워요.,The background of the photo is really beautiful.,background.png,background_word_en.mp3,background_meaning_ko.mp3,background_example_en.mp3,background_example_ko.mp3,입문,1
badly,나쁘게,,그는 시험을 나쁘게 봤어요.,He did badly on the test.,badly.png,badly_word_en.mp3,badly_meaning_ko.mp3,badly_example_en.mp3,badly_example_ko.mp3,입문,1
bar,술집,,우리는 퇴근 후에 작은 술집에 갔어요.,We went to a small bar after work.,bar.png,bar_word_en.mp3,bar_meaning_ko.mp3,bar_example_en.mp3,bar_example_ko.mp3,입문,1
baseball,야구,,저는 주말마다 야구를 해요.,I play baseball every weekend.,baseball.png,baseball_word_en.mp3,baseball_meaning_ko.mp3,baseball_example_en.mp3,baseball_example_ko.mp3,입문,1
based,기반한,,이 영화는 실화에 기반한 이야기예요.,This movie is a story based on a true event.,based.png,based_word_en.mp3,based_meaning_ko.mp3,based_example_en.mp3,based_example_ko.mp3,입문,1
basketball,농구,,동생은 학교에서 농구를 배워요.,My younger sibling learns basketball at school.,basketball.png,basketball_word_en.mp3,basketball_meaning_ko.mp3,basketball_example_en.mp3,basketball_example_ko.mp3,입문,1
bean,콩,,할머니는 콩으로 맛있는 반찬을 만드셨어요.,Grandmother made a delicious side dish with beans.,bean.png,bean_word_en.mp3,bean_meaning_ko.mp3,bean_example_en.mp3,bean_example_ko.mp3,입문,1
bear,곰,,동물원에서 큰 곰을 봤어요.,I saw a big bear at the zoo.,bear.png,bear_word_en.mp3,bear_meaning_ko.mp3,bear_example_en.mp3,bear_example_ko.mp3,입문,1
beat,때리다,,그는 화가 나서 책상을 때렸어요.,He got angry and beat the desk.,beat.png,beat_word_en.mp3,beat_meaning_ko.mp3,beat_example_en.mp3,beat_example_ko.mp3,입문,1
beef,쇠고기,,오늘 저녁에는 쇠고기 국을 먹었어요.,I ate beef soup for dinner today.,beef.png,beef_word_en.mp3,beef_meaning_ko.mp3,beef_example_en.mp3,beef_example_ko.mp3,입문,1
behave,행동하다,,아이들은 식당에서 조용히 행동했어요.,The children behaved quietly in the restaurant.,behave.png,behave_word_en.mp3,behave_meaning_ko.mp3,behave_example_en.mp3,behave_example_ko.mp3,입문,1
behaviour,행동,,그의 친절한 행동이 모두를 기쁘게 했어요.,His kind behaviour made everyone happy.,behaviour.png,behaviour_word_en.mp3,behaviour_meaning_ko.mp3,behaviour_example_en.mp3,behaviour_example_ko.mp3,입문,1
belong,속하다,,저는 학교 축구팀에 속해요.,I belong to the school soccer team.,belong.png,belong_word_en.mp3,belong_meaning_ko.mp3,belong_example_en.mp3,belong_example_ko.mp3,입문,1
belt,허리띠,,아버지는 검은 허리띠를 매셨어요.,My father wore a black belt.,belt.png,belt_word_en.mp3,belt_meaning_ko.mp3,belt_example_en.mp3,belt_example_ko.mp3,쇼핑,2
benefit,혜택,,이 카드는 많은 혜택을 줘요.,This card gives many benefits.,benefit.png,benefit_word_en.mp3,benefit_meaning_ko.mp3,benefit_example_en.mp3,benefit_example_ko.mp3,입문,1
billion,10억,,그 회사는 10억 원을 벌었어요.,The company earned one billion won.,billion.png,billion_word_en.mp3,billion_meaning_ko.mp3,billion_example_en.mp3,billion_example_ko.mp3,비즈니스,3
bin,쓰레기통,,휴지는 쓰레기통에 버리세요.,Please throw the tissue in the bin.,bin.png,bin_word_en.mp3,bin_meaning_ko.mp3,bin_example_en.mp3,bin_example_ko.mp3,입문,1
biology,생물학,,민수는 학교에서 생물학을 공부해요.,Minsu studies biology at school.,biology.png,biology_word_en.mp3,biology_meaning_ko.mp3,biology_example_en.mp3,biology_example_ko.mp3,입문,1
birth,출생,,아기의 출생을 모두가 축하했어요.,Everyone celebrated the baby's birth.,birth.png,birth_word_en.mp3,birth_meaning_ko.mp3,birth_example_en.mp3,birth_example_ko.mp3,입문,1
biscuit,비스킷,,나는 차와 함께 비스킷을 먹었어요.,I ate a biscuit with tea.,biscuit.png,biscuit_word_en.mp3,biscuit_meaning_ko.mp3,biscuit_example_en.mp3,biscuit_example_ko.mp3,입문,1
bit,조금,,물을 조금 마시고 싶어요.,I want to drink a bit of water.,bit.png,bit_word_en.mp3,bit_meaning_ko.mp3,bit_example_en.mp3,bit_example_ko.mp3,입문,1
blank,빈,,빈 종이에 이름을 쓰세요.,Write your name on the blank paper.,blank.png,blank_word_en.mp3,blank_meaning_ko.mp3,blank_example_en.mp3,blank_example_ko.mp3,입문,1
blood,피,,손가락에서 피가 조금 났어요.,A little blood came from my finger.,blood.png,blood_word_en.mp3,blood_meaning_ko.mp3,blood_example_en.mp3,blood_example_ko.mp3,위기탈출,3
blow,불다,,촛불을 불어서 껐어요.,I blew out the candle.,blow.png,blow_word_en.mp3,blow_meaning_ko.mp3,blow_example_en.mp3,blow_example_ko.mp3,입문,1
board,판,,선생님이 판에 글씨를 썼어요.,The teacher wrote on the board.,board.png,board_word_en.mp3,board_meaning_ko.mp3,board_example_en.mp3,board_example_ko.mp3,비즈니스,3
boil,끓다,,냄비 안의 물이 끓고 있어요.,The water in the pot is boiling.,boil.png,boil_word_en.mp3,boil_meaning_ko.mp3,boil_example_en.mp3,boil_example_ko.mp3,입문,1
bone,뼈,,넘어져서 팔 뼈가 아파요.,"I fell, so the bone in my arm hurts.",,bone_word_en.mp3,bone_meaning_ko.mp3,bone_example_en.mp3,bone_example_ko.mp3,입문,1
borrow,빌리다,,친구에게 연필을 빌렸어요.,I borrowed a pencil from my friend.,borrow.png,borrow_word_en.mp3,borrow_meaning_ko.mp3,borrow_example_en.mp3,borrow_example_ko.mp3,입문,1
boss,상사,,상사가 회의 시간을 알려 주었어요.,My boss told me the meeting time.,boss.png,boss_word_en.mp3,boss_meaning_ko.mp3,boss_example_en.mp3,boss_example_ko.mp3,비즈니스,3
bottom,바닥,,가방 바닥에 동전이 있었어요.,There was a coin at the bottom of the bag.,bottom.png,bottom_word_en.mp3,bottom_meaning_ko.mp3,bottom_example_en.mp3,bottom_example_ko.mp3,입문,1
bowl,그릇,,그릇에 밥을 담았어요.,I put rice in the bowl.,bowl.png,bowl_word_en.mp3,bowl_meaning_ko.mp3,bowl_example_en.mp3,bowl_example_ko.mp3,입문,1
brain,뇌,,뇌는 우리 몸에서 아주 중요한 기관이에요.,The brain is a very important organ in our body.,brain.png,brain_word_en.mp3,brain_meaning_ko.mp3,brain_example_en.mp3,brain_example_ko.mp3,입문,1
bridge,다리,,우리는 다리를 건너 학교에 갔어요.,We crossed the bridge and went to school.,bridge.png,bridge_word_en.mp3,bridge_meaning_ko.mp3,bridge_example_en.mp3,bridge_example_ko.mp3,여행,2
bright,밝은,,방 안이 밝은 빛으로 가득했어요.,The room was full of bright light.,bright.png,bright_word_en.mp3,bright_meaning_ko.mp3,bright_example_en.mp3,bright_example_ko.mp3,입문,1
brilliant,훌륭한,,그는 훌륭한 생각을 말했어요.,He shared a brilliant idea.,brilliant.png,brilliant_word_en.mp3,brilliant_meaning_ko.mp3,brilliant_example_en.mp3,brilliant_example_ko.mp3,입문,1
broken,고장난,,고장난 시계를 고치러 갔어요.,I went to fix the broken clock.,broken.png,broken_word_en.mp3,broken_meaning_ko.mp3,broken_example_en.mp3,broken_example_ko.mp3,위기탈출,3
brush,솔,,나는 작은 솔로 신발을 닦았어요.,I cleaned my shoes with a small brush.,brush.png,brush_word_en.mp3,brush_meaning_ko.mp3,brush_example_en.mp3,brush_example_ko.mp3,입문,1
burn,타다,,종이가 불에 타고 있어요.,The paper is burning in the fire.,burn.png,burn_word_en.mp3,burn_meaning_ko.mp3,burn_example_en.mp3,burn_example_ko.mp3,위기탈출,3
businessman,사업가,,그 사업가는 새 회사를 만들었어요.,The businessman started a new company.,businessman.png,businessman_word_en.mp3,businessman_meaning_ko.mp3,businessman_example_en.mp3,businessman_example_ko.mp3,입문,1
button,단추,,셔츠의 단추가 떨어졌어요.,A button fell off the shirt.,button.png,button_word_en.mp3,button_meaning_ko.mp3,button_example_en.mp3,button_example_ko.mp3,쇼핑,2
camp,캠프,,우리는 여름 캠프에 갔어요.,We went to a summer camp.,camp.png,camp_word_en.mp3,camp_meaning_ko.mp3,camp_example_en.mp3,camp_example_ko.mp3,여행,2
camping,캠핑,,주말에 가족과 캠핑을 갔어요.,I went camping with my family on the weekend.,camping.png,camping_word_en.mp3,camping_meaning_ko.mp3,camping_example_en.mp3,camping_example_ko.mp3,여행,2
care,신경 쓰다,,나는 친구의 기분을 신경 써요.,I care about my friend's feelings.,care.png,care_word_en.mp3,care_meaning_ko.mp3,care_example_en.mp3,care_example_ko.mp3,입문,1
careful,조심스러운,,그는 항상 조심스러운 운전을 해요.,He always drives in a careful way.,careful.png,careful_word_en.mp3,careful_meaning_ko.mp3,careful_example_en.mp3,careful_example_ko.mp3,입문,1
carefully,조심스럽게,,아이는 컵을 조심스럽게 들었어요.,The child held the cup carefully.,carefully.png,carefully_word_en.mp3,carefully_meaning_ko.mp3,carefully_example_en.mp3,carefully_example_ko.mp3,입문,1
carpet,카펫,,거실 바닥에 빨간 카펫이 있어요.,There is a red carpet on the living room floor.,carpet.png,carpet_word_en.mp3,carpet_meaning_ko.mp3,carpet_example_en.mp3,carpet_example_ko.mp3,입문,1
cartoon,만화,,동생은 아침마다 만화를 봐요.,My younger sibling watches cartoons every morning.,cartoon.png,cartoon_word_en.mp3,cartoon_meaning_ko.mp3,cartoon_example_en.mp3,cartoon_example_ko.mp3,입문,1
case,경우,,비가 오는 경우에는 집에 있을 거예요.,"In the case that it rains, I will stay home.",case.png,case_word_en.mp3,case_meaning_ko.mp3,case_example_en.mp3,case_example_ko.mp3,입문,1
cash,현금,,저는 카드 대신 현금으로 냈어요.,I paid in cash instead of by card.,cash.png,cash_word_en.mp3,cash_meaning_ko.mp3,cash_example_en.mp3,cash_example_ko.mp3,비즈니스,3
castle,성,,언덕 위에 오래된 성이 있어요.,There is an old castle on the hill.,castle.png,castle_word_en.mp3,castle_meaning_ko.mp3,castle_example_en.mp3,castle_example_ko.mp3,여행,2
catch,잡다,,고양이가 작은 공을 잡았어요.,The cat caught a small ball.,catch.png,catch_word_en.mp3,catch_meaning_ko.mp3,catch_example_en.mp3,catch_example_ko.mp3,초급,2
cause,원인,,사고의 원인은 아직 몰라요.,We still do not know the cause of the accident.,cause.png,cause_word_en.mp3,cause_meaning_ko.mp3,cause_example_en.mp3,cause_example_ko.mp3,초급,2
celebrate,축하하다,,우리는 친구의 생일을 축하했어요.,We celebrated our friend's birthday.,celebrate.png,celebrate_word_en.mp3,celebrate_meaning_ko.mp3,celebrate_example_en.mp3,celebrate_example_ko.mp3,초급,2
celebrity,유명인,,그 유명인은 많은 팬이 있어요.,That celebrity has many fans.,celebrity.png,celebrity_word_en.mp3,celebrity_meaning_ko.mp3,celebrity_example_en.mp3,celebrity_example_ko.mp3,초급,2
certain,확실한,,나는 그가 올 것이 확실한 줄 알았어요.,I thought it was certain that he would come.,certain.png,certain_word_en.mp3,certain_meaning_ko.mp3,certain_example_en.mp3,certain_example_ko.mp3,초급,2
certainly,물론,,물론 제가 도와드릴게요.,"Certainly, I will help you.",certainly.png,certainly_word_en.mp3,certainly_meaning_ko.mp3,certainly_example_en.mp3,certainly_example_ko.mp3,초급,2
chance,기회,,이번 시험은 좋은 기회예요.,This test is a good chance.,chance.png,chance_word_en.mp3,chance_meaning_ko.mp3,chance_example_en.mp3,chance_example_ko.mp3,초급,2
character,등장인물,,이 영화의 주인공은 재미있는 등장인물이에요.,The main character in this movie is an interesting character.,character.png,character_word_en.mp3,character_meaning_ko.mp3,character_example_en.mp3,character_example_ko.mp3,초급,2
charity,자선,,그들은 자선 행사를 열었어요.,They held a charity event.,charity.png,charity_word_en.mp3,charity_meaning_ko.mp3,charity_example_en.mp3,charity_example_ko.mp3,초급,2
chat,수다 떨다,,우리는 카페에서 한 시간 동안 수다를 떨었어요.,We chatted at the cafe for an hour.,chat.png,chat_word_en.mp3,chat_meaning_ko.mp3,chat_example_en.mp3,chat_example_ko.mp3,초급,2
chef,요리사,,그 요리사는 맛있는 파스타를 만들었어요.,The chef made delicious pasta.,chef.png,chef_word_en.mp3,chef_meaning_ko.mp3,chef_example_en.mp3,chef_example_ko.mp3,초급,2
chemistry,화학,,나는 화학 수업이 재미있어요.,I find chemistry class interesting.,chemistry.png,chemistry_word_en.mp3,chemistry_meaning_ko.mp3,chemistry_example_en.mp3,chemistry_example_ko.mp3,초급,2
chip,칩,,나는 감자칩을 한 봉지 샀어요.,I bought a bag of potato chips.,chip.png,chip_word_en.mp3,chip_meaning_ko.mp3,chip_example_en.mp3,chip_example_ko.mp3,초급,2
choice,선택,,이것은 쉬운 선택이 아니에요.,This is not an easy choice.,choice.png,choice_word_en.mp3,choice_meaning_ko.mp3,choice_example_en.mp3,choice_example_ko.mp3,쇼핑,2
church,교회,,일요일에 가족과 교회에 갔어요.,I went to church with my family on Sunday.,church.png,church_word_en.mp3,church_meaning_ko.mp3,church_example_en.mp3,church_example_ko.mp3,여행,2
cigarette,담배,,그는 담배를 끊기로 했어요.,He decided to quit cigarettes.,cigarette.png,cigarette_word_en.mp3,cigarette_meaning_ko.mp3,cigarette_example_en.mp3,cigarette_example_ko.mp3,초급,2
circle,원,,종이에 큰 원을 그리세요.,Draw a big circle on the paper.,circle.png,circle_word_en.mp3,circle_meaning_ko.mp3,circle_example_en.mp3,circle_example_ko.mp3,초급,2
classical,고전적인,,나는 고전적인 음악을 좋아해요.,I like classical music.,classical.png,classical_word_en.mp3,classical_meaning_ko.mp3,classical_example_en.mp3,classical_example_ko.mp3,초급,2
clear,분명한,,그의 설명은 아주 분명한 설명이었어요.,His explanation was very clear.,clear.png,clear_word_en.mp3,clear_meaning_ko.mp3,clear_example_en.mp3,clear_example_ko.mp3,초급,2
clearly,분명하게,,선생님은 문제를 분명하게 설명했어요.,The teacher explained the problem clearly.,clearly.png,clearly_word_en.mp3,clearly_meaning_ko.mp3,clearly_example_en.mp3,clearly_example_ko.mp3,초급,2
clever,영리한,,그 아이는 문제를 빨리 푸는 영리한 학생이에요.,That child is a clever student who solves problems quickly.,clever.png,clever_word_en.mp3,clever_meaning_ko.mp3,clever_example_en.mp3,clever_example_ko.mp3,초급,2
climate,기후,,한국의 기후는 사계절이 뚜렷해요.,Korea's climate has four distinct seasons.,climate.png,climate_word_en.mp3,climate_meaning_ko.mp3,climate_example_en.mp3,climate_example_ko.mp3,여행,2
closed,닫힌,,닫힌 문 앞에서 우리는 기다렸어요.,We waited in front of the closed door.,closed.png,closed_word_en.mp3,closed_meaning_ko.mp3,closed_example_en.mp3,closed_example_ko.mp3,초급,2
clothing,옷,,겨울에는 따뜻한 옷이 필요해요.,You need warm clothing in winter.,clothing.png,clothing_word_en.mp3,clothing_meaning_ko.mp3,clothing_example_en.mp3,clothing_example_ko.mp3,쇼핑,2
cloud,구름,,하늘에 하얀 구름이 떠 있어요.,A white cloud is floating in the sky.,cloud.png,cloud_word_en.mp3,cloud_meaning_ko.mp3,cloud_example_en.mp3,cloud_example_ko.mp3,초급,2
coach,코치,,우리 코치는 매일 선수들을 훈련시켜요.,Our coach trains the players every day.,coach.png,coach_word_en.mp3,coach_meaning_ko.mp3,coach_example_en.mp3,coach_example_ko.mp3,초급,2
coast,해안,,우리는 해안을 따라 걸었어요.,We walked along the coast.,coast.png,coast_word_en.mp3,coast_meaning_ko.mp3,coast_example_en.mp3,coast_example_ko.mp3,여행,2
code,코드,,비밀번호 코드를 정확히 입력하세요.,Please enter the password code correctly.,code.png,code_word_en.mp3,code_meaning_ko.mp3,code_example_en.mp3,code_example_ko.mp3,초급,2
colleague,동료,,제 동료가 일을 도와주었어요.,My colleague helped me with the work.,colleague.png,colleague_word_en.mp3,colleague_meaning_ko.mp3,colleague_example_en.mp3,colleague_example_ko.mp3,비즈니스,3
collect,모으다,,저는 오래된 동전을 모으는 것을 좋아해요.,I like to collect old coins.,collect.png,collect_word_en.mp3,collect_meaning_ko.mp3,collect_example_en.mp3,collect_example_ko.mp3,초급,2
column,기둥,,큰 기둥이 건물을 받치고 있어요.,A large column is supporting the building.,column.png,column_word_en.mp3,column_meaning_ko.mp3,column_example_en.mp3,column_example_ko.mp3,초급,2
comedy,코미디,,우리는 주말에 재미있는 코미디 영화를 봤어요.,We watched a funny comedy movie on the weekend.,comedy.png,comedy_word_en.mp3,comedy_meaning_ko.mp3,comedy_example_en.mp3,comedy_example_ko.mp3,초급,2
comfortable,편안한,,이 의자는 정말 편안해요.,This chair is really comfortable.,comfortable.png,comfortable_word_en.mp3,comfortable_meaning_ko.mp3,comfortable_example_en.mp3,comfortable_example_ko.mp3,초급,2
comment,의견,,선생님은 제 글에 좋은 의견을 주셨어요.,The teacher gave a good comment on my writing.,comment.png,comment_word_en.mp3,comment_meaning_ko.mp3,comment_example_en.mp3,comment_example_ko.mp3,초급,2
communicate,의사소통하다,,우리는 서로 잘 의사소통해야 해요.,We need to communicate well with each other.,communicate.png,communicate_word_en.mp3,communicate_meaning_ko.mp3,communicate_example_en.mp3,communicate_example_ko.mp3,초급,2
community,지역사회,,우리 지역사회는 깨끗한 공원을 만들었어요.,Our community made a clean park.,community.png,community_word_en.mp3,community_meaning_ko.mp3,community_example_en.mp3,community_example_ko.mp3,초급,2
compete,경쟁하다,,두 팀이 우승을 위해 경쟁해요.,The two teams compete for the championship.,compete.png,compete_word_en.mp3,compete_meaning_ko.mp3,compete_example_en.mp3,compete_example_ko.mp3,초급,2
competition,경쟁,,그 회사들 사이의 경쟁이 매우 치열해요.,The competition between those companies is very intense.,competition.png,competition_word_en.mp3,competition_meaning_ko.mp3,competition_example_en.mp3,competition_example_ko.mp3,비즈니스,3
complain,불평하다,,그는 음식이 늦게 나왔다고 불평했어요.,He complained that the food came out late.,complain.png,complain_word_en.mp3,complain_meaning_ko.mp3,complain_example_en.mp3,complain_example_ko.mp3,초급,2
completely,완전히,,방이 완전히 깨끗해졌어요.,The room became completely clean.,completely.png,completely_word_en.mp3,completely_meaning_ko.mp3,completely_example_en.mp3,completely_example_ko.mp3,초급,2
condition,상태,,그 차는 상태가 아주 좋아요.,That car is in very good condition.,condition.png,condition_word_en.mp3,condition_meaning_ko.mp3,condition_example_en.mp3,condition_example_ko.mp3,초급,2
conference,회의,,내일 회사에서 중요한 회의가 있어요.,There is an important conference at the company tomorrow.,conference.png,conference_word_en.mp3,conference_meaning_ko.mp3,conference_example_en.mp3,conference_example_ko.mp3,비즈니스,3
connect,연결하다,,컴퓨터를 인터넷에 연결하세요.,Connect the computer to the internet.,connect.png,connect_word_en.mp3,connect_meaning_ko.mp3,connect_example_en.mp3,connect_example_ko.mp3,초급,2
connected,연결된,,두 방은 작은 문으로 연결되어 있어요.,The two rooms are connected by a small door.,connected.png,connected_word_en.mp3,connected_meaning_ko.mp3,connected_example_en.mp3,connected_example_ko.mp3,초급,2
consider,고려하다,,우리는 여행 비용을 먼저 고려해야 해요.,We need to consider the travel cost first.,consider.png,consider_word_en.mp3,consider_meaning_ko.mp3,consider_example_en.mp3,consider_example_ko.mp3,초급,2
contain,포함하다,,이 상자는 작은 장난감을 많이 포함하고 있어요.,This box contains many small toys.,contain.png,contain_word_en.mp3,contain_meaning_ko.mp3,contain_example_en.mp3,contain_example_ko.mp3,초급,2
context,문맥,,단어의 뜻은 문맥을 보면 알 수 있어요.,You can understand the meaning of a word by looking at the context.,context.png,context_word_en.mp3,context_meaning_ko.mp3,context_example_en.mp3,context_example_ko.mp3,초급,2
continent,대륙,,아시아는 세계에서 가장 큰 대륙이에요.,Asia is the largest continent in the world.,continent.png,continent_word_en.mp3,continent_meaning_ko.mp3,continent_example_en.mp3,continent_example_ko.mp3,여행,2
continue,계속하다,,비가 와도 우리는 경기를 계속했어요.,"Even though it rained, we continued the game.",continue.png,continue_word_en.mp3,continue_meaning_ko.mp3,continue_example_en.mp3,continue_example_ko.mp3,초급,2
control,통제,,감정의 통제가 때로는 어려워요.,Control of emotions is sometimes difficult.,control.png,control_word_en.mp3,control_meaning_ko.mp3,control_example_en.mp3,control_example_ko.mp3,초급,2
cooker,조리 도구,,이 조리 도구로 수프를 만들 수 있어요.,You can make soup with this cooker.,cooker.png,cooker_word_en.mp3,cooker_meaning_ko.mp3,cooker_example_en.mp3,cooker_example_ko.mp3,초급,2
copy,복사하다,,이 파일을 다른 폴더에 복사하세요.,Copy this file to another folder.,copy.png,copy_word_en.mp3,copy_meaning_ko.mp3,copy_example_en.mp3,copy_example_ko.mp3,초급,2
corner,모서리,,책상 모서리에 컵을 두지 마세요.,Do not put the cup on the corner of the desk.,corner.png,corner_word_en.mp3,corner_meaning_ko.mp3,corner_example_en.mp3,corner_example_ko.mp3,초급,2
correctly,정확하게,,이름을 정확하게 써 주세요.,Please write your name correctly.,correctly.png,correctly_word_en.mp3,correctly_meaning_ko.mp3,correctly_example_en.mp3,correctly_example_ko.mp3,초급,2
count,세다,,아이들이 숫자를 하나씩 세고 있어요.,The children are counting the numbers one by one.,count.png,count_word_en.mp3,count_meaning_ko.mp3,count_example_en.mp3,count_example_ko.mp3,초급,2
couple,커플,,그 커플은 공원에서 산책하고 있어요.,The couple is taking a walk in the park.,couple.png,couple_word_en.mp3,couple_meaning_ko.mp3,couple_example_en.mp3,couple_example_ko.mp3,초급,2
cover,덮다,,추우니까 담요로 몸을 덮으세요.,Cover your body with a blanket because it is cold.,cover.png,cover_word_en.mp3,cover_meaning_ko.mp3,cover_example_en.mp3,cover_example_ko.mp3,비즈니스,3
crazy,미친,,그는 미친 사람처럼 크게 웃었어요.,He laughed loudly like a crazy person.,crazy.png,crazy_word_en.mp3,crazy_meaning_ko.mp3,crazy_example_en.mp3,crazy_example_ko.mp3,초급,2
creative,창의적인,,그 학생은 창의적인 아이디어가 많아요.,That student has many creative ideas.,creative.png,creative_word_en.mp3,creative_meaning_ko.mp3,creative_example_en.mp3,creative_example_ko.mp3,초급,2
credit,신용,,그는 신용이 좋아서 쉽게 돈을 빌릴 수 있었어요.,"He had good credit, so he could borrow money easily.",credit.png,credit_word_en.mp3,credit_meaning_ko.mp3,credit_example_en.mp3,credit_example_ko.mp3,쇼핑,2
crime,범죄,,경찰은 그 범죄를 조사하고 있어요.,The police are investigating the crime.,crime.png,crime_word_en.mp3,crime_meaning_ko.mp3,crime_example_en.mp3,crime_example_ko.mp3,위기탈출,3
criminal,범죄자,,경찰이 범죄자를 잡았어요.,The police caught the criminal.,criminal.png,criminal_word_en.mp3,criminal_meaning_ko.mp3,criminal_example_en.mp3,criminal_example_ko.mp3,위기탈출,3
cross,건너다,,길을 건널 때는 차를 조심하세요.,Be careful of cars when you cross the street.,cross.png,cross_word_en.mp3,cross_meaning_ko.mp3,cross_example_en.mp3,cross_example_ko.mp3,초급,2
crowd,군중,,역 앞에 큰 군중이 모였어요.,A large crowd gathered in front of the station.,crowd.png,crowd_word_en.mp3,crowd_meaning_ko.mp3,crowd_example_en.mp3,crowd_example_ko.mp3,초급,2
crowded,붐비는,,출근 시간에는 지하철이 매우 붐벼요.,The subway is very crowded during rush hour.,crowded.png,crowded_word_en.mp3,crowded_meaning_ko.mp3,crowded_example_en.mp3,crowded_example_ko.mp3,초급,2
cry,울다,,아기가 배고파서 울고 있어요.,The baby is crying because it is hungry.,cry.png,cry_word_en.mp3,cry_meaning_ko.mp3,cry_example_en.mp3,cry_example_ko.mp3,초급,2
cupboard,찬장,,접시는 찬장 안에 있어요.,The plates are in the cupboard.,cupboard.png,cupboard_word_en.mp3,cupboard_meaning_ko.mp3,cupboard_example_en.mp3,cupboard_example_ko.mp3,초급,2
curly,곱슬곱슬한,,그녀는 곱슬곱슬한 머리를 가지고 있어요.,She has curly hair.,curly.png,curly_word_en.mp3,curly_meaning_ko.mp3,curly_example_en.mp3,curly_example_ko.mp3,초급,2
cycle,순환,,물의 순환은 자연에서 매우 중요해요.,The water cycle is very important in nature.,cycle.png,cycle_word_en.mp3,cycle_meaning_ko.mp3,cycle_example_en.mp3,cycle_example_ko.mp3,초급,2
daily,매일,,저는 매일 아침 운동해요.,I exercise every morning daily.,daily.png,daily_word_en.mp3,daily_meaning_ko.mp3,daily_example_en.mp3,daily_example_ko.mp3,초급,2
danger,위험,,이곳은 위험이 있으니 가까이 가지 마세요.,"There is danger here, so do not go near it.",danger.png,danger_word_en.mp3,danger_meaning_ko.mp3,danger_example_en.mp3,danger_example_ko.mp3,위기탈출,3
data,데이터,,연구원들은 새로운 데이터를 분석했어요.,The researchers analyzed new data.,data.png,data_word_en.mp3,data_meaning_ko.mp3,data_example_en.mp3,data_example_ko.mp3,초급,2
dead,죽은,,정원에 죽은 나무가 한 그루 있어요.,There is a dead tree in the garden.,dead.png,dead_word_en.mp3,dead_meaning_ko.mp3,dead_example_en.mp3,dead_example_ko.mp3,위기탈출,3
deal,거래,,우리는 그 회사와 중요한 거래를 했어요.,We made an important deal with that company.,deal.png,deal_word_en.mp3,deal_meaning_ko.mp3,deal_example_en.mp3,deal_example_ko.mp3,비즈니스,3
death,죽음,,그의 죽음은 모두에게 큰 슬픔이었어요.,His death was a great sadness to everyone.,death.png,death_word_en.mp3,death_meaning_ko.mp3,death_example_en.mp3,death_example_ko.mp3,위기탈출,3
decision,결정,,그 결정은 쉽지 않았어요.,That decision was not easy.,decision.png,decision_word_en.mp3,decision_meaning_ko.mp3,decision_example_en.mp3,decision_example_ko.mp3,초급,2
deep,깊은,,이 호수는 매우 깊어요.,This lake is very deep.,deep.png,deep_word_en.mp3,deep_meaning_ko.mp3,deep_example_en.mp3,deep_example_ko.mp3,초급,2
definitely,확실히,,그는 확실히 내일 올 거예요.,He will definitely come tomorrow.,definitely.png,definitely_word_en.mp3,definitely_meaning_ko.mp3,definitely_example_en.mp3,definitely_example_ko.mp3,초급,2
degree,정도,,문제의 어려운 정도가 점점 높아졌어요.,The degree of difficulty of the problems gradually increased.,degree.png,degree_word_en.mp3,degree_meaning_ko.mp3,degree_example_en.mp3,degree_example_ko.mp3,초급,2
dentist,치과 의사,,이가 아파서 치과 의사에게 갔어요.,I went to the dentist because my tooth hurt.,dentist.png,dentist_word_en.mp3,dentist_meaning_ko.mp3,dentist_example_en.mp3,dentist_example_ko.mp3,초급,2
department,부서,,저는 마케팅 부서에서 일합니다.,I work in the marketing department.,department.png,department_word_en.mp3,department_meaning_ko.mp3,department_example_en.mp3,department_example_ko.mp3,비즈니스,3
depend,의존하다,,아이들은 부모에게 많이 의존합니다.,Children depend a lot on their parents.,depend.png,depend_word_en.mp3,depend_meaning_ko.mp3,depend_example_en.mp3,depend_example_ko.mp3,초급,2
desert,사막,,사막에는 비가 거의 오지 않습니다.,It rarely rains in the desert.,desert.png,desert_word_en.mp3,desert_meaning_ko.mp3,desert_example_en.mp3,desert_example_ko.mp3,여행,2
designer,디자이너,,제 친구는 옷을 만드는 디자이너입니다.,My friend is a designer who makes clothes.,designer.png,designer_word_en.mp3,designer_meaning_ko.mp3,designer_example_en.mp3,designer_example_ko.mp3,쇼핑,2
destroy,파괴하다,,큰 불이 집을 파괴했습니다.,A big fire destroyed the house.,destroy.png,destroy_word_en.mp3,destroy_meaning_ko.mp3,destroy_example_en.mp3,destroy_example_ko.mp3,위기탈출,3
detective,형사,,형사가 사건을 조사하고 있습니다.,A detective is investigating the case.,detective.png,detective_word_en.mp3,detective_meaning_ko.mp3,detective_example_en.mp3,detective_example_ko.mp3,초급,2
develop,개발하다,,그 회사는 새로운 앱을 개발하고 있습니다.,The company is developing a new app.,develop.png,develop_word_en.mp3,develop_meaning_ko.mp3,develop_example_en.mp3,develop_example_ko.mp3,비즈니스,3
device,장치,,이 장치는 온도를 자동으로 조절합니다.,This device controls the temperature automatically.,device.png,device_word_en.mp3,device_meaning_ko.mp3,device_example_en.mp3,device_example_ko.mp3,쇼핑,2
diary,일기장,,저는 매일 밤 일기장에 하루 일을 씁니다.,I write about my day in my diary every night.,diary.png,diary_word_en.mp3,diary_meaning_ko.mp3,diary_example_en.mp3,diary_example_ko.mp3,초급,2
differently,다르게,,사람들은 같은 문제를 다르게 생각할 수 있습니다.,People can think differently about the same problem.,differently.png,differently_word_en.mp3,differently_meaning_ko.mp3,differently_example_en.mp3,differently_example_ko.mp3,초급,2
digital,디지털의,,저는 디지털 시계로 시간을 확인했습니다.,I checked the time on a digital watch.,digital.png,digital_word_en.mp3,digital_meaning_ko.mp3,digital_example_en.mp3,digital_example_ko.mp3,초급,2
direct,직접적인,,그 질문에 대한 직접적인 대답을 듣고 싶습니다.,I want to hear a direct answer to that question.,direct.png,direct_word_en.mp3,direct_meaning_ko.mp3,direct_example_en.mp3,direct_example_ko.mp3,초급,2
direction,방향,,우리는 반대 방향으로 걸어갔습니다.,We walked in the opposite direction.,direction.png,direction_word_en.mp3,direction_meaning_ko.mp3,direction_example_en.mp3,direction_example_ko.mp3,초급,2
director,감독,,그 감독은 유명한 영화를 많이 만들었습니다.,That director made many famous movies.,director.png,director_word_en.mp3,director_meaning_ko.mp3,director_example_en.mp3,director_example_ko.mp3,비즈니스,3
disagree,동의하지 않다,,저는 그의 의견에 동의하지 않습니다.,I disagree with his opinion.,disagree.png,disagree_word_en.mp3,disagree_meaning_ko.mp3,disagree_example_en.mp3,disagree_example_ko.mp3,초급,2
disappear,사라지다,,구름 뒤로 달이 사라졌습니다.,The moon disappeared behind the clouds.,disappear.png,disappear_word_en.mp3,disappear_meaning_ko.mp3,disappear_example_en.mp3,disappear_example_ko.mp3,초급,2
disaster,재난,,홍수는 많은 사람들에게 큰 재난이었습니다.,The flood was a big disaster for many people.,disaster.png,disaster_word_en.mp3,disaster_meaning_ko.mp3,disaster_example_en.mp3,disaster_example_ko.mp3,위기탈출,3
discover,발견하다,,과학자들이 새로운 별을 발견했습니다.,Scientists discovered a new star.,discover.png,discover_word_en.mp3,discover_meaning_ko.mp3,discover_example_en.mp3,discover_example_ko.mp3,초급,2
discovery,발견,,그 발견은 의학에 큰 도움이 되었습니다.,The discovery was a great help to medicine.,discovery.png,discovery_word_en.mp3,discovery_meaning_ko.mp3,discovery_example_en.mp3,discovery_example_ko.mp3,초급,2
discussion,토론,,우리는 수업 시간에 환경 문제에 대해 토론을 했습니다.,We had a discussion about environmental problems in class.,discussion.png,discussion_word_en.mp3,discussion_meaning_ko.mp3,discussion_example_en.mp3,discussion_example_ko.mp3,초급,2
disease,질병,,손을 자주 씻으면 질병을 예방할 수 있습니다.,"If you wash your hands often, you can prevent disease.",disease.png,disease_word_en.mp3,disease_meaning_ko.mp3,disease_example_en.mp3,disease_example_ko.mp3,위기탈출,3
distance,거리,,우리 집과 학교 사이의 거리는 멀지 않습니다.,The distance between my house and school is not far.,distance.png,distance_word_en.mp3,distance_meaning_ko.mp3,distance_example_en.mp3,distance_example_ko.mp3,여행,2
divorced,이혼한,,그는 이혼한 후 혼자 살고 있습니다.,He has been living alone since he got divorced.,divorced.png,divorced_word_en.mp3,divorced_meaning_ko.mp3,divorced_example_en.mp3,divorced_example_ko.mp3,초급,2
document,문서,,중요한 문서를 이메일로 보냈습니다.,I sent an important document by email.,document.png,document_word_en.mp3,document_meaning_ko.mp3,document_example_en.mp3,document_example_ko.mp3,비즈니스,3
double,두 배의,,오늘은 손님이 평소보다 두 배의 음식을 주문했습니다.,Today the customers ordered double the usual amount of food.,double.png,double_word_en.mp3,double_meaning_ko.mp3,double_example_en.mp3,double_example_ko.mp3,초급,2
download,다운로드하다,,저는 필요한 파일을 컴퓨터에 다운로드했습니다.,I downloaded the necessary file to my computer.,download.png,download_word_en.mp3,download_meaning_ko.mp3,download_example_en.mp3,download_example_ko.mp3,초급,2
drama,드라마,,저는 주말마다 한국 드라마를 봅니다.,I watch Korean dramas every weekend.,drama.png,drama_word_en.mp3,drama_meaning_ko.mp3,drama_example_en.mp3,drama_example_ko.mp3,초급,2
drawing,그림,,벽에 아이의 그림이 붙어 있습니다.,A child's drawing is on the wall.,drawing.png,drawing_word_en.mp3,drawing_meaning_ko.mp3,drawing_example_en.mp3,drawing_example_ko.mp3,초급,2
dream,꿈,,제 꿈은 세계를 여행하는 것입니다.,My dream is to travel around the world.,dream.png,dream_word_en.mp3,dream_meaning_ko.mp3,dream_example_en.mp3,dream_example_ko.mp3,초급,2
driving,운전,,비 오는 날에는 운전을 조심해야 합니다.,You should be careful when driving on rainy days.,driving.png,driving_word_en.mp3,driving_meaning_ko.mp3,driving_example_en.mp3,driving_example_ko.mp3,초급,2
drop,떨어뜨리다,,그는 컵을 바닥에 떨어뜨렸습니다.,He dropped the cup on the floor.,drop.png,drop_word_en.mp3,drop_meaning_ko.mp3,drop_example_en.mp3,drop_example_ko.mp3,초급,2
drug,약,,의사는 감기약을 약국에서 사라고 했습니다.,The doctor told me to buy cold medicine at the pharmacy.,drug.png,drug_word_en.mp3,drug_meaning_ko.mp3,drug_example_en.mp3,drug_example_ko.mp3,초급,2
dry,마른,,마른 수건으로 손을 닦았습니다.,I dried my hands with a dry towel.,dry.png,dry_word_en.mp3,dry_meaning_ko.mp3,dry_example_en.mp3,dry_example_ko.mp3,초급,2
earn,벌다,,그는 아르바이트로 돈을 벌고 있습니다.,He is earning money from a part-time job.,earn.png,earn_word_en.mp3,earn_meaning_ko.mp3,earn_example_en.mp3,earn_example_ko.mp3,비즈니스,3
earth,지구,,지구는 태양 주위를 돕니다.,The Earth goes around the sun.,earth.png,earth_word_en.mp3,earth_meaning_ko.mp3,earth_example_en.mp3,earth_example_ko.mp3,초급,2
easily,쉽게,,이 문제는 쉽게 풀 수 있습니다.,This problem can be solved easily.,easily.png,easily_word_en.mp3,easily_meaning_ko.mp3,easily_example_en.mp3,easily_example_ko.mp3,초급,2
education,교육,,좋은 교육은 아이들의 미래에 중요합니다.,Good education is important for children's future.,education.png,education_word_en.mp3,education_meaning_ko.mp3,education_example_en.mp3,education_example_ko.mp3,초급,2
effect,효과,,이 약은 효과가 빨리 나타납니다.,This medicine has an effect quickly.,effect.png,effect_word_en.mp3,effect_meaning_ko.mp3,effect_example_en.mp3,effect_example_ko.mp3,초급,2
either,어느 쪽이든,,커피나 차 중 어느 쪽이든 괜찮습니다.,Either coffee or tea is fine.,either.png,either_word_en.mp3,either_meaning_ko.mp3,either_example_en.mp3,either_example_ko.mp3,초급,2
electric,전기의,,전기의 힘으로 이 차가 움직입니다.,This car moves with electric power.,electric.png,electric_word_en.mp3,electric_meaning_ko.mp3,electric_example_en.mp3,electric_example_ko.mp3,초급,2
electrical,전기의,,전기의 문제 때문에 불이 났습니다.,A fire started because of an electrical problem.,electrical.png,electrical_word_en.mp3,electrical_meaning_ko.mp3,electrical_example_en.mp3,electrical_example_ko.mp3,초급,2
electricity,전기,,폭풍 때문에 전기가 끊겼습니다.,The electricity went out because of the storm.,electricity.png,electricity_word_en.mp3,electricity_meaning_ko.mp3,electricity_example_en.mp3,electricity_example_ko.mp3,초급,2
electronic,전자식의,,이 문은 전자식의 잠금장치를 사용합니다.,This door uses an electronic lock.,electronic.png,electronic_word_en.mp3,electronic_meaning_ko.mp3,electronic_example_en.mp3,electronic_example_ko.mp3,초급,2
employ,고용하다,,그 회사는 올해 새 직원을 고용할 계획입니다.,The company plans to employ new workers this year.,employ.png,employ_word_en.mp3,employ_meaning_ko.mp3,employ_example_en.mp3,employ_example_ko.mp3,비즈니스,3
employee,직원,,모든 직원은 아침 회의에 참석해야 합니다.,All employees must attend the morning meeting.,employee.png,employee_word_en.mp3,employee_meaning_ko.mp3,employee_example_en.mp3,employee_example_ko.mp3,비즈니스,3
employer,고용주,,고용주는 직원들에게 월급을 제때 줍니다.,The employer pays the employees on time.,employer.png,employer_word_en.mp3,employer_meaning_ko.mp3,employer_example_en.mp3,employer_example_ko.mp3,비즈니스,3
empty,빈,,교실은 방과 후에 빈 상태였습니다.,The classroom was empty after school.,empty.png,empty_word_en.mp3,empty_meaning_ko.mp3,empty_example_en.mp3,empty_example_ko.mp3,초급,2
ending,결말,,그 영화의 결말은 정말 슬펐습니다.,The ending of the movie was really sad.,ending.png,ending_word_en.mp3,ending_meaning_ko.mp3,ending_example_en.mp3,ending_example_ko.mp3,초급,2
energy,에너지,,아침을 먹으면 하루를 시작할 에너지가 생깁니다.,Eating breakfast gives you energy to start the day.,energy.png,energy_word_en.mp3,energy_meaning_ko.mp3,energy_example_en.mp3,energy_example_ko.mp3,초급,2
engine,엔진,,자동차 엔진에서 이상한 소리가 납니다.,A strange sound is coming from the car engine.,engine.png,engine_word_en.mp3,engine_meaning_ko.mp3,engine_example_en.mp3,engine_example_ko.mp3,초급,2
engineer,엔지니어,,제 형은 다리를 설계하는 엔지니어입니다.,My older brother is an engineer who designs bridges.,engineer.png,engineer_word_en.mp3,engineer_meaning_ko.mp3,engineer_example_en.mp3,engineer_example_ko.mp3,초급,2
enormous,거대한,,바다에서 거대한 고래를 보았습니다.,I saw an enormous whale in the sea.,enormous.png,enormous_word_en.mp3,enormous_meaning_ko.mp3,enormous_example_en.mp3,enormous_example_ko.mp3,초급,2
enter,들어가다,,학생들이 조용히 교실에 들어갔습니다.,The students entered the classroom quietly.,enter.png,enter_word_en.mp3,enter_meaning_ko.mp3,enter_example_en.mp3,enter_example_ko.mp3,초급,2
environment,환경,,우리는 깨끗한 환경을 지켜야 합니다.,We must protect a clean environment.,environment.png,environment_word_en.mp3,environment_meaning_ko.mp3,environment_example_en.mp3,environment_example_ko.mp3,초급,2
equipment,장비,,등산을 가기 전에 필요한 장비를 준비했습니다.,I prepared the necessary equipment before going hiking.,equipment.png,equipment_word_en.mp3,equipment_meaning_ko.mp3,equipment_example_en.mp3,equipment_example_ko.mp3,초급,2
error,오류,,컴퓨터 화면에 오류 메시지가 나타났습니다.,An error message appeared on the computer screen.,error.png,error_word_en.mp3,error_meaning_ko.mp3,error_example_en.mp3,error_example_ko.mp3,초급,2
especially,특히,,저는 과일을 좋아하지만 특히 딸기를 좋아합니다.,"I like fruit, but I especially like strawberries.",especially.png,especially_word_en.mp3,especially_meaning_ko.mp3,especially_example_en.mp3,especially_example_ko.mp3,초급,2
essay,수필,,학생들은 가족에 대한 수필을 썼습니다.,The students wrote an essay about their families.,essay.png,essay_word_en.mp3,essay_meaning_ko.mp3,essay_example_en.mp3,essay_example_ko.mp3,초급,2
everyday,일상적인,,운동은 저의 일상적인 습관입니다.,Exercise is my everyday habit.,everyday.png,everyday_word_en.mp3,everyday_meaning_ko.mp3,everyday_example_en.mp3,everyday_example_ko.mp3,초급,2
everywhere,어디에나,,봄에는 공원 어디에나 꽃이 피어 있습니다.,"In spring, flowers bloom everywhere in the park.",everywhere.png,everywhere_word_en.mp3,everywhere_meaning_ko.mp3,everywhere_example_en.mp3,everywhere_example_ko.mp3,초급,2
evidence,증거,,경찰은 중요한 증거를 찾았습니다.,The police found important evidence.,evidence.png,evidence_word_en.mp3,evidence_meaning_ko.mp3,evidence_example_en.mp3,evidence_example_ko.mp3,초급,2
exact,정확한,,정확한 시간을 알려 주세요.,Please tell me the exact time.,exact.png,exact_word_en.mp3,exact_meaning_ko.mp3,exact_example_en.mp3,exact_example_ko.mp3,초급,2
exactly,정확히,,그는 약속 시간에 정확히 도착했습니다.,He arrived exactly at the appointment time.,exactly.png,exactly_word_en.mp3,exactly_meaning_ko.mp3,exactly_example_en.mp3,exactly_example_ko.mp3,초급,2
excellent,훌륭한,,그녀는 훌륭한 선생님입니다.,She is an excellent teacher.,excellent.png,excellent_word_en.mp3,excellent_meaning_ko.mp3,excellent_example_en.mp3,excellent_example_ko.mp3,초급,2
except,제외하고,,민수를 제외하고 모두 회의에 왔습니다.,Everyone except Minsu came to the meeting.,except.png,except_word_en.mp3,except_meaning_ko.mp3,except_example_en.mp3,except_example_ko.mp3,초급,2
exist,존재하다,,많은 문화가 이 나라에 존재합니다.,Many cultures exist in this country.,exist.png,exist_word_en.mp3,exist_meaning_ko.mp3,exist_example_en.mp3,exist_example_ko.mp3,초급,2
expect,예상하다,,우리는 내일 비가 올 것이라고 예상합니다.,We expect that it will rain tomorrow.,expect.png,expect_word_en.mp3,expect_meaning_ko.mp3,expect_example_en.mp3,expect_example_ko.mp3,초급,2
experience,경험,,이번 여행은 좋은 경험이었습니다.,This trip was a good experience.,experience.png,experience_word_en.mp3,experience_meaning_ko.mp3,experience_example_en.mp3,experience_example_ko.mp3,초급,2
experiment,실험,,학생들은 과학 시간에 실험을 했습니다.,The students did an experiment in science class.,experiment.png,experiment_word_en.mp3,experiment_meaning_ko.mp3,experiment_example_en.mp3,experiment_example_ko.mp3,초급,2
expert,전문가,,그는 컴퓨터 분야의 전문가입니다.,He is an expert in the field of computers.,expert.png,expert_word_en.mp3,expert_meaning_ko.mp3,expert_example_en.mp3,expert_example_ko.mp3,비즈니스,3
explanation,설명,,선생님의 설명은 이해하기 쉬웠습니다.,The teacher's explanation was easy to understand.,explanation.png,explanation_word_en.mp3,explanation_meaning_ko.mp3,explanation_example_en.mp3,explanation_example_ko.mp3,초급,2
express,표현하다,,그는 자신의 생각을 분명하게 표현했습니다.,He expressed his thoughts clearly.,express.png,express_word_en.mp3,express_meaning_ko.mp3,express_example_en.mp3,express_example_ko.mp3,초급,2
expression,표현,,이 표현은 일상생활에서 자주 쓰입니다.,This expression is often used in daily life.,expression.png,expression_word_en.mp3,expression_meaning_ko.mp3,expression_example_en.mp3,expression_example_ko.mp3,초급,2
extreme,극단적인,,극단적인 생각은 조심해야 합니다.,We should be careful with extreme ideas.,extreme.png,extreme_word_en.mp3,extreme_meaning_ko.mp3,extreme_example_en.mp3,extreme_example_ko.mp3,초급,2
extremely,매우,,오늘 날씨가 매우 춥습니다.,The weather is extremely cold today.,extremely.png,extremely_word_en.mp3,extremely_meaning_ko.mp3,extremely_example_en.mp3,extremely_example_ko.mp3,초급,2
factor,요인,,건강은 행복의 중요한 요인입니다.,Health is an important factor in happiness.,factor.png,factor_word_en.mp3,factor_meaning_ko.mp3,factor_example_en.mp3,factor_example_ko.mp3,초급,2
factory,공장,,그 공장은 자동차를 만듭니다.,That factory makes cars.,factory.png,factory_word_en.mp3,factory_meaning_ko.mp3,factory_example_en.mp3,factory_example_ko.mp3,비즈니스,3
fail,실패하다,,열심히 준비했지만 시험에 실패했습니다.,"I prepared hard, but I failed the exam.",fail.png,fail_word_en.mp3,fail_meaning_ko.mp3,fail_example_en.mp3,fail_example_ko.mp3,위기탈출,3
fair,공정한,,우리는 공정한 규칙이 필요합니다.,We need fair rules.,fair.png,fair_word_en.mp3,fair_meaning_ko.mp3,fair_example_en.mp3,fair_example_ko.mp3,초급,2
fan,팬,,저는 그 가수의 팬입니다.,I am a fan of that singer.,fan.png,fan_word_en.mp3,fan_meaning_ko.mp3,fan_example_en.mp3,fan_example_ko.mp3,초급,2
farming,농업,,이 마을 사람들은 주로 농업을 합니다.,The people in this village mainly do farming.,farming.png,farming_word_en.mp3,farming_meaning_ko.mp3,farming_example_en.mp3,farming_example_ko.mp3,초급,2
fashion,패션,,그녀는 패션에 관심이 많습니다.,She is very interested in fashion.,fashion.png,fashion_word_en.mp3,fashion_meaning_ko.mp3,fashion_example_en.mp3,fashion_example_ko.mp3,쇼핑,2
fear,두려움,,그는 높은 곳에 대한 두려움이 있습니다.,He has a fear of high places.,fear.png,fear_word_en.mp3,fear_meaning_ko.mp3,fear_example_en.mp3,fear_example_ko.mp3,위기탈출,3
feature,특징,,이 휴대폰의 가장 큰 특징은 긴 배터리 수명입니다.,The biggest feature of this phone is its long battery life.,feature.png,feature_word_en.mp3,feature_meaning_ko.mp3,feature_example_en.mp3,feature_example_ko.mp3,초급,2
feed,먹이다,,나는 매일 아침 고양이에게 밥을 먹입니다.,I feed my cat every morning.,feed.png,feed_word_en.mp3,feed_meaning_ko.mp3,feed_example_en.mp3,feed_example_ko.mp3,초급,2
female,여성,,이 회사에는 여성 직원이 많습니다.,There are many female employees at this company.,female.png,female_word_en.mp3,female_meaning_ko.mp3,female_example_en.mp3,female_example_ko.mp3,초급,2
fiction,소설,,저는 역사 소설을 좋아합니다.,I like historical fiction.,fiction.png,fiction_word_en.mp3,fiction_meaning_ko.mp3,fiction_example_en.mp3,fiction_example_ko.mp3,초급,2
field,분야,,그녀는 의학 분야에서 일합니다.,She works in the field of medicine.,field.png,field_word_en.mp3,field_meaning_ko.mp3,field_example_en.mp3,field_example_ko.mp3,초급,2
fight,싸우다,,아이들이 장난감 때문에 싸웠습니다.,The children fought over a toy.,fight.png,fight_word_en.mp3,fight_meaning_ko.mp3,fight_example_en.mp3,fight_example_ko.mp3,위기탈출,3
figure,숫자,,보고서의 숫자를 다시 확인하세요.,Please check the figures in the report again.,figure.png,figure_word_en.mp3,figure_meaning_ko.mp3,figure_example_en.mp3,figure_example_ko.mp3,초급,2
finally,마침내,,우리는 마침내 집에 도착했습니다.,We finally arrived home.,finally.png,finally_word_en.mp3,finally_meaning_ko.mp3,finally_example_en.mp3,finally_example_ko.mp3,초급,2
finger,손가락,,그는 손가락을 다쳤습니다.,He hurt his finger.,finger.png,finger_word_en.mp3,finger_meaning_ko.mp3,finger_example_en.mp3,finger_example_ko.mp3,초급,2
firstly,우선,,우선 이름을 써 주세요.,"Firstly, please write your name.",firstly.png,firstly_word_en.mp3,firstly_meaning_ko.mp3,firstly_example_en.mp3,firstly_example_ko.mp3,초급,2
fishing,낚시,,아버지는 주말마다 낚시를 하십니다.,My father goes fishing every weekend.,fishing.png,fishing_word_en.mp3,fishing_meaning_ko.mp3,fishing_example_en.mp3,fishing_example_ko.mp3,초급,2
fit,맞다,,이 신발은 제 발에 잘 맞습니다.,These shoes fit my feet well.,fit.png,fit_word_en.mp3,fit_meaning_ko.mp3,fit_example_en.mp3,fit_example_ko.mp3,초급,2
fix,고치다,,형이 고장 난 자전거를 고쳤습니다.,My older brother fixed the broken bicycle.,fix.png,fix_word_en.mp3,fix_meaning_ko.mp3,fix_example_en.mp3,fix_example_ko.mp3,초급,2
flu,독감,,그는 독감에 걸려서 학교에 가지 못했습니다.,He got the flu and could not go to school.,flu.png,flu_word_en.mp3,flu_meaning_ko.mp3,flu_example_en.mp3,flu_example_ko.mp3,위기탈출,3
flying,비행,,비행 중에는 안전벨트를 매야 합니다.,You must wear a seat belt during the flight.,flying.png,flying_word_en.mp3,flying_meaning_ko.mp3,flying_example_en.mp3,flying_example_ko.mp3,초급,2
focus,집중하다,,수업 시간에는 선생님 말씀에 집중하세요.,Focus on the teacher's words during class.,focus.png,focus_word_en.mp3,focus_meaning_ko.mp3,focus_example_en.mp3,focus_example_ko.mp3,초급,2
following,다음의,,다음의 질문에 대답하세요.,Answer the following questions.,following.png,following_word_en.mp3,following_meaning_ko.mp3,following_example_en.mp3,following_example_ko.mp3,초급,2
foreign,외국의,,그는 외국의 문화를 배우고 싶어 합니다.,He wants to learn about foreign cultures.,foreign.png,foreign_word_en.mp3,foreign_meaning_ko.mp3,foreign_example_en.mp3,foreign_example_ko.mp3,여행,2
forest,숲,,우리는 숲에서 산책했습니다.,We took a walk in the forest.,forest.png,forest_word_en.mp3,forest_meaning_ko.mp3,forest_example_en.mp3,forest_example_ko.mp3,여행,2
fork,포크,,그는 포크로 샐러드를 먹었습니다.,He ate the salad with a fork.,fork.png,fork_word_en.mp3,fork_meaning_ko.mp3,fork_example_en.mp3,fork_example_ko.mp3,초급,2
formal,격식에 맞는,,결혼식에는 격식에 맞는 옷을 입어야 합니다.,You should wear formal clothes to a wedding.,formal.png,formal_word_en.mp3,formal_meaning_ko.mp3,formal_example_en.mp3,formal_example_ko.mp3,초급,2
fortunately,다행히,,다행히 아무도 다치지 않았습니다.,"Fortunately, no one was hurt.",fortunately.png,fortunately_word_en.mp3,fortunately_meaning_ko.mp3,fortunately_example_en.mp3,fortunately_example_ko.mp3,초급,2
forward,앞으로,,그는 한 걸음 앞으로 나갔습니다.,He took one step forward.,forward.png,forward_word_en.mp3,forward_meaning_ko.mp3,forward_example_en.mp3,forward_example_ko.mp3,초급,2
fresh,신선한,,이 가게는 신선한 과일을 팝니다.,This store sells fresh fruit.,fresh.png,fresh_word_en.mp3,fresh_meaning_ko.mp3,fresh_example_en.mp3,fresh_example_ko.mp3,초급,2
fridge,냉장고,,우유를 냉장고에 넣어 주세요.,Please put the milk in the fridge.,fridge.png,fridge_word_en.mp3,fridge_meaning_ko.mp3,fridge_example_en.mp3,fridge_example_ko.mp3,초급,2
frog,개구리,,개구리가 연못에서 뛰었습니다.,A frog jumped in the pond.,frog.png,frog_word_en.mp3,frog_meaning_ko.mp3,frog_example_en.mp3,frog_example_ko.mp3,초급,2
furniture,가구,,새 집에 필요한 가구를 샀습니다.,I bought furniture needed for the new house.,furniture.png,furniture_word_en.mp3,furniture_meaning_ko.mp3,furniture_example_en.mp3,furniture_example_ko.mp3,초급,2
further,더 나아가,,더 나아가 우리는 환경도 생각해야 합니다.,"Furthermore, we should also think about the environment.",further.png,further_word_en.mp3,further_meaning_ko.mp3,further_example_en.mp3,further_example_ko.mp3,초급,2
gallery,미술관,,주말에 친구와 미술관에 갔습니다.,I went to an art gallery with my friend on the weekend.,gallery.png,gallery_word_en.mp3,gallery_meaning_ko.mp3,gallery_example_en.mp3,gallery_example_ko.mp3,초급,2
gap,틈,,문과 벽 사이에 작은 틈이 있습니다.,There is a small gap between the door and the wall.,gap.png,gap_word_en.mp3,gap_meaning_ko.mp3,gap_example_en.mp3,gap_example_ko.mp3,초급,2
gas,가스,,가스 냄새가 나면 창문을 여세요.,"If you smell gas, open the window.",gas.png,gas_word_en.mp3,gas_meaning_ko.mp3,gas_example_en.mp3,gas_example_ko.mp3,초급,2
gate,대문,,집 앞의 대문이 열려 있습니다.,The gate in front of the house is open.,gate.png,gate_word_en.mp3,gate_meaning_ko.mp3,gate_example_en.mp3,gate_example_ko.mp3,여행,2
general,일반적인,,이것은 일반적인 문제입니다.,This is a general problem.,general.png,general_word_en.mp3,general_meaning_ko.mp3,general_example_en.mp3,general_example_ko.mp3,초급,2
gift,선물,,친구에게 생일 선물을 주었습니다.,I gave my friend a birthday gift.,gift.png,gift_word_en.mp3,gift_meaning_ko.mp3,gift_example_en.mp3,gift_example_ko.mp3,쇼핑,2
goal,목표,,제 목표는 한국어를 잘하는 것입니다.,My goal is to speak Korean well.,goal.png,goal_word_en.mp3,goal_meaning_ko.mp3,goal_example_en.mp3,goal_example_ko.mp3,비즈니스,3
god,신,,많은 사람들은 신에게 기도합니다.,Many people pray to God.,god.png,god_word_en.mp3,god_meaning_ko.mp3,god_example_en.mp3,god_example_ko.mp3,초급,2
gold,금,,그 반지는 금으로 만들어졌습니다.,That ring is made of gold.,gold.png,gold_word_en.mp3,gold_meaning_ko.mp3,gold_example_en.mp3,gold_example_ko.mp3,초급,2
golf,골프,,아버지는 주말마다 골프를 치세요.,My father plays golf every weekend.,golf.png,golf_word_en.mp3,golf_meaning_ko.mp3,golf_example_en.mp3,golf_example_ko.mp3,초급,2
government,정부,,정부는 새로운 법을 발표했어요.,The government announced a new law.,government.png,government_word_en.mp3,government_meaning_ko.mp3,government_example_en.mp3,government_example_ko.mp3,초급,2
grass,잔디,,아이들이 잔디 위에서 뛰어놀아요.,The children run and play on the grass.,grass.png,grass_word_en.mp3,grass_meaning_ko.mp3,grass_example_en.mp3,grass_example_ko.mp3,초급,2
greet,인사하다,,학생들은 선생님께 밝게 인사했어요.,The students greeted the teacher cheerfully.,greet.png,greet_word_en.mp3,greet_meaning_ko.mp3,greet_example_en.mp3,greet_example_ko.mp3,초급,2
ground,지면,,비가 와서 지면이 젖었어요.,The ground got wet because it rained.,ground.png,ground_word_en.mp3,ground_meaning_ko.mp3,ground_example_en.mp3,ground_example_ko.mp3,초급,2
guest,손님,,오늘 우리 집에 손님이 왔어요.,A guest came to our house today.,guest.png,guest_word_en.mp3,guest_meaning_ko.mp3,guest_example_en.mp3,guest_example_ko.mp3,초급,2
guide,안내하다,,직원이 우리를 회의실로 안내했어요.,The employee guided us to the meeting room.,guide.png,guide_word_en.mp3,guide_meaning_ko.mp3,guide_example_en.mp3,guide_example_ko.mp3,여행,2
gun,총,,박물관에 오래된 총이 전시되어 있어요.,An old gun is displayed in the museum.,gun.png,gun_word_en.mp3,gun_meaning_ko.mp3,gun_example_en.mp3,gun_example_ko.mp3,위기탈출,3
guy,남자,,저 남자는 우리 반 친구예요.,That guy is my classmate.,guy.png,guy_word_en.mp3,guy_meaning_ko.mp3,guy_example_en.mp3,guy_example_ko.mp3,초급,2
habit,습관,,아침에 물을 마시는 것은 좋은 습관이에요.,Drinking water in the morning is a good habit.,habit.png,habit_word_en.mp3,habit_meaning_ko.mp3,habit_example_en.mp3,habit_example_ko.mp3,초급,2
hall,복도,,복도에서 뛰면 위험해요.,It is dangerous to run in the hall.,hall.png,hall_word_en.mp3,hall_meaning_ko.mp3,hall_example_en.mp3,hall_example_ko.mp3,초급,2
happily,행복하게,,그들은 행복하게 함께 살았어요.,They lived happily together.,happily.png,happily_word_en.mp3,happily_meaning_ko.mp3,happily_example_en.mp3,happily_example_ko.mp3,초급,2
headache,두통,,오늘은 두통이 있어서 쉬고 싶어요.,"I have a headache today, so I want to rest.",headache.png,headache_word_en.mp3,headache_meaning_ko.mp3,headache_example_en.mp3,headache_example_ko.mp3,초급,2
heart,심장,,운동을 하면 심장이 빨리 뛰어요.,"When I exercise, my heart beats fast.",heart.png,heart_word_en.mp3,heart_meaning_ko.mp3,heart_example_en.mp3,heart_example_ko.mp3,초급,2
heat,열기,,난로의 열기가 방을 따뜻하게 했어요.,The heat from the heater made the room warm.,heat.png,heat_word_en.mp3,heat_meaning_ko.mp3,heat_example_en.mp3,heat_example_ko.mp3,초급,2
heavy,무거운,,이 가방은 너무 무거워요.,This bag is too heavy.,heavy.png,heavy_word_en.mp3,heavy_meaning_ko.mp3,heavy_example_en.mp3,heavy_example_ko.mp3,초급,2
height,높이,,이 건물의 높이는 100미터예요.,The height of this building is 100 meters.,height.png,height_word_en.mp3,height_meaning_ko.mp3,height_example_en.mp3,height_example_ko.mp3,초급,2
helpful,유용한,,이 책은 한국어 공부에 유용해요.,This book is helpful for studying Korean.,helpful.png,helpful_word_en.mp3,helpful_meaning_ko.mp3,helpful_example_en.mp3,helpful_example_ko.mp3,초급,2
hero,영웅,,그 소방관은 많은 사람들의 영웅이에요.,That firefighter is a hero to many people.,hero.png,hero_word_en.mp3,hero_meaning_ko.mp3,hero_example_en.mp3,hero_example_ko.mp3,초급,2
hers,그녀의 것,,이 모자는 그녀의 것이에요.,This hat is hers.,,hers_word_en.mp3,hers_meaning_ko.mp3,hers_example_en.mp3,hers_example_ko.mp3,초급,2
herself,그녀 자신,,그녀는 자기 자신을 믿어요.,She believes in herself.,herself.png,herself_word_en.mp3,herself_meaning_ko.mp3,herself_example_en.mp3,herself_example_ko.mp3,초급,2
hide,숨기다,,아이는 장난감을 침대 밑에 숨겼어요.,The child hid the toy under the bed.,hide.png,hide_word_en.mp3,hide_meaning_ko.mp3,hide_example_en.mp3,hide_example_ko.mp3,초급,2
hill,언덕,,우리는 작은 언덕을 올라갔어요.,We climbed a small hill.,hill.png,hill_word_en.mp3,hill_meaning_ko.mp3,hill_example_en.mp3,hill_example_ko.mp3,여행,2
himself,그 자신,,그는 자기 자신을 자랑스러워해요.,He is proud of himself.,himself.png,himself_word_en.mp3,himself_meaning_ko.mp3,himself_example_en.mp3,himself_example_ko.mp3,초급,2
hit,치다,,그는 공을 세게 쳤어요.,He hit the ball hard.,hit.png,hit_word_en.mp3,hit_meaning_ko.mp3,hit_example_en.mp3,hit_example_ko.mp3,초급,2
hockey,하키,,겨울에 우리는 하키 경기를 봤어요.,We watched a hockey game in winter.,hockey.png,hockey_word_en.mp3,hockey_meaning_ko.mp3,hockey_example_en.mp3,hockey_example_ko.mp3,초급,2
hold,잡다,,아이가 엄마의 손을 꼭 잡았어요.,The child held his mother's hand tightly.,hold.png,hold_word_en.mp3,hold_meaning_ko.mp3,hold_example_en.mp3,hold_example_ko.mp3,초급,2
hole,구멍,,양말에 작은 구멍이 났어요.,A small hole appeared in the sock.,hole.png,hole_word_en.mp3,hole_meaning_ko.mp3,hole_example_en.mp3,hole_example_ko.mp3,초급,2
huge,거대한,,바다에서 거대한 고래를 봤어요.,I saw a huge whale in the sea.,huge.png,huge_word_en.mp3,huge_meaning_ko.mp3,huge_example_en.mp3,huge_example_ko.mp3,초급,2
human,인간,,인간은 서로 도우며 살아가요.,Humans live by helping one another.,human.png,human_word_en.mp3,human_meaning_ko.mp3,human_example_en.mp3,human_example_ko.mp3,비즈니스,3
hurt,아프다,,넘어져서 무릎이 아파요.,"I fell down, so my knee hurts.",hurt.png,hurt_word_en.mp3,hurt_meaning_ko.mp3,hurt_example_en.mp3,hurt_example_ko.mp3,위기탈출,3
ideal,이상적인,,이 집은 우리 가족에게 이상적인 집이에요.,This house is an ideal home for our family.,ideal.png,ideal_word_en.mp3,ideal_meaning_ko.mp3,ideal_example_en.mp3,ideal_example_ko.mp3,초급,2
identify,확인하다,,경찰은 그 사람의 신원을 확인했어요.,The police identified the person's identity.,identify.png,identify_word_en.mp3,identify_meaning_ko.mp3,identify_example_en.mp3,identify_example_ko.mp3,초급,2
ill,아픈,,그는 어제부터 아파서 학교에 못 갔어요.,"He has been ill since yesterday, so he couldn't go to school.",ill.png,ill_word_en.mp3,ill_meaning_ko.mp3,ill_example_en.mp3,ill_example_ko.mp3,위기탈출,3
illness,병,,그 병은 치료가 필요해요.,That illness needs treatment.,illness.png,illness_word_en.mp3,illness_meaning_ko.mp3,illness_example_en.mp3,illness_example_ko.mp3,위기탈출,3
image,이미지,,그 회사는 좋은 이미지를 가지고 있어요.,That company has a good image.,image.png,image_word_en.mp3,image_meaning_ko.mp3,image_example_en.mp3,image_example_ko.mp3,초급,2
immediately,즉시,,불이 나면 즉시 밖으로 나가세요.,"If there is a fire, go outside immediately.",immediately.png,immediately_word_en.mp3,immediately_meaning_ko.mp3,immediately_example_en.mp3,immediately_example_ko.mp3,초급,2
impossible,불가능한,,혼자서 이 일을 끝내는 것은 불가능해요.,It is impossible to finish this work alone.,impossible.png,impossible_word_en.mp3,impossible_meaning_ko.mp3,impossible_example_en.mp3,impossible_example_ko.mp3,초급,2
included,포함된,,가격에 포함된 아침 식사가 맛있었어요.,The breakfast included in the price was delicious.,included.png,included_word_en.mp3,included_meaning_ko.mp3,included_example_en.mp3,included_example_ko.mp3,초급,2
including,포함하여,,우리 가족은 저를 포함하여 네 명이에요.,"My family has four people, including me.",including.png,including_word_en.mp3,including_meaning_ko.mp3,including_example_en.mp3,including_example_ko.mp3,초급,2
increase,증가하다,,운동을 하면 체력이 증가해요.,"If you exercise, your strength increases.",increase.png,increase_word_en.mp3,increase_meaning_ko.mp3,increase_example_en.mp3,increase_example_ko.mp3,초급,2
incredible,놀라운,,그 마술사의 공연은 정말 놀라웠어요.,The magician's performance was truly incredible.,incredible.png,incredible_word_en.mp3,incredible_meaning_ko.mp3,incredible_example_en.mp3,incredible_example_ko.mp3,초급,2
independent,독립적인,,그녀는 독립적인 생활을 하고 있어요.,She is living an independent life.,independent.png,independent_word_en.mp3,independent_meaning_ko.mp3,independent_example_en.mp3,independent_example_ko.mp3,초급,2
individual,개인,,우리는 개인의 의견을 존중해야 해요.,We should respect each individual's opinion.,individual.png,individual_word_en.mp3,individual_meaning_ko.mp3,individual_example_en.mp3,individual_example_ko.mp3,초급,2
industry,산업,,한국의 반도체 산업은 매우 중요해요.,Korea's semiconductor industry is very important.,industry.png,industry_word_en.mp3,industry_meaning_ko.mp3,industry_example_en.mp3,industry_example_ko.mp3,비즈니스,3
informal,비공식적인,,오늘 회의는 비공식적인 모임이에요.,Today's meeting is an informal gathering.,informal.png,informal_word_en.mp3,informal_meaning_ko.mp3,informal_example_en.mp3,informal_example_ko.mp3,초급,2
injury,부상,,그 선수는 경기 중에 부상을 입었어요.,The player got an injury during the game.,injury.png,injury_word_en.mp3,injury_meaning_ko.mp3,injury_example_en.mp3,injury_example_ko.mp3,위기탈출,3
insect,곤충,,나비는 아름다운 곤충이에요.,A butterfly is a beautiful insect.,insect.png,insect_word_en.mp3,insect_meaning_ko.mp3,insect_example_en.mp3,insect_example_ko.mp3,초급,2
inside,안에,,상자 안에 선물이 있어요.,There is a gift inside the box.,inside.png,inside_word_en.mp3,inside_meaning_ko.mp3,inside_example_en.mp3,inside_example_ko.mp3,초급,2
instead,대신에,,오늘은 커피 대신에 차를 마셨어요.,Today I drank tea instead of coffee.,instead.png,instead_word_en.mp3,instead_meaning_ko.mp3,instead_example_en.mp3,instead_example_ko.mp3,초급,2
instruction,지시,,선생님의 지시를 잘 들으세요.,Listen carefully to the teacher's instruction.,instruction.png,instruction_word_en.mp3,instruction_meaning_ko.mp3,instruction_example_en.mp3,instruction_example_ko.mp3,초급,2
instructor,강사,,요가 강사가 자세를 알려 주었어요.,The yoga instructor taught us the posture.,instructor.png,instructor_word_en.mp3,instructor_meaning_ko.mp3,instructor_example_en.mp3,instructor_example_ko.mp3,초급,2
instrument,악기,,피아노는 제가 좋아하는 악기예요.,The piano is my favorite instrument.,instrument.png,instrument_word_en.mp3,instrument_meaning_ko.mp3,instrument_example_en.mp3,instrument_example_ko.mp3,초급,2
intelligent,영리한,,그 학생은 매우 영리해서 문제를 빨리 풀어요.,That student is very intelligent and solves problems quickly.,intelligent.png,intelligent_word_en.mp3,intelligent_meaning_ko.mp3,intelligent_example_en.mp3,intelligent_example_ko.mp3,초급,2
international,국제적인,,서울에서 국제적인 회의가 열렸어요.,An international conference was held in Seoul.,international.png,international_word_en.mp3,international_meaning_ko.mp3,international_example_en.mp3,international_example_ko.mp3,여행,2
introduction,소개,,수업 첫날에 자기소개를 했어요.,"On the first day of class, I gave an introduction of myself.",introduction.png,introduction_word_en.mp3,introduction_meaning_ko.mp3,introduction_example_en.mp3,introduction_example_ko.mp3,초급,2
invent,발명하다,,그 과학자는 새로운 기계를 발명했어요.,The scientist invented a new machine.,invent.png,invent_word_en.mp3,invent_meaning_ko.mp3,invent_example_en.mp3,invent_example_ko.mp3,초급,2
invention,발명,,전기의 발명은 세상을 크게 바꾸었어요.,The invention of electricity greatly changed the world.,invention.png,invention_word_en.mp3,invention_meaning_ko.mp3,invention_example_en.mp3,invention_example_ko.mp3,초급,2
invitation,초대,,친구에게 생일 파티 초대를 받았어요.,I received an invitation to a birthday party from my friend.,invitation.png,invitation_word_en.mp3,invitation_meaning_ko.mp3,invitation_example_en.mp3,invitation_example_ko.mp3,초급,2
invite,초대하다,,저는 친구들을 집에 초대했어요.,I invited my friends to my house.,invite.png,invite_word_en.mp3,invite_meaning_ko.mp3,invite_example_en.mp3,invite_example_ko.mp3,초급,2
involve,포함하다,,이 일은 많은 단계를 포함해요.,This work involves many steps.,involve.png,involve_word_en.mp3,involve_meaning_ko.mp3,involve_example_en.mp3,involve_example_ko.mp3,초급,2
item,품목,,이 품목은 세일 중이에요.,This item is on sale.,item.png,item_word_en.mp3,item_meaning_ko.mp3,item_example_en.mp3,item_example_ko.mp3,쇼핑,2
itself,그것 자체,,선물보다 그것 자체에 담긴 마음이 더 중요해요.,The feeling in it itself is more important than the gift.,itself.png,itself_word_en.mp3,itself_meaning_ko.mp3,itself_example_en.mp3,itself_example_ko.mp3,초급,2
jam,잼,,저는 아침에 빵에 딸기잼을 발라 먹어요.,I spread strawberry jam on bread in the morning.,jam.png,jam_word_en.mp3,jam_meaning_ko.mp3,jam_example_en.mp3,jam_example_ko.mp3,초급,2
jazz,재즈,,카페에서 부드러운 재즈 음악이 흘러나왔어요.,Soft jazz music was playing in the cafe.,jazz.png,jazz_word_en.mp3,jazz_meaning_ko.mp3,jazz_example_en.mp3,jazz_example_ko.mp3,초급,2
jewellery,보석류,,그 가게는 아름다운 보석류를 팔아요.,That store sells beautiful jewellery.,jewellery.png,jewellery_word_en.mp3,jewellery_meaning_ko.mp3,jewellery_example_en.mp3,jewellery_example_ko.mp3,쇼핑,2
joke,농담,,민수의 농담에 모두가 웃었어요.,Everyone laughed at Minsu's joke.,joke.png,joke_word_en.mp3,joke_meaning_ko.mp3,joke_example_en.mp3,joke_example_ko.mp3,초급,2
journalist,기자,,그 기자는 사고 현장을 취재했어요.,The journalist reported from the scene of the accident.,journalist.png,journalist_word_en.mp3,journalist_meaning_ko.mp3,journalist_example_en.mp3,journalist_example_ko.mp3,초급,2
jump,뛰다,,아이가 물웅덩이를 보고 높이 뛰었어요.,The child jumped high when he saw the puddle.,jump.png,jump_word_en.mp3,jump_meaning_ko.mp3,jump_example_en.mp3,jump_example_ko.mp3,초급,2
kid,아이,,공원에서 아이들이 신나게 놀고 있어요.,Kids are playing happily in the park.,kid.png,kid_word_en.mp3,kid_meaning_ko.mp3,kid_example_en.mp3,kid_example_ko.mp3,초급,2
kill,죽이다,,이 약은 나쁜 세균을 죽여요.,This medicine kills harmful bacteria.,kill.png,kill_word_en.mp3,kill_meaning_ko.mp3,kill_example_en.mp3,kill_example_ko.mp3,위기탈출,3
king,왕,,옛날에 이 나라에는 지혜로운 왕이 있었어요.,"Long ago, there was a wise king in this country.",king.png,king_word_en.mp3,king_meaning_ko.mp3,king_example_en.mp3,king_example_ko.mp3,초급,2
knee,무릎,,넘어져서 무릎이 아파요.,"I fell down, so my knee hurts.",knee.png,knee_word_en.mp3,knee_meaning_ko.mp3,knee_example_en.mp3,knee_example_ko.mp3,초급,2
knife,칼,,엄마는 칼로 사과를 잘랐어요.,Mom cut the apple with a knife.,knife.png,knife_word_en.mp3,knife_meaning_ko.mp3,knife_example_en.mp3,knife_example_ko.mp3,위기탈출,3
knock,두드리다,,문을 두드리고 들어오세요.,Please knock on the door and come in.,knock.png,knock_word_en.mp3,knock_meaning_ko.mp3,knock_example_en.mp3,knock_example_ko.mp3,초급,2
knowledge,지식,,책을 많이 읽으면 지식이 늘어요.,"If you read many books, your knowledge increases.",knowledge.png,knowledge_word_en.mp3,knowledge_meaning_ko.mp3,knowledge_example_en.mp3,knowledge_example_ko.mp3,초급,2
lab,연구실,,학생들은 연구실에서 실험을 했어요.,The students did an experiment in the lab.,lab.png,lab_word_en.mp3,lab_meaning_ko.mp3,lab_example_en.mp3,lab_example_ko.mp3,초급,2
lady,여성,,그 여성은 길을 잃은 아이를 도와주었어요.,The lady helped the lost child.,lady.png,lady_word_en.mp3,lady_meaning_ko.mp3,lady_example_en.mp3,lady_example_ko.mp3,초급,2
lake,호수,,우리는 주말에 호수 옆에서 산책했어요.,We took a walk by the lake on the weekend.,lake.png,lake_word_en.mp3,lake_meaning_ko.mp3,lake_example_en.mp3,lake_example_ko.mp3,여행,2
lamp,램프,,책상 위의 램프를 켰어요.,I turned on the lamp on the desk.,lamp.png,lamp_word_en.mp3,lamp_meaning_ko.mp3,lamp_example_en.mp3,lamp_example_ko.mp3,초급,2
laptop,노트북,,저는 노트북으로 숙제를 해요.,I do my homework on a laptop.,laptop.png,laptop_word_en.mp3,laptop_meaning_ko.mp3,laptop_example_en.mp3,laptop_example_ko.mp3,초급,2
laughter,웃음,,교실 안에 밝은 웃음이 가득했어요.,The classroom was filled with bright laughter.,laughter.png,laughter_word_en.mp3,laughter_meaning_ko.mp3,laughter_example_en.mp3,laughter_example_ko.mp3,초급,2
law,법,,모든 사람은 법을 지켜야 해요.,Everyone must follow the law.,law.png,law_word_en.mp3,law_meaning_ko.mp3,law_example_en.mp3,law_example_ko.mp3,초급,2
lawyer,변호사,,그 변호사는 손님에게 법적인 조언을 해 주었어요.,The lawyer gave legal advice to the client.,lawyer.png,lawyer_word_en.mp3,lawyer_meaning_ko.mp3,lawyer_example_en.mp3,lawyer_example_ko.mp3,초급,2
lazy,게으른,,게으른 학생은 숙제를 자주 미뤄요.,A lazy student often puts off homework.,lazy.png,lazy_word_en.mp3,lazy_meaning_ko.mp3,lazy_example_en.mp3,lazy_example_ko.mp3,초급,2
lead,이끌다,,선생님이 학생들을 박물관 안으로 이끌었어요.,The teacher led the students into the museum.,lead.png,lead_word_en.mp3,lead_meaning_ko.mp3,lead_example_en.mp3,lead_example_ko.mp3,초급,2
leader,지도자,,좋은 지도자는 사람들의 말을 잘 들어요.,A good leader listens well to people.,leader.png,leader_word_en.mp3,leader_meaning_ko.mp3,leader_example_en.mp3,leader_example_ko.mp3,초급,2
learning,학습,,꾸준한 학습은 실력을 높여 줘요.,Steady learning improves your skills.,learning.png,learning_word_en.mp3,learning_meaning_ko.mp3,learning_example_en.mp3,learning_example_ko.mp3,초급,2
least,가장 적은,,이 상자에는 가장 적은 사과가 들어 있어요.,This box has the least apples in it.,least.png,least_word_en.mp3,least_meaning_ko.mp3,least_example_en.mp3,least_example_ko.mp3,초급,2
lecture,강의,,오늘 강의는 매우 재미있었어요.,Today's lecture was very interesting.,lecture.png,lecture_word_en.mp3,lecture_meaning_ko.mp3,lecture_example_en.mp3,lecture_example_ko.mp3,초급,2
lemon,레몬,,레몬은 맛이 시어요.,A lemon tastes sour.,lemon.png,lemon_word_en.mp3,lemon_meaning_ko.mp3,lemon_example_en.mp3,lemon_example_ko.mp3,초급,2
lend,빌려주다,,친구가 저에게 우산을 빌려주었어요.,My friend lent me an umbrella.,lend.png,lend_word_en.mp3,lend_meaning_ko.mp3,lend_example_en.mp3,lend_example_ko.mp3,초급,2
less,더 적은,,오늘은 어제보다 더 적은 사람이 왔어요.,Fewer people came today than yesterday.,less.png,less_word_en.mp3,less_meaning_ko.mp3,less_example_en.mp3,less_example_ko.mp3,초급,2
level,수준,,이 책은 초급 수준의 학생에게 좋아요.,This book is good for beginner-level students.,level.png,level_word_en.mp3,level_meaning_ko.mp3,level_example_en.mp3,level_example_ko.mp3,초급,2
lifestyle,생활 방식,,건강한 생활 방식은 매일의 습관에서 시작돼요.,A healthy lifestyle begins with daily habits.,lifestyle.png,lifestyle_word_en.mp3,lifestyle_meaning_ko.mp3,lifestyle_example_en.mp3,lifestyle_example_ko.mp3,초급,2
lift,들어 올리다,,그는 무거운 상자를 들어 올렸어요.,He lifted the heavy box.,lift.png,lift_word_en.mp3,lift_meaning_ko.mp3,lift_example_en.mp3,lift_example_ko.mp3,초급,2
likely,~할 것 같은,,내일은 비가 올 것 같아요.,It is likely to rain tomorrow.,likely.png,likely_word_en.mp3,likely_meaning_ko.mp3,likely_example_en.mp3,likely_example_ko.mp3,초급,2
link,연결,,이 연결을 누르면 새 페이지가 열려요.,"If you click this link, a new page opens.",link.png,link_word_en.mp3,link_meaning_ko.mp3,link_example_en.mp3,link_example_ko.mp3,초급,2
listener,청취자,,라디오 청취자들이 노래를 신청했어요.,The radio listeners requested songs.,listener.png,listener_word_en.mp3,listener_meaning_ko.mp3,listener_example_en.mp3,listener_example_ko.mp3,초급,2
lock,잠그다,,집을 나가기 전에 문을 꼭 잠그세요.,Be sure to lock the door before leaving the house.,lock.png,lock_word_en.mp3,lock_meaning_ko.mp3,lock_example_en.mp3,lock_example_ko.mp3,초급,2
lorry,화물 자동차,,큰 화물 자동차가 공사장으로 들어갔어요.,A large lorry entered the construction site.,lorry.png,lorry_word_en.mp3,lorry_meaning_ko.mp3,lorry_example_en.mp3,lorry_example_ko.mp3,초급,2
lost,길을 잃은,,길을 잃은 관광객이 경찰에게 도움을 요청했어요.,The lost tourist asked the police for help.,lost.png,lost_word_en.mp3,lost_meaning_ko.mp3,lost_example_en.mp3,lost_example_ko.mp3,위기탈출,3
loud,시끄러운,,시끄러운 음악 때문에 잠을 잘 수 없었어요.,I could not sleep because of the loud music.,loud.png,loud_word_en.mp3,loud_meaning_ko.mp3,loud_example_en.mp3,loud_example_ko.mp3,초급,2
loudly,큰 소리로,,그는 친구의 이름을 큰 소리로 불렀어요.,He called his friend's name loudly.,loudly.png,loudly_word_en.mp3,loudly_meaning_ko.mp3,loudly_example_en.mp3,loudly_example_ko.mp3,초급,2
lovely,사랑스러운,,그 강아지는 정말 사랑스러운 얼굴을 가지고 있어요.,That puppy has a really lovely face.,lovely.png,lovely_word_en.mp3,lovely_meaning_ko.mp3,lovely_example_en.mp3,lovely_example_ko.mp3,초급,2
low,낮은,,이 의자는 높이가 낮아서 아이에게 좋아요.,"This chair is low, so it is good for a child.",low.png,low_word_en.mp3,low_meaning_ko.mp3,low_example_en.mp3,low_example_ko.mp3,초급,2
luck,운,,시험에서 좋은 운이 따르길 바라요.,I hope you have good luck on the test.,luck.png,luck_word_en.mp3,luck_meaning_ko.mp3,luck_example_en.mp3,luck_example_ko.mp3,초급,2
lucky,운이 좋은,,저는 마지막 표를 사서 운이 좋았어요.,I was lucky because I bought the last ticket.,lucky.png,lucky_word_en.mp3,lucky_meaning_ko.mp3,lucky_example_en.mp3,lucky_example_ko.mp3,초급,2
mail,우편물,,아침에 우편물이 집 앞에 도착했어요.,The mail arrived in front of the house in the morning.,mail.png,mail_word_en.mp3,mail_meaning_ko.mp3,mail_example_en.mp3,mail_example_ko.mp3,초급,2
major,주요한,,교통은 이 도시의 주요한 문제예요.,Traffic is a major problem in this city.,major.png,major_word_en.mp3,major_meaning_ko.mp3,major_example_en.mp3,major_example_ko.mp3,초급,2
male,남성,,이 화장실은 남성 전용이에요.,This restroom is for males only.,male.png,male_word_en.mp3,male_meaning_ko.mp3,male_example_en.mp3,male_example_ko.mp3,초급,2
manage,관리하다,,그녀는 작은 가게를 혼자 관리해요.,She manages a small store by herself.,manage.png,manage_word_en.mp3,manage_meaning_ko.mp3,manage_example_en.mp3,manage_example_ko.mp3,초급,2
manager,관리자,,관리자가 직원들에게 일정을 설명했어요.,The manager explained the schedule to the employees.,manager.png,manager_word_en.mp3,manager_meaning_ko.mp3,manager_example_en.mp3,manager_example_ko.mp3,비즈니스,3
manner,방식,,그는 항상 친절한 방식으로 말해요.,He always speaks in a kind manner.,manner.png,manner_word_en.mp3,manner_meaning_ko.mp3,manner_example_en.mp3,manner_example_ko.mp3,초급,2
mark,표시,,중요한 부분에 빨간 표시를 했어요.,I made a red mark on the important part.,mark.png,mark_word_en.mp3,mark_meaning_ko.mp3,mark_example_en.mp3,mark_example_ko.mp3,초급,2
marry,결혼하다,,두 사람은 내년에 결혼할 거예요.,The two people will marry next year.,marry.png,marry_word_en.mp3,marry_meaning_ko.mp3,marry_example_en.mp3,marry_example_ko.mp3,초급,2
material,재료,,이 가방은 튼튼한 재료로 만들었어요.,This bag was made with strong material.,material.png,material_word_en.mp3,material_meaning_ko.mp3,material_example_en.mp3,material_example_ko.mp3,초급,2
mathematics,수학,,수학은 숫자와 모양을 배우는 과목이에요.,Mathematics is a subject where you learn about numbers and shapes.,mathematics.png,mathematics_word_en.mp3,mathematics_meaning_ko.mp3,mathematics_example_en.mp3,mathematics_example_ko.mp3,초급,2
maths,수학,,저는 매일 수학 문제를 풀어요.,I solve maths problems every day.,maths.png,maths_word_en.mp3,maths_meaning_ko.mp3,maths_example_en.mp3,maths_example_ko.mp3,초급,2
matter,문제,,이 문제는 빨리 해결해야 해요.,This matter needs to be solved quickly.,matter.png,matter_word_en.mp3,matter_meaning_ko.mp3,matter_example_en.mp3,matter_example_ko.mp3,초급,2
media,미디어,,요즘 사람들은 미디어를 통해 뉴스를 많이 봐요.,"These days, people often watch the news through media.",media.png,media_word_en.mp3,media_meaning_ko.mp3,media_example_en.mp3,media_example_ko.mp3,초급,2
medical,의료의,,그 마을에는 의료의 도움이 필요한 사람들이 많아요.,There are many people in that village who need medical help.,medical.png,medical_word_en.mp3,medical_meaning_ko.mp3,medical_example_en.mp3,medical_example_ko.mp3,위기탈출,3
medicine,약,,감기에 걸려서 약을 먹었어요.,I took medicine because I caught a cold.,medicine.png,medicine_word_en.mp3,medicine_meaning_ko.mp3,medicine_example_en.mp3,medicine_example_ko.mp3,위기탈출,3
memory,기억,,어릴 때의 기억이 아직도 생생해요.,The memory of my childhood is still vivid.,memory.png,memory_word_en.mp3,memory_meaning_ko.mp3,memory_example_en.mp3,memory_example_ko.mp3,초급,2
mention,언급하다,,선생님은 수업 중에 시험 날짜를 언급했어요.,The teacher mentioned the exam date during class.,mention.png,mention_word_en.mp3,mention_meaning_ko.mp3,mention_example_en.mp3,mention_example_ko.mp3,초급,2
metal,금속,,이 의자는 금속으로 만들어졌어요.,This chair is made of metal.,metal.png,metal_word_en.mp3,metal_meaning_ko.mp3,metal_example_en.mp3,metal_example_ko.mp3,초급,2
method,방법,,이 문제를 푸는 좋은 방법이 있어요.,There is a good method for solving this problem.,method.png,method_word_en.mp3,method_meaning_ko.mp3,method_example_en.mp3,method_example_ko.mp3,초급,2
middle,가운데,,친구가 방 가운데에 서 있어요.,My friend is standing in the middle of the room.,middle.png,middle_word_en.mp3,middle_meaning_ko.mp3,middle_example_en.mp3,middle_example_ko.mp3,초급,2
might,~일지도 모른다,,내일 비가 올지도 몰라요.,It might rain tomorrow.,,might_word_en.mp3,might_meaning_ko.mp3,might_example_en.mp3,might_example_ko.mp3,초급,2
mind,마음,,그 말을 듣고 마음이 아팠어요.,My mind felt hurt after hearing those words.,mind.png,mind_word_en.mp3,mind_meaning_ko.mp3,mind_example_en.mp3,mind_example_ko.mp3,초급,2
mine,내 것,,이 가방은 내 것이에요.,This bag is mine.,,mine_word_en.mp3,mine_meaning_ko.mp3,mine_example_en.mp3,mine_example_ko.mp3,초급,2
mirror,거울,,아침마다 거울을 보고 머리를 빗어요.,"Every morning, I look in the mirror and brush my hair.",mirror.png,mirror_word_en.mp3,mirror_meaning_ko.mp3,mirror_example_en.mp3,mirror_example_ko.mp3,초급,2
missing,잃어버린,,잃어버린 지갑을 경찰서에서 찾았어요.,I found my missing wallet at the police station.,missing.png,missing_word_en.mp3,missing_meaning_ko.mp3,missing_example_en.mp3,missing_example_ko.mp3,위기탈출,3
mobile,핸드폰,,핸드폰을 집에 두고 왔어요.,I left my mobile phone at home.,mobile.png,mobile_word_en.mp3,mobile_meaning_ko.mp3,mobile_example_en.mp3,mobile_example_ko.mp3,초급,2
monkey,원숭이,,동물원에서 원숭이가 바나나를 먹고 있어요.,A monkey is eating a banana at the zoo.,monkey.png,monkey_word_en.mp3,monkey_meaning_ko.mp3,monkey_example_en.mp3,monkey_example_ko.mp3,초급,2
moon,달,,오늘 밤에는 달이 아주 밝아요.,The moon is very bright tonight.,moon.png,moon_word_en.mp3,moon_meaning_ko.mp3,moon_example_en.mp3,moon_example_ko.mp3,초급,2
mostly,주로,,저는 주로 집에서 공부해요.,I mostly study at home.,mostly.png,mostly_word_en.mp3,mostly_meaning_ko.mp3,mostly_example_en.mp3,mostly_example_ko.mp3,초급,2
motorcycle,오토바이,,아버지는 오토바이를 타고 회사에 가세요.,My father goes to work by motorcycle.,motorcycle.png,motorcycle_word_en.mp3,motorcycle_meaning_ko.mp3,motorcycle_example_en.mp3,motorcycle_example_ko.mp3,여행,2
movement,움직임,,아기의 움직임이 아주 귀여워요.,The baby's movement is very cute.,movement.png,movement_word_en.mp3,movement_meaning_ko.mp3,movement_example_en.mp3,movement_example_ko.mp3,초급,2
musical,뮤지컬,,주말에 친구와 뮤지컬을 보러 갔어요.,I went to see a musical with my friend on the weekend.,musical.png,musical_word_en.mp3,musical_meaning_ko.mp3,musical_example_en.mp3,musical_example_ko.mp3,초급,2
musician,음악가,,그는 유명한 음악가가 되고 싶어 해요.,He wants to become a famous musician.,musician.png,musician_word_en.mp3,musician_meaning_ko.mp3,musician_example_en.mp3,musician_example_ko.mp3,초급,2
myself,나 자신,,나는 나 자신을 더 믿기로 했어요.,I decided to believe in myself more.,myself.png,myself_word_en.mp3,myself_meaning_ko.mp3,myself_example_en.mp3,myself_example_ko.mp3,초급,2
narrow,좁은,,이 골목은 너무 좁아서 차가 지나가기 어려워요.,This alley is so narrow that it is hard for a car to pass through.,narrow.png,narrow_word_en.mp3,narrow_meaning_ko.mp3,narrow_example_en.mp3,narrow_example_ko.mp3,초급,2
national,국가의,,오늘은 국가의 중요한 기념일이에요.,Today is an important national holiday.,national.png,national_word_en.mp3,national_meaning_ko.mp3,national_example_en.mp3,national_example_ko.mp3,여행,2
nature,자연,,우리는 자연을 보호해야 해요.,We should protect nature.,nature.png,nature_word_en.mp3,nature_meaning_ko.mp3,nature_example_en.mp3,nature_example_ko.mp3,여행,2
nearly,거의,,숙제를 거의 다 끝냈어요.,I nearly finished all of my homework.,nearly.png,nearly_word_en.mp3,nearly_meaning_ko.mp3,nearly_example_en.mp3,nearly_example_ko.mp3,초급,2
necessary,필요한,,여행에는 여권이 필요한 물건이에요.,A passport is a necessary item for travel.,necessary.png,necessary_word_en.mp3,necessary_meaning_ko.mp3,necessary_example_en.mp3,necessary_example_ko.mp3,초급,2
neck,목,,오래 앉아 있었더니 목이 아파요.,My neck hurts because I sat for a long time.,neck.png,neck_word_en.mp3,neck_meaning_ko.mp3,neck_example_en.mp3,neck_example_ko.mp3,초급,2
neither,둘 다 아닌,,이 두 신발은 둘 다 제 것이 아니에요.,Neither of these two shoes is mine.,neither.png,neither_word_en.mp3,neither_meaning_ko.mp3,neither_example_en.mp3,neither_example_ko.mp3,초급,2
nervous,긴장한,,시험 전에 너무 긴장했어요.,I was very nervous before the test.,nervous.png,nervous_word_en.mp3,nervous_meaning_ko.mp3,nervous_example_en.mp3,nervous_example_ko.mp3,초급,2
network,네트워크,,회사 컴퓨터가 네트워크에 연결되어 있어요.,The company computer is connected to the network.,network.png,network_word_en.mp3,network_meaning_ko.mp3,network_example_en.mp3,network_example_ko.mp3,비즈니스,3
noise,소음,,밖의 소음 때문에 잠을 잘 수 없었어요.,I could not sleep because of the noise outside.,noise.png,noise_word_en.mp3,noise_meaning_ko.mp3,noise_example_en.mp3,noise_example_ko.mp3,초급,2
noisy,시끄러운,,교실이 너무 시끄러워서 선생님이 화를 내셨어요.,The classroom was so noisy that the teacher got angry.,noisy.png,noisy_word_en.mp3,noisy_meaning_ko.mp3,noisy_example_en.mp3,noisy_example_ko.mp3,초급,2
none,아무것도 없음,,상자 안에는 아무것도 없어요.,There is nothing in the box.,none.png,none_word_en.mp3,none_meaning_ko.mp3,none_example_en.mp3,none_example_ko.mp3,초급,2
normal,정상적인,,검사 결과가 정상적이라서 안심했어요.,I felt relieved because the test result was normal.,normal.png,normal_word_en.mp3,normal_meaning_ko.mp3,normal_example_en.mp3,normal_example_ko.mp3,초급,2
normally,일반적으로,,일반적으로 학생들은 아침에 학교에 가요.,"Normally, students go to school in the morning.",normally.png,normally_word_en.mp3,normally_meaning_ko.mp3,normally_example_en.mp3,normally_example_ko.mp3,초급,2
notice,알아차리다,,나는 친구의 새 머리 모양을 바로 알아차렸어요.,I noticed my friend's new hairstyle right away.,notice.png,notice_word_en.mp3,notice_meaning_ko.mp3,notice_example_en.mp3,notice_example_ko.mp3,초급,2
novel,소설,,저는 밤마다 소설을 읽어요.,I read a novel every night.,novel.png,novel_word_en.mp3,novel_meaning_ko.mp3,novel_example_en.mp3,novel_example_ko.mp3,초급,2
nowhere,아무 데도,,열쇠를 아무 데도 찾을 수 없었어요.,I could not find the key anywhere.,nowhere.png,nowhere_word_en.mp3,nowhere_meaning_ko.mp3,nowhere_example_en.mp3,nowhere_example_ko.mp3,초급,2
nut,견과류,,저는 간식으로 견과류를 먹어요.,I eat nuts as a snack.,nut.png,nut_word_en.mp3,nut_meaning_ko.mp3,nut_example_en.mp3,nut_example_ko.mp3,초급,2
ocean,대양,,태평양은 세계에서 가장 큰 대양이에요.,The Pacific is the largest ocean in the world.,ocean.png,ocean_word_en.mp3,ocean_meaning_ko.mp3,ocean_example_en.mp3,ocean_example_ko.mp3,여행,2
offer,제안하다,,친구가 나에게 도움을 제안했어요.,My friend offered me help.,offer.png,offer_word_en.mp3,offer_meaning_ko.mp3,offer_example_en.mp3,offer_example_ko.mp3,쇼핑,2
officer,경찰관,,경찰관이 길을 건너는 아이를 도와주었어요.,The police officer helped a child cross the street.,officer.png,officer_word_en.mp3,officer_meaning_ko.mp3,officer_example_en.mp3,officer_example_ko.mp3,초급,2
oil,기름,,프라이팬에 기름을 조금 넣었어요.,I put a little oil in the frying pan.,oil.png,oil_word_en.mp3,oil_meaning_ko.mp3,oil_example_en.mp3,oil_example_ko.mp3,초급,2
onto,위로,,고양이가 의자 위로 뛰어올랐어요.,The cat jumped onto the chair.,onto.png,onto_word_en.mp3,onto_meaning_ko.mp3,onto_example_en.mp3,onto_example_ko.mp3,초급,2
opportunity,기회,,이번 여행은 새로운 문화를 배울 좋은 기회예요.,This trip is a good opportunity to learn about a new culture.,opportunity.png,opportunity_word_en.mp3,opportunity_meaning_ko.mp3,opportunity_example_en.mp3,opportunity_example_ko.mp3,초급,2
option,선택,,우리는 두 가지 선택이 있어요.,We have two options.,option.png,option_word_en.mp3,option_meaning_ko.mp3,option_example_en.mp3,option_example_ko.mp3,초급,2
ordinary,평범한,,오늘은 특별한 일 없는 평범한 하루였어요.,Today was an ordinary day with nothing special.,ordinary.png,ordinary_word_en.mp3,ordinary_meaning_ko.mp3,ordinary_example_en.mp3,ordinary_example_ko.mp3,초급,2
organization,조직,,그 조직은 어린이들을 돕고 있어요.,The organization is helping children.,organization.png,organization_word_en.mp3,organization_meaning_ko.mp3,organization_example_en.mp3,organization_example_ko.mp3,비즈니스,3
organize,조직하다,,학생들은 청소 팀을 조직했어요.,The students organized a cleaning team.,organize.png,organize_word_en.mp3,organize_meaning_ko.mp3,organize_example_en.mp3,organize_example_ko.mp3,초급,2
original,원래의,,이 그림의 원래의 색은 파란색이었어요.,The original color of this painting was blue.,original.png,original_word_en.mp3,original_meaning_ko.mp3,original_example_en.mp3,original_example_ko.mp3,초급,2
ourselves,우리 자신,,우리는 우리 자신을 믿어야 해요.,We should believe in ourselves.,ourselves.png,ourselves_word_en.mp3,ourselves_meaning_ko.mp3,ourselves_example_en.mp3,ourselves_example_ko.mp3,초급,2
oven,오븐,,엄마가 오븐에서 빵을 구웠어요.,Mom baked bread in the oven.,oven.png,oven_word_en.mp3,oven_meaning_ko.mp3,oven_example_en.mp3,oven_example_ko.mp3,초급,2
owner,소유자,,이 가게의 소유자는 아주 친절해요.,The owner of this store is very kind.,owner.png,owner_word_en.mp3,owner_meaning_ko.mp3,owner_example_en.mp3,owner_example_ko.mp3,비즈니스,3
pack,짐을 싸다,,여행 전에 짐을 싸야 해요.,I have to pack my bags before the trip.,pack.png,pack_word_en.mp3,pack_meaning_ko.mp3,pack_example_en.mp3,pack_example_ko.mp3,여행,2
pain,고통,,다리를 다쳐서 큰 고통을 느꼈어요.,I felt great pain because I hurt my leg.,pain.png,pain_word_en.mp3,pain_meaning_ko.mp3,pain_example_en.mp3,pain_example_ko.mp3,위기탈출,3
painter,화가,,그 화가는 아름다운 풍경을 그렸어요.,The painter painted a beautiful landscape.,painter.png,painter_word_en.mp3,painter_meaning_ko.mp3,painter_example_en.mp3,painter_example_ko.mp3,초급,2
palace,궁전,,서울에는 오래된 궁전이 많아요.,There are many old palaces in Seoul.,palace.png,palace_word_en.mp3,palace_meaning_ko.mp3,palace_example_en.mp3,palace_example_ko.mp3,여행,2
pants,바지,,새 바지가 너무 편해요.,My new pants are very comfortable.,pants.png,pants_word_en.mp3,pants_meaning_ko.mp3,pants_example_en.mp3,pants_example_ko.mp3,쇼핑,2
parking,주차,,이 건물 앞에는 주차가 금지되어 있어요.,Parking is prohibited in front of this building.,parking.png,parking_word_en.mp3,parking_meaning_ko.mp3,parking_example_en.mp3,parking_example_ko.mp3,초급,2
particular,특정한,,나는 특정한 날짜에만 시간이 있어요.,I am available only on a particular date.,particular.png,particular_word_en.mp3,particular_meaning_ko.mp3,particular_example_en.mp3,particular_example_ko.mp3,초급,2
pass,통과하다,,자동차가 긴 터널을 통과했어요.,The car passed through the long tunnel.,pass.png,pass_word_en.mp3,pass_meaning_ko.mp3,pass_example_en.mp3,pass_example_ko.mp3,초급,2
passenger,승객,,버스 안에는 승객이 많았어요.,There were many passengers on the bus.,passenger.png,passenger_word_en.mp3,passenger_meaning_ko.mp3,passenger_example_en.mp3,passenger_example_ko.mp3,초급,2
patient,환자,,의사가 환자의 상태를 확인했어요.,The doctor checked the patient's condition.,patient.png,patient_word_en.mp3,patient_meaning_ko.mp3,patient_example_en.mp3,patient_example_ko.mp3,위기탈출,3
pattern,무늬,,이 셔츠에는 꽃무늬가 있어요.,This shirt has a flower pattern.,pattern.png,pattern_word_en.mp3,pattern_meaning_ko.mp3,pattern_example_en.mp3,pattern_example_ko.mp3,초급,2
peace,평화,,우리는 세계 평화를 원해요.,We want world peace.,peace.png,peace_word_en.mp3,peace_meaning_ko.mp3,peace_example_en.mp3,peace_example_ko.mp3,초급,2
penny,페니,,그는 길에서 1페니를 주웠어요.,He picked up one penny on the street.,penny.png,penny_word_en.mp3,penny_meaning_ko.mp3,penny_example_en.mp3,penny_example_ko.mp3,초급,2
per,마다,,이 버스는 10분마다 와요.,This bus comes every 10 minutes.,per.png,per_word_en.mp3,per_meaning_ko.mp3,per_example_en.mp3,per_example_ko.mp3,초급,2
per cent,퍼센트,,시험 점수가 90퍼센트였어요.,My test score was 90 percent.,per_cent.png,per_cent_word_en.mp3,per_cent_meaning_ko.mp3,per_cent_example_en.mp3,per_cent_example_ko.mp3,초급,2
perform,공연하다,,그 가수는 오늘 밤 무대에서 공연해요.,The singer performs on stage tonight.,perform.png,perform_word_en.mp3,perform_meaning_ko.mp3,perform_example_en.mp3,perform_example_ko.mp3,초급,2
perhaps,어쩌면,,어쩌면 내일 비가 올지도 몰라요.,Perhaps it will rain tomorrow.,perhaps.png,perhaps_word_en.mp3,perhaps_meaning_ko.mp3,perhaps_example_en.mp3,perhaps_example_ko.mp3,초급,2
permission,허가,,사진을 찍기 전에 허가를 받으세요.,Please get permission before taking pictures.,permission.png,permission_word_en.mp3,permission_meaning_ko.mp3,permission_example_en.mp3,permission_example_ko.mp3,초급,2
personality,성격,,민수는 밝은 성격을 가지고 있어요.,Minsu has a cheerful personality.,personality.png,personality_word_en.mp3,personality_meaning_ko.mp3,personality_example_en.mp3,personality_example_ko.mp3,초급,2
pet,애완동물,,우리 집 애완동물은 작은 강아지예요.,Our pet is a small dog.,pet.png,pet_word_en.mp3,pet_meaning_ko.mp3,pet_example_en.mp3,pet_example_ko.mp3,초급,2
petrol,가솔린,,차에 가솔린을 넣어야 해요.,I need to put petrol in the car.,petrol.png,petrol_word_en.mp3,petrol_meaning_ko.mp3,petrol_example_en.mp3,petrol_example_ko.mp3,초급,2
physical,신체적인,,운동은 신체적인 건강에 좋아요.,Exercise is good for physical health.,physical.png,physical_word_en.mp3,physical_meaning_ko.mp3,physical_example_en.mp3,physical_example_ko.mp3,초급,2
physics,물리학,,나는 학교에서 물리학을 배워요.,I study physics at school.,physics.png,physics_word_en.mp3,physics_meaning_ko.mp3,physics_example_en.mp3,physics_example_ko.mp3,초급,2
pick,고르다,,너는 어떤 색을 고르고 싶어?,Which color do you want to pick?,pick.png,pick_word_en.mp3,pick_meaning_ko.mp3,pick_example_en.mp3,pick_example_ko.mp3,초급,2
pilot,조종사,,조종사가 비행기를 안전하게 운전했어요.,The pilot flew the airplane safely.,pilot.png,pilot_word_en.mp3,pilot_meaning_ko.mp3,pilot_example_en.mp3,pilot_example_ko.mp3,여행,2
planet,행성,,지구는 우리가 사는 행성이에요.,Earth is the planet we live on.,planet.png,planet_word_en.mp3,planet_meaning_ko.mp3,planet_example_en.mp3,planet_example_ko.mp3,초급,2
plastic,플라스틱,,이 컵은 플라스틱으로 만들어졌어요.,This cup is made of plastic.,plastic.png,plastic_word_en.mp3,plastic_meaning_ko.mp3,plastic_example_en.mp3,plastic_example_ko.mp3,초급,2
plate,접시,,접시 위에 케이크가 있어요.,There is cake on the plate.,plate.png,plate_word_en.mp3,plate_meaning_ko.mp3,plate_example_en.mp3,plate_example_ko.mp3,초급,2
platform,승강장,,기차는 3번 승강장에서 출발해요.,The train leaves from platform 3.,platform.png,platform_word_en.mp3,platform_meaning_ko.mp3,platform_example_en.mp3,platform_example_ko.mp3,여행,2
pleased,기쁜,,나는 좋은 소식을 듣고 기뻤어요.,I was pleased to hear the good news.,pleased.png,pleased_word_en.mp3,pleased_meaning_ko.mp3,pleased_example_en.mp3,pleased_example_ko.mp3,초급,2
pocket,주머니,,그는 주머니에 열쇠를 넣었어요.,He put the key in his pocket.,pocket.png,pocket_word_en.mp3,pocket_meaning_ko.mp3,pocket_example_en.mp3,pocket_example_ko.mp3,쇼핑,2
polite,공손한,,그 학생은 선생님께 공손한 말투로 말했어요.,The student spoke to the teacher in a polite way.,polite.png,polite_word_en.mp3,polite_meaning_ko.mp3,polite_example_en.mp3,polite_example_ko.mp3,초급,2
pollution,오염,,공기 오염이 점점 심해지고 있어요.,Air pollution is getting worse.,pollution.png,pollution_word_en.mp3,pollution_meaning_ko.mp3,pollution_example_en.mp3,pollution_example_ko.mp3,초급,2
pop,팝,,나는 운전할 때 팝 음악을 들어요.,I listen to pop music when I drive.,pop.png,pop_word_en.mp3,pop_meaning_ko.mp3,pop_example_en.mp3,pop_example_ko.mp3,초급,2
population,인구,,이 도시의 인구는 매우 많아요.,The population of this city is very large.,population.png,population_word_en.mp3,population_meaning_ko.mp3,population_example_en.mp3,population_example_ko.mp3,초급,2
position,위치,,지도에서 우리 집의 위치를 찾았어요.,I found the position of my house on the map.,position.png,position_word_en.mp3,position_meaning_ko.mp3,position_example_en.mp3,position_example_ko.mp3,비즈니스,3
possession,소유,,이 자전거는 내 소유예요.,This bicycle is my possession.,possession.png,possession_word_en.mp3,possession_meaning_ko.mp3,possession_example_en.mp3,possession_example_ko.mp3,초급,2
possibility,가능성,,오늘 밤 눈이 올 가능성이 있어요.,There is a possibility of snow tonight.,possibility.png,possibility_word_en.mp3,possibility_meaning_ko.mp3,possibility_example_en.mp3,possibility_example_ko.mp3,초급,2
poster,포스터,,벽에 영화 포스터를 붙였어요.,I put a movie poster on the wall.,poster.png,poster_word_en.mp3,poster_meaning_ko.mp3,poster_example_en.mp3,poster_example_ko.mp3,초급,2
power,힘,,그 선수는 다리에 힘이 아주 좋아요.,That athlete has great power in his legs.,power.png,power_word_en.mp3,power_meaning_ko.mp3,power_example_en.mp3,power_example_ko.mp3,초급,2
predict,예상하다,,전문가들은 내년 경제를 예상했어요.,Experts predicted next year's economy.,predict.png,predict_word_en.mp3,predict_meaning_ko.mp3,predict_example_en.mp3,predict_example_ko.mp3,초급,2
president,대통령,,대통령은 국민에게 연설을 했어요.,The president gave a speech to the people.,president.png,president_word_en.mp3,president_meaning_ko.mp3,president_example_en.mp3,president_example_ko.mp3,비즈니스,3
prevent,방지하다,,손을 자주 씻으면 감기를 방지할 수 있어요.,Washing your hands often can prevent a cold.,prevent.png,prevent_word_en.mp3,prevent_meaning_ko.mp3,prevent_example_en.mp3,prevent_example_ko.mp3,초급,2
print,인쇄하다,,선생님은 시험지를 인쇄했어요.,The teacher printed the test papers.,print.png,print_word_en.mp3,print_meaning_ko.mp3,print_example_en.mp3,print_example_ko.mp3,초급,2
printer,프린터,,프린터에 종이가 없어요.,There is no paper in the printer.,printer.png,printer_word_en.mp3,printer_meaning_ko.mp3,printer_example_en.mp3,printer_example_ko.mp3,초급,2
prison,감옥,,그 남자는 감옥에 갔어요.,The man went to prison.,prison.png,prison_word_en.mp3,prison_meaning_ko.mp3,prison_example_en.mp3,prison_example_ko.mp3,위기탈출,3
prize,상,,수지는 그림 대회에서 상을 받았어요.,Suji won a prize in the drawing contest.,prize.png,prize_word_en.mp3,prize_meaning_ko.mp3,prize_example_en.mp3,prize_example_ko.mp3,초급,2
process,과정,,요리를 배우는 과정이 재미있어요.,The process of learning to cook is fun.,process.png,process_word_en.mp3,process_meaning_ko.mp3,process_example_en.mp3,process_example_ko.mp3,초급,2
produce,생산하다,,이 공장은 자동차 부품을 생산해요.,This factory produces car parts.,produce.png,produce_word_en.mp3,produce_meaning_ko.mp3,produce_example_en.mp3,produce_example_ko.mp3,초급,2
professional,전문적인,,그는 전문적인 사진작가예요.,He is a professional photographer.,professional.png,professional_word_en.mp3,professional_meaning_ko.mp3,professional_example_en.mp3,professional_example_ko.mp3,비즈니스,3
professor,교수,,교수님은 대학에서 역사를 가르쳐요.,The professor teaches history at a university.,professor.png,professor_word_en.mp3,professor_meaning_ko.mp3,professor_example_en.mp3,professor_example_ko.mp3,초급,2
profile,프로필,,그녀는 회사 웹사이트에 프로필을 올렸어요.,She posted her profile on the company website.,profile.png,profile_word_en.mp3,profile_meaning_ko.mp3,profile_example_en.mp3,profile_example_ko.mp3,초급,2
program,프로그램,,나는 매일 아침 뉴스 프로그램을 봐요.,I watch a news program every morning.,program.png,program_word_en.mp3,program_meaning_ko.mp3,program_example_en.mp3,program_example_ko.mp3,초급,2
progress,진전,,프로젝트에 큰 진전이 있었어요.,There was great progress in the project.,progress.png,progress_word_en.mp3,progress_meaning_ko.mp3,progress_example_en.mp3,progress_example_ko.mp3,초급,2
promise,약속,,나는 친구와의 약속을 지켰어요.,I kept my promise to my friend.,promise.png,promise_word_en.mp3,promise_meaning_ko.mp3,promise_example_en.mp3,promise_example_ko.mp3,초급,2
pronounce,발음하다,,이 단어를 천천히 발음해 보세요.,Please try to pronounce this word slowly.,pronounce.png,pronounce_word_en.mp3,pronounce_meaning_ko.mp3,pronounce_example_en.mp3,pronounce_example_ko.mp3,초급,2
protect,보호하다,,우리는 자연을 보호해야 해요.,We must protect nature.,protect.png,protect_word_en.mp3,protect_meaning_ko.mp3,protect_example_en.mp3,protect_example_ko.mp3,초급,2
provide,제공하다,,학교는 학생들에게 점심을 제공해요.,The school provides lunch to the students.,provide.png,provide_word_en.mp3,provide_meaning_ko.mp3,provide_example_en.mp3,provide_example_ko.mp3,초급,2
pub,술집,,우리는 저녁에 작은 술집에 갔어요.,We went to a small pub in the evening.,pub.png,pub_word_en.mp3,pub_meaning_ko.mp3,pub_example_en.mp3,pub_example_ko.mp3,초급,2
public,공공의,,공공의 장소에서는 조용히 해야 해요.,You should be quiet in public places.,public.png,public_word_en.mp3,public_meaning_ko.mp3,public_example_en.mp3,public_example_ko.mp3,초급,2
publish,출판하다,,그 작가는 새 소설을 출판했어요.,The writer published a new novel.,publish.png,publish_word_en.mp3,publish_meaning_ko.mp3,publish_example_en.mp3,publish_example_ko.mp3,초급,2
pull,당기다,,문을 열려면 손잡이를 당기세요.,Pull the handle to open the door.,pull.png,pull_word_en.mp3,pull_meaning_ko.mp3,pull_example_en.mp3,pull_example_ko.mp3,초급,2
purpose,목적,,이 여행의 목적은 가족을 만나는 것이에요.,The purpose of this trip is to meet my family.,purpose.png,purpose_word_en.mp3,purpose_meaning_ko.mp3,purpose_example_en.mp3,purpose_example_ko.mp3,초급,2
push,밀다,,문을 열려면 가볍게 미세요.,Push the door gently to open it.,push.png,push_word_en.mp3,push_meaning_ko.mp3,push_example_en.mp3,push_example_ko.mp3,초급,2
quality,품질,,이 가방은 품질이 좋아요.,This bag has good quality.,quality.png,quality_word_en.mp3,quality_meaning_ko.mp3,quality_example_en.mp3,quality_example_ko.mp3,비즈니스,3
quantity,양,,주문하기 전에 필요한 양을 확인하세요.,Check the quantity you need before ordering.,quantity.png,quantity_word_en.mp3,quantity_meaning_ko.mp3,quantity_example_en.mp3,quantity_example_ko.mp3,초급,2
queen,여왕,,그 나라의 여왕은 국민들에게 사랑받았어요.,The queen of that country was loved by the people.,queen.png,queen_word_en.mp3,queen_meaning_ko.mp3,queen_example_en.mp3,queen_example_ko.mp3,초급,2
quietly,조용히,,아기는 조용히 잠을 자고 있어요.,The baby is sleeping quietly.,quietly.png,quietly_word_en.mp3,quietly_meaning_ko.mp3,quietly_example_en.mp3,quietly_example_ko.mp3,초급,2
race,경주,,우리는 학교 운동장에서 경주를 했어요.,We had a race on the school playground.,race.png,race_word_en.mp3,race_meaning_ko.mp3,race_example_en.mp3,race_example_ko.mp3,초급,2
railway,철도,,이 철도는 서울과 부산을 연결해요.,This railway connects Seoul and Busan.,railway.png,railway_word_en.mp3,railway_meaning_ko.mp3,railway_example_en.mp3,railway_example_ko.mp3,여행,2
raise,올리다,,선생님이 손을 올리라고 했어요.,The teacher told us to raise our hands.,raise.png,raise_word_en.mp3,raise_meaning_ko.mp3,raise_example_en.mp3,raise_example_ko.mp3,초급,2
rate,비율,,이 지역의 실업 비율이 낮아졌어요.,The unemployment rate in this region has decreased.,rate.png,rate_word_en.mp3,rate_meaning_ko.mp3,rate_example_en.mp3,rate_example_ko.mp3,초급,2
rather,꽤,,오늘 날씨가 꽤 추워요.,The weather is rather cold today.,rather.png,rather_word_en.mp3,rather_meaning_ko.mp3,rather_example_en.mp3,rather_example_ko.mp3,초급,2
reach,도착하다,,우리는 저녁 7시에 호텔에 도착했어요.,We reached the hotel at 7 p.m.,reach.png,reach_word_en.mp3,reach_meaning_ko.mp3,reach_example_en.mp3,reach_example_ko.mp3,초급,2
react,반응하다,,그는 나쁜 소식에 차분하게 반응했어요.,He reacted calmly to the bad news.,react.png,react_word_en.mp3,react_meaning_ko.mp3,react_example_en.mp3,react_example_ko.mp3,초급,2
realize,깨닫다,,나는 내 실수를 늦게 깨달았어요.,I realized my mistake late.,realize.png,realize_word_en.mp3,realize_meaning_ko.mp3,realize_example_en.mp3,realize_example_ko.mp3,초급,2
receive,받다,,저는 친구에게서 편지를 받았어요.,I received a letter from my friend.,receive.png,receive_word_en.mp3,receive_meaning_ko.mp3,receive_example_en.mp3,receive_example_ko.mp3,초급,2
recent,최근의,,최근의 연구 결과가 매우 흥미로워요.,The recent research results are very interesting.,recent.png,recent_word_en.mp3,recent_meaning_ko.mp3,recent_example_en.mp3,recent_example_ko.mp3,초급,2
recently,최근에,,저는 최근에 새 일을 시작했어요.,I recently started a new job.,recently.png,recently_word_en.mp3,recently_meaning_ko.mp3,recently_example_en.mp3,recently_example_ko.mp3,초급,2
reception,접수처,,호텔 접수처에서 방 열쇠를 받았어요.,I got the room key at the hotel reception desk.,reception.png,reception_word_en.mp3,reception_meaning_ko.mp3,reception_example_en.mp3,reception_example_ko.mp3,초급,2
recipe,조리법,,이 케이크 조리법은 아주 쉬워요.,This cake recipe is very easy.,recipe.png,recipe_word_en.mp3,recipe_meaning_ko.mp3,recipe_example_en.mp3,recipe_example_ko.mp3,초급,2
recognize,알아보다,,오랜만에 만났지만 나는 그를 바로 알아보았어요.,"Although we met after a long time, I recognized him right away.",recognize.png,recognize_word_en.mp3,recognize_meaning_ko.mp3,recognize_example_en.mp3,recognize_example_ko.mp3,초급,2
recommend,추천하다,,친구가 이 책을 추천했어요.,My friend recommended this book.,recommend.png,recommend_word_en.mp3,recommend_meaning_ko.mp3,recommend_example_en.mp3,recommend_example_ko.mp3,초급,2
record,기록,,그 선수는 새로운 기록을 세웠어요.,The athlete set a new record.,record.png,record_word_en.mp3,record_meaning_ko.mp3,record_example_en.mp3,record_example_ko.mp3,초급,2
recording,녹음,,수업 녹음을 다시 들었어요.,I listened to the class recording again.,recording.png,recording_word_en.mp3,recording_meaning_ko.mp3,recording_example_en.mp3,recording_example_ko.mp3,초급,2
recycle,재활용하다,,우리는 종이와 플라스틱을 재활용해요.,We recycle paper and plastic.,recycle.png,recycle_word_en.mp3,recycle_meaning_ko.mp3,recycle_example_en.mp3,recycle_example_ko.mp3,초급,2
reduce,줄이다,,건강을 위해 설탕을 줄이려고 해요.,I am trying to reduce sugar for my health.,reduce.png,reduce_word_en.mp3,reduce_meaning_ko.mp3,reduce_example_en.mp3,reduce_example_ko.mp3,초급,2
refer,언급하다,,그는 회의에서 중요한 문제를 언급했어요.,He referred to an important issue in the meeting.,refer.png,refer_word_en.mp3,refer_meaning_ko.mp3,refer_example_en.mp3,refer_example_ko.mp3,초급,2
refuse,거절하다,,그녀는 정중하게 초대를 거절했어요.,She politely refused the invitation.,refuse.png,refuse_word_en.mp3,refuse_meaning_ko.mp3,refuse_example_en.mp3,refuse_example_ko.mp3,초급,2
region,지역,,이 지역은 겨울에 눈이 많이 와요.,This region gets a lot of snow in winter.,region.png,region_word_en.mp3,region_meaning_ko.mp3,region_example_en.mp3,region_example_ko.mp3,여행,2
regular,규칙적인,,규칙적인 운동은 건강에 좋아요.,Regular exercise is good for your health.,regular.png,regular_word_en.mp3,regular_meaning_ko.mp3,regular_example_en.mp3,regular_example_ko.mp3,초급,2
relationship,관계,,두 사람은 좋은 관계를 유지하고 있어요.,The two people are maintaining a good relationship.,relationship.png,relationship_word_en.mp3,relationship_meaning_ko.mp3,relationship_example_en.mp3,relationship_example_ko.mp3,초급,2
remove,제거하다,,책상 위의 먼지를 제거했어요.,I removed the dust from the desk.,remove.png,remove_word_en.mp3,remove_meaning_ko.mp3,remove_example_en.mp3,remove_example_ko.mp3,초급,2
repair,수리하다,,아버지가 고장 난 자전거를 수리했어요.,My father repaired the broken bicycle.,repair.png,repair_word_en.mp3,repair_meaning_ko.mp3,repair_example_en.mp3,repair_example_ko.mp3,초급,2
replace,교체하다,,오래된 전구를 새 전구로 교체했어요.,I replaced the old light bulb with a new one.,replace.png,replace_word_en.mp3,replace_meaning_ko.mp3,replace_example_en.mp3,replace_example_ko.mp3,초급,2
reply,대답,,그의 대답은 짧고 간단했어요.,His reply was short and simple.,reply.png,reply_word_en.mp3,reply_meaning_ko.mp3,reply_example_en.mp3,reply_example_ko.mp3,초급,2
reporter,기자,,기자가 사고 현장에서 뉴스를 전했어요.,The reporter delivered the news from the scene of the accident.,reporter.png,reporter_word_en.mp3,reporter_meaning_ko.mp3,reporter_example_en.mp3,reporter_example_ko.mp3,초급,2
request,요청,,고객의 요청을 직원이 바로 처리했어요.,The employee handled the customer's request right away.,request.png,request_word_en.mp3,request_meaning_ko.mp3,request_example_en.mp3,request_example_ko.mp3,초급,2
research,연구,,그 교수는 환경에 대한 연구를 하고 있어요.,The professor is doing research on the environment.,research.png,research_word_en.mp3,research_meaning_ko.mp3,research_example_en.mp3,research_example_ko.mp3,초급,2
researcher,연구원,,그 연구원은 새로운 약을 개발하고 있어요.,The researcher is developing a new medicine.,researcher.png,researcher_word_en.mp3,researcher_meaning_ko.mp3,researcher_example_en.mp3,researcher_example_ko.mp3,초급,2
respond,대답하다,,학생들은 선생님의 질문에 대답했어요.,The students responded to the teacher's question.,respond.png,respond_word_en.mp3,respond_meaning_ko.mp3,respond_example_en.mp3,respond_example_ko.mp3,초급,2
response,응답,,그 회사는 고객의 응답을 기다리고 있어요.,The company is waiting for the customer's response.,response.png,response_word_en.mp3,response_meaning_ko.mp3,response_example_en.mp3,response_example_ko.mp3,초급,2
rest,휴식,,일한 후에는 충분한 휴식이 필요해요.,"After working, you need enough rest.",rest.png,rest_word_en.mp3,rest_meaning_ko.mp3,rest_example_en.mp3,rest_example_ko.mp3,초급,2
review,검토하다,,회의 전에 보고서를 검토했어요.,I reviewed the report before the meeting.,review.png,review_word_en.mp3,review_meaning_ko.mp3,review_example_en.mp3,review_example_ko.mp3,초급,2
ring,반지,,그녀는 손가락에 예쁜 반지를 꼈어요.,She wore a pretty ring on her finger.,ring.png,ring_word_en.mp3,ring_meaning_ko.mp3,ring_example_en.mp3,ring_example_ko.mp3,쇼핑,2
rise,오르다,,아침에 해가 동쪽에서 올라요.,The sun rises in the east in the morning.,rise.png,rise_word_en.mp3,rise_meaning_ko.mp3,rise_example_en.mp3,rise_example_ko.mp3,초급,2
rock,바위,,아이들이 큰 바위 위에 앉아 있었어요.,The children were sitting on a big rock.,rock.png,rock_word_en.mp3,rock_meaning_ko.mp3,rock_example_en.mp3,rock_example_ko.mp3,초급,2
role,역할,,그는 팀에서 중요한 역할을 맡고 있어요.,He has an important role on the team.,role.png,role_word_en.mp3,role_meaning_ko.mp3,role_example_en.mp3,role_example_ko.mp3,초급,2
roof,지붕,,비가 와서 지붕이 젖었어요.,The roof got wet because it rained.,roof.png,roof_word_en.mp3,roof_meaning_ko.mp3,roof_example_en.mp3,roof_example_ko.mp3,초급,2
round,둥근,,아이들은 둥근 공을 가지고 놀았어요.,The children played with a round ball.,round.png,round_word_en.mp3,round_meaning_ko.mp3,round_example_en.mp3,round_example_ko.mp3,초급,2
route,노선,,이 버스 노선은 학교 앞을 지나가요.,This bus route passes in front of the school.,route.png,route_word_en.mp3,route_meaning_ko.mp3,route_example_en.mp3,route_example_ko.mp3,여행,2
rubbish,쓰레기,,공원에 쓰레기를 버리지 마세요.,Please do not throw rubbish in the park.,rubbish.png,rubbish_word_en.mp3,rubbish_meaning_ko.mp3,rubbish_example_en.mp3,rubbish_example_ko.mp3,초급,2
rude,무례한,,그런 말은 무례한 행동이에요.,Saying that is rude behavior.,rude.png,rude_word_en.mp3,rude_meaning_ko.mp3,rude_example_en.mp3,rude_example_ko.mp3,초급,2
runner,주자,,그 주자는 결승선까지 빠르게 달렸어요.,The runner ran quickly to the finish line.,runner.png,runner_word_en.mp3,runner_meaning_ko.mp3,runner_example_en.mp3,runner_example_ko.mp3,초급,2
running,달리기,,저는 아침마다 달리기를 해요.,I go running every morning.,running.png,running_word_en.mp3,running_meaning_ko.mp3,running_example_en.mp3,running_example_ko.mp3,초급,2
sadly,슬프게,,그녀는 슬프게 작별 인사를 했어요.,She sadly said goodbye.,sadly.png,sadly_word_en.mp3,sadly_meaning_ko.mp3,sadly_example_en.mp3,sadly_example_ko.mp3,초급,2
safe,안전한,,이 길은 밤에도 안전해요.,This road is safe even at night.,safe.png,safe_word_en.mp3,safe_meaning_ko.mp3,safe_example_en.mp3,safe_example_ko.mp3,초급,2
sail,돛,,배의 하얀 돛이 바람에 펄럭였어요.,The boat's white sail fluttered in the wind.,sail.png,sail_word_en.mp3,sail_meaning_ko.mp3,sail_example_en.mp3,sail_example_ko.mp3,여행,2
sailing,항해,,우리는 주말에 바다로 항해를 떠났어요.,We went sailing on the sea over the weekend.,sailing.png,sailing_word_en.mp3,sailing_meaning_ko.mp3,sailing_example_en.mp3,sailing_example_ko.mp3,초급,2
salary,봉급,,그는 매달 봉급을 받아요.,He receives a salary every month.,salary.png,salary_word_en.mp3,salary_meaning_ko.mp3,salary_example_en.mp3,salary_example_ko.mp3,비즈니스,3
sale,판매,,이 가게는 겨울옷 판매를 시작했어요.,This store started the sale of winter clothes.,sale.png,sale_word_en.mp3,sale_meaning_ko.mp3,sale_example_en.mp3,sale_example_ko.mp3,비즈니스,3
sauce,소스,,파스타에 토마토 소스를 넣었어요.,I put tomato sauce on the pasta.,sauce.png,sauce_word_en.mp3,sauce_meaning_ko.mp3,sauce_example_en.mp3,sauce_example_ko.mp3,초급,2
save,구하다,,소방관이 아이를 불에서 구했어요.,The firefighter saved the child from the fire.,save.png,save_word_en.mp3,save_meaning_ko.mp3,save_example_en.mp3,save_example_ko.mp3,초급,2
scared,겁먹은,,겁먹은 강아지가 제 뒤에 숨었어요.,The scared puppy hid behind me.,scared.png,scared_word_en.mp3,scared_meaning_ko.mp3,scared_example_en.mp3,scared_example_ko.mp3,위기탈출,3
scary,무서운,,그 영화는 너무 무서운 장면이 많아요.,That movie has many very scary scenes.,scary.png,scary_word_en.mp3,scary_meaning_ko.mp3,scary_example_en.mp3,scary_example_ko.mp3,초급,2
scene,장면,,영화의 마지막 장면이 정말 감동적이었어요.,The last scene of the movie was really touching.,scene.png,scene_word_en.mp3,scene_meaning_ko.mp3,scene_example_en.mp3,scene_example_ko.mp3,초급,2
schedule,일정,,오늘 일정이 너무 많아요.,I have too many things on my schedule today.,schedule.png,schedule_word_en.mp3,schedule_meaning_ko.mp3,schedule_example_en.mp3,schedule_example_ko.mp3,비즈니스,3
score,점수,,시험 점수가 생각보다 높았어요.,My test score was higher than I expected.,score.png,score_word_en.mp3,score_meaning_ko.mp3,score_example_en.mp3,score_example_ko.mp3,초급,2
screen,화면,,휴대폰 화면이 깨졌어요.,My phone screen broke.,screen.png,screen_word_en.mp3,screen_meaning_ko.mp3,screen_example_en.mp3,screen_example_ko.mp3,초급,2
search,찾다,,저는 잃어버린 지갑을 찾고 있어요.,I am looking for my lost wallet.,search.png,search_word_en.mp3,search_meaning_ko.mp3,search_example_en.mp3,search_example_ko.mp3,초급,2
season,계절,,제가 가장 좋아하는 계절은 가을이에요.,My favorite season is fall.,season.png,season_word_en.mp3,season_meaning_ko.mp3,season_example_en.mp3,season_example_ko.mp3,여행,2
seat,좌석,,버스에 빈 좌석이 없어요.,There are no empty seats on the bus.,seat.png,seat_word_en.mp3,seat_meaning_ko.mp3,seat_example_en.mp3,seat_example_ko.mp3,초급,2
secondly,둘째로,,"둘째로, 우리는 시간을 잘 지켜야 해요.","Secondly, we should be on time.",secondly.png,secondly_word_en.mp3,secondly_meaning_ko.mp3,secondly_example_en.mp3,secondly_example_ko.mp3,초급,2
secret,비밀,,이 이야기는 우리 둘만의 비밀이에요.,This story is a secret between just the two of us.,secret.png,secret_word_en.mp3,secret_meaning_ko.mp3,secret_example_en.mp3,secret_example_ko.mp3,초급,2
secretary,비서,,비서가 회의 시간을 알려 주었어요.,The secretary told me the meeting time.,secretary.png,secretary_word_en.mp3,secretary_meaning_ko.mp3,secretary_example_en.mp3,secretary_example_ko.mp3,초급,2
seem,보이다,,그 사람은 피곤해 보여요.,That person seems tired.,seem.png,seem_word_en.mp3,seem_meaning_ko.mp3,seem_example_en.mp3,seem_example_ko.mp3,초급,2
sense,감각,,고양이는 냄새를 맡는 감각이 좋아요.,Cats have a good sense of smell.,sense.png,sense_word_en.mp3,sense_meaning_ko.mp3,sense_example_en.mp3,sense_example_ko.mp3,초급,2
separate,분리하다,,쓰레기를 종류별로 분리해야 해요.,We should separate trash by type.,separate.png,separate_word_en.mp3,separate_meaning_ko.mp3,separate_example_en.mp3,separate_example_ko.mp3,초급,2
series,시리즈,,저는 이 드라마 시리즈를 매주 봐요.,I watch this drama series every week.,series.png,series_word_en.mp3,series_meaning_ko.mp3,series_example_en.mp3,series_example_ko.mp3,초급,2
serious,심각한,,그 문제는 아주 심각한 문제예요.,That problem is a very serious problem.,serious.png,serious_word_en.mp3,serious_meaning_ko.mp3,serious_example_en.mp3,serious_example_ko.mp3,위기탈출,3
serve,대접하다,,어머니는 손님에게 차를 대접했어요.,My mother served tea to the guest.,serve.png,serve_word_en.mp3,serve_meaning_ko.mp3,serve_example_en.mp3,serve_example_ko.mp3,초급,2
service,서비스,,이 식당은 서비스가 좋아요.,This restaurant has good service.,service.png,service_word_en.mp3,service_meaning_ko.mp3,service_example_en.mp3,service_example_ko.mp3,비즈니스,3
several,몇몇의,,책상 위에 몇몇의 책이 있어요.,There are several books on the desk.,several.png,several_word_en.mp3,several_meaning_ko.mp3,several_example_en.mp3,several_example_ko.mp3,초급,2
shake,흔들다,,주스를 마시기 전에 병을 흔들어 주세요.,Please shake the bottle before drinking the juice.,shake.png,shake_word_en.mp3,shake_meaning_ko.mp3,shake_example_en.mp3,shake_example_ko.mp3,초급,2
shall,할까요,,우리 같이 점심을 먹을까요?,Shall we have lunch together?,,shall_word_en.mp3,shall_meaning_ko.mp3,shall_example_en.mp3,shall_example_ko.mp3,초급,2
shape,모양,,이 구름은 하트 모양이에요.,This cloud is in the shape of a heart.,shape.png,shape_word_en.mp3,shape_meaning_ko.mp3,shape_example_en.mp3,shape_example_ko.mp3,초급,2
sheet,침대보,,침대보를 깨끗한 것으로 바꿨어요.,I changed the bed sheet to a clean one.,sheet.png,sheet_word_en.mp3,sheet_meaning_ko.mp3,sheet_example_en.mp3,sheet_example_ko.mp3,초급,2
ship,배,,큰 배가 바다 위를 지나가요.,A big ship is passing on the sea.,ship.png,ship_word_en.mp3,ship_meaning_ko.mp3,ship_example_en.mp3,ship_example_ko.mp3,초급,2
shoulder,어깨,,가방이 무거워서 어깨가 아파요.,My shoulder hurts because my bag is heavy.,shoulder.png,shoulder_word_en.mp3,shoulder_meaning_ko.mp3,shoulder_example_en.mp3,shoulder_example_ko.mp3,초급,2
shout,소리치다,,멀리 있는 친구에게 크게 소리쳤어요.,I shouted loudly to my friend far away.,shout.png,shout_word_en.mp3,shout_meaning_ko.mp3,shout_example_en.mp3,shout_example_ko.mp3,위기탈출,3
shut,닫다,,추우니까 창문을 닫아 주세요.,Please shut the window because it is cold.,shut.png,shut_word_en.mp3,shut_meaning_ko.mp3,shut_example_en.mp3,shut_example_ko.mp3,초급,2
side,쪽,,길 오른쪽 쪽으로 걸어가세요.,Please walk on the right side of the road.,side.png,side_word_en.mp3,side_meaning_ko.mp3,side_example_en.mp3,side_example_ko.mp3,초급,2
sign,표지판,,길을 잃어서 표지판을 봤어요.,I looked at the sign because I was lost.,sign.png,sign_word_en.mp3,sign_meaning_ko.mp3,sign_example_en.mp3,sign_example_ko.mp3,초급,2
silver,은,,그 반지는 은으로 만들었어요.,That ring is made of silver.,silver.png,silver_word_en.mp3,silver_meaning_ko.mp3,silver_example_en.mp3,silver_example_ko.mp3,초급,2
simple,간단한,,이 문제는 아주 간단한 문제예요.,This problem is a very simple problem.,simple.png,simple_word_en.mp3,simple_meaning_ko.mp3,simple_example_en.mp3,simple_example_ko.mp3,초급,2
since,이후로,,작년 이후로 저는 매일 운동해요.,"Since last year, I have exercised every day.",since.png,since_word_en.mp3,since_meaning_ko.mp3,since_example_en.mp3,since_example_ko.mp3,초급,2
singing,노래,,저는 그녀의 노래를 좋아해요.,I like her singing.,singing.png,singing_word_en.mp3,singing_meaning_ko.mp3,singing_example_en.mp3,singing_example_ko.mp3,초급,2
single,하나의,,저는 하나의 질문만 할게요.,I will ask only a single question.,single.png,single_word_en.mp3,single_meaning_ko.mp3,single_example_en.mp3,single_example_ko.mp3,초급,2
sir,선생님,,"선생님, 질문이 있어요.","Sir, I have a question.",sir.png,sir_word_en.mp3,sir_meaning_ko.mp3,sir_example_en.mp3,sir_example_ko.mp3,초급,2
site,장소,,이 장소에서 행사가 열릴 거예요.,The event will be held at this site.,site.png,site_word_en.mp3,site_meaning_ko.mp3,site_example_en.mp3,site_example_ko.mp3,초급,2
size,크기,,이 신발은 크기가 저에게 맞아요.,The size of these shoes fits me.,size.png,size_word_en.mp3,size_meaning_ko.mp3,size_example_en.mp3,size_example_ko.mp3,쇼핑,2
ski,스키,,겨울에 친구들과 스키를 타러 갔어요.,I went skiing with my friends in winter.,ski.png,ski_word_en.mp3,ski_meaning_ko.mp3,ski_example_en.mp3,ski_example_ko.mp3,초급,2
skiing,스키,,스키는 겨울에 인기 있는 운동이에요.,Skiing is a popular sport in winter.,skiing.png,skiing_word_en.mp3,skiing_meaning_ko.mp3,skiing_example_en.mp3,skiing_example_ko.mp3,초급,2
skin,피부,,겨울에는 피부가 쉽게 건조해져요.,"In winter, skin gets dry easily.",skin.png,skin_word_en.mp3,skin_meaning_ko.mp3,skin_example_en.mp3,skin_example_ko.mp3,초급,2
sky,하늘,,오늘 하늘이 정말 맑아요.,The sky is really clear today.,sky.png,sky_word_en.mp3,sky_meaning_ko.mp3,sky_example_en.mp3,sky_example_ko.mp3,초급,2
slowly,천천히,,잘 안 들리니까 천천히 말해 주세요.,Please speak slowly because I cannot hear well.,slowly.png,slowly_word_en.mp3,slowly_meaning_ko.mp3,slowly_example_en.mp3,slowly_example_ko.mp3,초급,2
smartphone,스마트폰,,저는 새 스마트폰을 샀어요.,I bought a new smartphone.,smartphone.png,smartphone_word_en.mp3,smartphone_meaning_ko.mp3,smartphone_example_en.mp3,smartphone_example_ko.mp3,초급,2
smell,냄새,,부엌에서 맛있는 냄새가 나요.,A delicious smell is coming from the kitchen.,smell.png,smell_word_en.mp3,smell_meaning_ko.mp3,smell_example_en.mp3,smell_example_ko.mp3,초급,2
smile,미소,,그녀는 밝은 미소로 인사했어요.,She greeted me with a bright smile.,smile.png,smile_word_en.mp3,smile_meaning_ko.mp3,smile_example_en.mp3,smile_example_ko.mp3,초급,2
smoke,연기,,불에서 검은 연기가 나왔어요.,Black smoke came from the fire.,smoke.png,smoke_word_en.mp3,smoke_meaning_ko.mp3,smoke_example_en.mp3,smoke_example_ko.mp3,위기탈출,3
smoking,흡연,,이 건물 안에서는 흡연이 금지되어 있어요.,Smoking is prohibited inside this building.,smoking.png,smoking_word_en.mp3,smoking_meaning_ko.mp3,smoking_example_en.mp3,smoking_example_ko.mp3,초급,2
soap,비누,,손을 비누로 깨끗이 씻었어요.,I washed my hands clean with soap.,soap.png,soap_word_en.mp3,soap_meaning_ko.mp3,soap_example_en.mp3,soap_example_ko.mp3,초급,2
soccer,축구,,저는 주말마다 축구를 해요.,I play soccer every weekend.,soccer.png,soccer_word_en.mp3,soccer_meaning_ko.mp3,soccer_example_en.mp3,soccer_example_ko.mp3,초급,2
social,사회적,,환경 보호는 중요한 사회적 문제예요.,Environmental protection is an important social issue.,social.png,social_word_en.mp3,social_meaning_ko.mp3,social_example_en.mp3,social_example_ko.mp3,초급,2
society,사회,,우리는 더 좋은 사회를 만들고 싶어요.,We want to make a better society.,society.png,society_word_en.mp3,society_meaning_ko.mp3,society_example_en.mp3,society_example_ko.mp3,초급,2
sock,양말,,서랍에서 깨끗한 양말을 꺼냈어요.,I took clean socks out of the drawer.,sock.png,sock_word_en.mp3,sock_meaning_ko.mp3,sock_example_en.mp3,sock_example_ko.mp3,초급,2
soft,부드러운,,이 담요는 정말 부드러운 느낌이에요.,This blanket feels really soft.,soft.png,soft_word_en.mp3,soft_meaning_ko.mp3,soft_example_en.mp3,soft_example_ko.mp3,초급,2
soldier,군인,,그의 형은 군인이에요.,His older brother is a soldier.,soldier.png,soldier_word_en.mp3,soldier_meaning_ko.mp3,soldier_example_en.mp3,soldier_example_ko.mp3,초급,2
solution,해결책,,우리는 이 문제의 해결책을 찾아야 해요.,We need to find a solution to this problem.,solution.png,solution_word_en.mp3,solution_meaning_ko.mp3,solution_example_en.mp3,solution_example_ko.mp3,초급,2
solve,해결하다,,선생님이 어려운 문제를 해결해 주셨어요.,The teacher solved the difficult problem for us.,solve.png,solve_word_en.mp3,solve_meaning_ko.mp3,solve_example_en.mp3,solve_example_ko.mp3,초급,2
somewhere,어딘가,,가방을 어딘가에 두고 온 것 같아요.,I think I left my bag somewhere.,somewhere.png,somewhere_word_en.mp3,somewhere_meaning_ko.mp3,somewhere_example_en.mp3,somewhere_example_ko.mp3,초급,2
sort,종류,,이 가게에는 여러 종류의 빵이 있어요.,This store has many sorts of bread.,sort.png,sort_word_en.mp3,sort_meaning_ko.mp3,sort_example_en.mp3,sort_example_ko.mp3,초급,2
source,출처,,보고서에 정보의 출처를 적어야 해요.,You should write the source of the information in the report.,source.png,source_word_en.mp3,source_meaning_ko.mp3,source_example_en.mp3,source_example_ko.mp3,초급,2
speaker,스피커,,음악을 크게 듣고 싶어서 스피커를 켰어요.,I turned on the speaker because I wanted to listen to music loudly.,speaker.png,speaker_word_en.mp3,speaker_meaning_ko.mp3,speaker_example_en.mp3,speaker_example_ko.mp3,초급,2
specific,구체적인,,구체적인 계획을 먼저 세워야 해요.,We should make a specific plan first.,specific.png,specific_word_en.mp3,specific_meaning_ko.mp3,specific_example_en.mp3,specific_example_ko.mp3,초급,2
speech,연설,,교장 선생님이 짧은 연설을 하셨어요.,The principal gave a short speech.,speech.png,speech_word_en.mp3,speech_meaning_ko.mp3,speech_example_en.mp3,speech_example_ko.mp3,초급,2
speed,속도,,이 차의 속도는 매우 빠릅니다.,The speed of this car is very fast.,speed.png,speed_word_en.mp3,speed_meaning_ko.mp3,speed_example_en.mp3,speed_example_ko.mp3,초급,2
spider,거미,,벽에 작은 거미가 있어요.,There is a small spider on the wall.,spider.png,spider_word_en.mp3,spider_meaning_ko.mp3,spider_example_en.mp3,spider_example_ko.mp3,초급,2
spoon,숟가락,,숟가락으로 국을 먹어요.,I eat soup with a spoon.,spoon.png,spoon_word_en.mp3,spoon_meaning_ko.mp3,spoon_example_en.mp3,spoon_example_ko.mp3,초급,2
square,정사각형,,이 종이는 정사각형 모양입니다.,This paper is in the shape of a square.,square.png,square_word_en.mp3,square_meaning_ko.mp3,square_example_en.mp3,square_example_ko.mp3,초급,2
stage,무대,,가수가 무대 위에서 노래합니다.,The singer sings on the stage.,stage.png,stage_word_en.mp3,stage_meaning_ko.mp3,stage_example_en.mp3,stage_example_ko.mp3,초급,2
stair,계단,,계단을 천천히 올라가세요.,Please go up the stairs slowly.,stair.png,stair_word_en.mp3,stair_meaning_ko.mp3,stair_example_en.mp3,stair_example_ko.mp3,초급,2
stamp,우표,,편지에 우표를 붙였어요.,I put a stamp on the letter.,stamp.png,stamp_word_en.mp3,stamp_meaning_ko.mp3,stamp_example_en.mp3,stamp_example_ko.mp3,초급,2
state,상태,,환자의 상태가 좋아졌습니다.,The patient's condition has improved.,state.png,state_word_en.mp3,state_meaning_ko.mp3,state_example_en.mp3,state_example_ko.mp3,초급,2
steal,훔치다,,남의 물건을 훔치면 안 됩니다.,You must not steal other people's things.,steal.png,steal_word_en.mp3,steal_meaning_ko.mp3,steal_example_en.mp3,steal_example_ko.mp3,위기탈출,3
step,걸음,,아기가 첫 걸음을 뗐어요.,The baby took its first step.,step.png,step_word_en.mp3,step_meaning_ko.mp3,step_example_en.mp3,step_example_ko.mp3,초급,2
stomach,배,,배가 아파서 병원에 갔어요.,I went to the hospital because my stomach hurt.,stomach.png,stomach_word_en.mp3,stomach_meaning_ko.mp3,stomach_example_en.mp3,stomach_example_ko.mp3,초급,2
stone,돌,,아이들이 작은 돌을 주웠어요.,The children picked up a small stone.,stone.png,stone_word_en.mp3,stone_meaning_ko.mp3,stone_example_en.mp3,stone_example_ko.mp3,초급,2
store,가게,,집 앞 가게에서 빵을 샀어요.,I bought bread at the store in front of my house.,store.png,store_word_en.mp3,store_meaning_ko.mp3,store_example_en.mp3,store_example_ko.mp3,쇼핑,2
storm,폭풍,,어젯밤에 큰 폭풍이 왔어요.,A big storm came last night.,storm.png,storm_word_en.mp3,storm_meaning_ko.mp3,storm_example_en.mp3,storm_example_ko.mp3,초급,2
straight,똑바른,,똑바른 길을 따라 걸으세요.,Walk along the straight road.,straight.png,straight_word_en.mp3,straight_meaning_ko.mp3,straight_example_en.mp3,straight_example_ko.mp3,초급,2
strange,이상한,,오늘 이상한 소리를 들었어요.,I heard a strange sound today.,strange.png,strange_word_en.mp3,strange_meaning_ko.mp3,strange_example_en.mp3,strange_example_ko.mp3,초급,2
strategy,전략,,우리 팀은 새로운 전략을 세웠어요.,Our team made a new strategy.,strategy.png,strategy_word_en.mp3,strategy_meaning_ko.mp3,strategy_example_en.mp3,strategy_example_ko.mp3,비즈니스,3
stress,스트레스,,시험 때문에 스트레스를 많이 받았어요.,I had a lot of stress because of the exam.,stress.png,stress_word_en.mp3,stress_meaning_ko.mp3,stress_example_en.mp3,stress_example_ko.mp3,초급,2
structure,구조,,이 건물의 구조는 단순합니다.,The structure of this building is simple.,structure.png,structure_word_en.mp3,structure_meaning_ko.mp3,structure_example_en.mp3,structure_example_ko.mp3,초급,2
stupid,멍청한,,그런 멍청한 행동은 하지 마세요.,Do not do such a stupid thing.,stupid.png,stupid_word_en.mp3,stupid_meaning_ko.mp3,stupid_example_en.mp3,stupid_example_ko.mp3,초급,2
succeed,성공하다,,열심히 노력하면 성공할 수 있어요.,"If you work hard, you can succeed.",succeed.png,succeed_word_en.mp3,succeed_meaning_ko.mp3,succeed_example_en.mp3,succeed_example_ko.mp3,초급,2
successful,성공적인,,그 행사는 매우 성공적인 행사였어요.,That event was a very successful event.,successful.png,successful_word_en.mp3,successful_meaning_ko.mp3,successful_example_en.mp3,successful_example_ko.mp3,비즈니스,3
such,그런,,그런 말은 하지 마세요.,Please do not say such things.,,such_word_en.mp3,such_meaning_ko.mp3,such_example_en.mp3,such_example_ko.mp3,초급,2
suddenly,갑자기,,갑자기 비가 내리기 시작했어요.,"Suddenly, it started to rain.",suddenly.png,suddenly_word_en.mp3,suddenly_meaning_ko.mp3,suddenly_example_en.mp3,suddenly_example_ko.mp3,초급,2
suggest,제안하다,,친구가 좋은 식당을 제안했어요.,My friend suggested a good restaurant.,suggest.png,suggest_word_en.mp3,suggest_meaning_ko.mp3,suggest_example_en.mp3,suggest_example_ko.mp3,초급,2
suggestion,제안,,선생님의 제안을 따르기로 했어요.,I decided to follow the teacher's suggestion.,suggestion.png,suggestion_word_en.mp3,suggestion_meaning_ko.mp3,suggestion_example_en.mp3,suggestion_example_ko.mp3,초급,2
suit,정장,,아버지는 결혼식에 정장을 입고 가셨어요.,My father wore a suit to the wedding.,suit.png,suit_word_en.mp3,suit_meaning_ko.mp3,suit_example_en.mp3,suit_example_ko.mp3,초급,2
support,지원하다,,우리는 그 학생을 지원하기로 했어요.,We decided to support that student.,support.png,support_word_en.mp3,support_meaning_ko.mp3,support_example_en.mp3,support_example_ko.mp3,초급,2
suppose,가정하다,,우리가 내일 만난다고 가정해 봅시다.,Let's suppose that we meet tomorrow.,suppose.png,suppose_word_en.mp3,suppose_meaning_ko.mp3,suppose_example_en.mp3,suppose_example_ko.mp3,초급,2
surprise,놀라움,,그 소식은 모두에게 큰 놀라움이었어요.,The news was a big surprise to everyone.,surprise.png,surprise_word_en.mp3,surprise_meaning_ko.mp3,surprise_example_en.mp3,surprise_example_ko.mp3,초급,2
surprised,놀란,,나는 갑작스러운 선물에 놀란 표정을 지었어요.,I had a surprised expression because of the sudden gift.,surprised.png,surprised_word_en.mp3,surprised_meaning_ko.mp3,surprised_example_en.mp3,surprised_example_ko.mp3,초급,2
surprising,놀라운,,그의 변화는 정말 놀라운 일이었어요.,His change was truly a surprising thing.,surprising.png,surprising_word_en.mp3,surprising_meaning_ko.mp3,surprising_example_en.mp3,surprising_example_ko.mp3,초급,2
survey,설문조사,,학생들은 수업 후에 설문조사에 참여했어요.,The students participated in a survey after class.,survey.png,survey_word_en.mp3,survey_meaning_ko.mp3,survey_example_en.mp3,survey_example_ko.mp3,초급,2
sweet,달콤한,,이 케이크는 달콤한 맛이 납니다.,This cake has a sweet taste.,sweet.png,sweet_word_en.mp3,sweet_meaning_ko.mp3,sweet_example_en.mp3,sweet_example_ko.mp3,초급,2
symbol,상징,,비둘기는 평화의 상징입니다.,A dove is a symbol of peace.,symbol.png,symbol_word_en.mp3,symbol_meaning_ko.mp3,symbol_example_en.mp3,symbol_example_ko.mp3,초급,2
system,체계,,우리 학교는 새로운 체계를 만들었어요.,Our school made a new system.,system.png,system_word_en.mp3,system_meaning_ko.mp3,system_example_en.mp3,system_example_ko.mp3,초급,2
tablet,태블릿,,나는 태블릿으로 영화를 봅니다.,I watch movies on a tablet.,tablet.png,tablet_word_en.mp3,tablet_meaning_ko.mp3,tablet_example_en.mp3,tablet_example_ko.mp3,초급,2
target,목표,,올해의 목표는 한국어를 잘하는 것입니다.,This year's target is to become good at Korean.,target.png,target_word_en.mp3,target_meaning_ko.mp3,target_example_en.mp3,target_example_ko.mp3,비즈니스,3
task,임무,,오늘의 임무는 방을 청소하는 것입니다.,Today's task is to clean the room.,task.png,task_word_en.mp3,task_meaning_ko.mp3,task_example_en.mp3,task_example_ko.mp3,초급,2
taste,맛,,이 음식은 맛이 좋아요.,This food has a good taste.,taste.png,taste_word_en.mp3,taste_meaning_ko.mp3,taste_example_en.mp3,taste_example_ko.mp3,초급,2
teaching,가르침,,선생님의 가르침을 잊지 않겠습니다.,I will not forget the teacher's teaching.,teaching.png,teaching_word_en.mp3,teaching_meaning_ko.mp3,teaching_example_en.mp3,teaching_example_ko.mp3,초급,2
technology,기술,,새로운 기술이 우리의 생활을 편하게 합니다.,New technology makes our lives convenient.,technology.png,technology_word_en.mp3,technology_meaning_ko.mp3,technology_example_en.mp3,technology_example_ko.mp3,비즈니스,3
teenage,청소년의,,청소년의 고민을 이해해야 합니다.,We should understand teenage concerns.,teenage.png,teenage_word_en.mp3,teenage_meaning_ko.mp3,teenage_example_en.mp3,teenage_example_ko.mp3,초급,2
temperature,온도,,오늘은 온도가 많이 올라갔어요.,The temperature went up a lot today.,temperature.png,temperature_word_en.mp3,temperature_meaning_ko.mp3,temperature_example_en.mp3,temperature_example_ko.mp3,위기탈출,3
term,기간,,이 계약의 기간은 일 년입니다.,The term of this contract is one year.,term.png,term_word_en.mp3,term_meaning_ko.mp3,term_example_en.mp3,term_example_ko.mp3,초급,2
themselves,그들 자신,,그들은 그들 자신을 믿었어요.,They believed in themselves.,themselves.png,themselves_word_en.mp3,themselves_meaning_ko.mp3,themselves_example_en.mp3,themselves_example_ko.mp3,초급,2
thick,두꺼운,,나는 두꺼운 책을 읽고 있어요.,I am reading a thick book.,thick.png,thick_word_en.mp3,thick_meaning_ko.mp3,thick_example_en.mp3,thick_example_ko.mp3,초급,2
thief,도둑,,경찰이 도둑을 잡았어요.,The police caught the thief.,thief.png,thief_word_en.mp3,thief_meaning_ko.mp3,thief_example_en.mp3,thief_example_ko.mp3,위기탈출,3
thin,얇은,,이 종이는 아주 얇은 종이입니다.,This paper is very thin paper.,thin.png,thin_word_en.mp3,thin_meaning_ko.mp3,thin_example_en.mp3,thin_example_ko.mp3,초급,2
thinking,생각,,긍정적인 생각은 중요합니다.,Positive thinking is important.,thinking.png,thinking_word_en.mp3,thinking_meaning_ko.mp3,thinking_example_en.mp3,thinking_example_ko.mp3,초급,2
thought,생각,,나는 좋은 생각이 떠올랐어요.,A good thought came to my mind.,thought.png,thought_word_en.mp3,thought_meaning_ko.mp3,thought_example_en.mp3,thought_example_ko.mp3,초급,2
throw,던지다,,공을 친구에게 던지세요.,Throw the ball to your friend.,throw.png,throw_word_en.mp3,throw_meaning_ko.mp3,throw_example_en.mp3,throw_example_ko.mp3,초급,2
tidy,정돈된,,그의 책상은 항상 정돈된 상태입니다.,His desk is always tidy.,tidy.png,tidy_word_en.mp3,tidy_meaning_ko.mp3,tidy_example_en.mp3,tidy_example_ko.mp3,초급,2
tie,묶다,,신발 끈을 단단히 묶으세요.,Tie your shoelaces tightly.,tie.png,tie_word_en.mp3,tie_meaning_ko.mp3,tie_example_en.mp3,tie_example_ko.mp3,쇼핑,2
tip,팁,,선생님이 공부 팁을 알려 주셨어요.,The teacher gave me a study tip.,tip.png,tip_word_en.mp3,tip_meaning_ko.mp3,tip_example_en.mp3,tip_example_ko.mp3,쇼핑,2
tool,도구,,이 도구로 나무를 자를 수 있어요.,You can cut wood with this tool.,tool.png,tool_word_en.mp3,tool_meaning_ko.mp3,tool_example_en.mp3,tool_example_ko.mp3,초급,2
top,맨 위,,책을 선반 맨 위에 올려놓았어요.,I put the book on the very top of the shelf.,top.png,top_word_en.mp3,top_meaning_ko.mp3,top_example_en.mp3,top_example_ko.mp3,초급,2
touch,만지다,,뜨거운 냄비를 만지지 마세요.,Do not touch the hot pot.,touch.png,touch_word_en.mp3,touch_meaning_ko.mp3,touch_example_en.mp3,touch_example_ko.mp3,초급,2
tour,관광여행,,우리는 제주도로 관광여행을 갔어요.,We went on a tour to Jeju Island.,tour.png,tour_word_en.mp3,tour_meaning_ko.mp3,tour_example_en.mp3,tour_example_ko.mp3,여행,2
tourism,관광업,,관광업은 이 도시의 중요한 산업입니다.,Tourism is an important industry in this city.,tourism.png,tourism_word_en.mp3,tourism_meaning_ko.mp3,tourism_example_en.mp3,tourism_example_ko.mp3,여행,2
towards,쪽으로,,그는 학교 쪽으로 걸어갔어요.,He walked towards the school.,towards.png,towards_word_en.mp3,towards_meaning_ko.mp3,towards_example_en.mp3,towards_example_ko.mp3,초급,2
towel,수건,,샤워 후에 수건으로 몸을 닦았어요.,I dried myself with a towel after taking a shower.,towel.png,towel_word_en.mp3,towel_meaning_ko.mp3,towel_example_en.mp3,towel_example_ko.mp3,초급,2
tower,탑,,마을 중앙에 높은 탑이 있어요.,There is a tall tower in the center of the village.,tower.png,tower_word_en.mp3,tower_meaning_ko.mp3,tower_example_en.mp3,tower_example_ko.mp3,여행,2
toy,장난감,,아이는 새 장난감을 받고 기뻐했어요.,The child was happy to receive a new toy.,toy.png,toy_word_en.mp3,toy_meaning_ko.mp3,toy_example_en.mp3,toy_example_ko.mp3,쇼핑,2
track,트랙,,학생들이 운동장 트랙을 달리고 있어요.,The students are running on the track at the playground.,track.png,track_word_en.mp3,track_meaning_ko.mp3,track_example_en.mp3,track_example_ko.mp3,초급,2
tradition,전통,,우리 가족은 명절에 함께 음식을 만드는 전통이 있어요.,Our family has a tradition of making food together on holidays.,tradition.png,tradition_word_en.mp3,tradition_meaning_ko.mp3,tradition_example_en.mp3,tradition_example_ko.mp3,여행,2
traditional,전통적인,,그녀는 전통적인 한복을 입었어요.,She wore a traditional hanbok.,traditional.png,traditional_word_en.mp3,traditional_meaning_ko.mp3,traditional_example_en.mp3,traditional_example_ko.mp3,여행,2
trainer,트레이너,,트레이너가 운동 방법을 자세히 설명해 주었어요.,The trainer explained the exercise method in detail.,trainer.png,trainer_word_en.mp3,trainer_meaning_ko.mp3,trainer_example_en.mp3,trainer_example_ko.mp3,초급,2
training,훈련,,선수들은 매일 아침 훈련을 해요.,The athletes train every morning.,training.png,training_word_en.mp3,training_meaning_ko.mp3,training_example_en.mp3,training_example_ko.mp3,초급,2
transport,교통,,이 도시는 교통이 편리해요.,This city has convenient transport.,transport.png,transport_word_en.mp3,transport_meaning_ko.mp3,transport_example_en.mp3,transport_example_ko.mp3,여행,2
traveller,여행자,,그 여행자는 큰 배낭을 메고 있었어요.,The traveller was carrying a big backpack.,traveller.png,traveller_word_en.mp3,traveller_meaning_ko.mp3,traveller_example_en.mp3,traveller_example_ko.mp3,초급,2
trouble,문제,,컴퓨터에 문제가 생겼어요.,There is a problem with the computer.,trouble.png,trouble_word_en.mp3,trouble_meaning_ko.mp3,trouble_example_en.mp3,trouble_example_ko.mp3,초급,2
truck,트럭,,큰 트럭이 상자를 실어 나르고 있어요.,A big truck is carrying boxes.,truck.png,truck_word_en.mp3,truck_meaning_ko.mp3,truck_example_en.mp3,truck_example_ko.mp3,초급,2
twin,쌍둥이,,민수와 민지는 쌍둥이예요.,Minsu and Minji are twins.,twin.png,twin_word_en.mp3,twin_meaning_ko.mp3,twin_example_en.mp3,twin_example_ko.mp3,초급,2
typical,전형적인,,이것은 전형적인 한국 아침 식사예요.,This is a typical Korean breakfast.,typical.png,typical_word_en.mp3,typical_meaning_ko.mp3,typical_example_en.mp3,typical_example_ko.mp3,초급,2
underground,지하의,,이 건물에는 지하의 주차장이 있어요.,This building has an underground parking lot.,underground.png,underground_word_en.mp3,underground_meaning_ko.mp3,underground_example_en.mp3,underground_example_ko.mp3,초급,2
understanding,이해,,선생님의 설명 덕분에 이해가 쉬웠어요.,"Thanks to the teacher's explanation, understanding was easy.",understanding.png,understanding_word_en.mp3,understanding_meaning_ko.mp3,understanding_example_en.mp3,understanding_example_ko.mp3,초급,2
unfortunately,유감스럽게도,,유감스럽게도 오늘 경기는 취소되었어요.,"Unfortunately, today's game was canceled.",unfortunately.png,unfortunately_word_en.mp3,unfortunately_meaning_ko.mp3,unfortunately_example_en.mp3,unfortunately_example_ko.mp3,초급,2
unhappy,불행한,,그는 불행한 어린 시절을 보냈어요.,He had an unhappy childhood.,unhappy.png,unhappy_word_en.mp3,unhappy_meaning_ko.mp3,unhappy_example_en.mp3,unhappy_example_ko.mp3,초급,2
uniform,유니폼,,학생들은 모두 같은 유니폼을 입어요.,All the students wear the same uniform.,uniform.png,uniform_word_en.mp3,uniform_meaning_ko.mp3,uniform_example_en.mp3,uniform_example_ko.mp3,쇼핑,2
unit,단위,,미터는 길이를 재는 단위예요.,A meter is a unit for measuring length.,unit.png,unit_word_en.mp3,unit_meaning_ko.mp3,unit_example_en.mp3,unit_example_ko.mp3,초급,2
united,화합한,,화합한 팀은 어려운 경기도 이길 수 있어요.,A united team can win even a difficult game.,united.png,united_word_en.mp3,united_meaning_ko.mp3,united_example_en.mp3,united_example_ko.mp3,초급,2
unusual,특이한,,오늘은 특이한 모양의 구름이 보였어요.,Today I saw clouds with an unusual shape.,unusual.png,unusual_word_en.mp3,unusual_meaning_ko.mp3,unusual_example_en.mp3,unusual_example_ko.mp3,초급,2
used to,하곤 했다,,나는 어릴 때 이 공원에서 자주 놀곤 했어요.,I used to play often in this park when I was young.,used_to.png,used_to_word_en.mp3,used_to_meaning_ko.mp3,used_to_example_en.mp3,used_to_example_ko.mp3,초급,2
user,사용자,,이 앱은 사용자가 쉽게 쓸 수 있어요.,This app is easy for users to use.,user.png,user_word_en.mp3,user_meaning_ko.mp3,user_example_en.mp3,user_example_ko.mp3,초급,2
usual,평소의,,그는 평소의 미소로 나를 맞이했어요.,He greeted me with his usual smile.,usual.png,usual_word_en.mp3,usual_meaning_ko.mp3,usual_example_en.mp3,usual_example_ko.mp3,초급,2
valley,계곡,,여름에는 계곡에서 물놀이를 해요.,"In summer, we play in the water in the valley.",valley.png,valley_word_en.mp3,valley_meaning_ko.mp3,valley_example_en.mp3,valley_example_ko.mp3,여행,2
van,승합차,,우리는 승합차를 타고 여행을 갔어요.,We went on a trip in a van.,van.png,van_word_en.mp3,van_meaning_ko.mp3,van_example_en.mp3,van_example_ko.mp3,초급,2
variety,다양성,,이 시장에는 음식의 다양성이 있어요.,This market has a variety of foods.,variety.png,variety_word_en.mp3,variety_meaning_ko.mp3,variety_example_en.mp3,variety_example_ko.mp3,쇼핑,2
vehicle,차량,,이 길에는 차량이 많아요.,There are many vehicles on this road.,vehicle.png,vehicle_word_en.mp3,vehicle_meaning_ko.mp3,vehicle_example_en.mp3,vehicle_example_ko.mp3,여행,2
view,경치,,산 정상에서 보는 경치가 정말 아름다워요.,The view from the top of the mountain is really beautiful.,view.png,view_word_en.mp3,view_meaning_ko.mp3,view_example_en.mp3,view_example_ko.mp3,여행,2
virus,바이러스,,컴퓨터가 바이러스에 감염되었어요.,The computer was infected with a virus.,virus.png,virus_word_en.mp3,virus_meaning_ko.mp3,virus_example_en.mp3,virus_example_ko.mp3,위기탈출,3
voice,목소리,,그녀의 목소리는 아주 부드러워요.,Her voice is very soft.,voice.png,voice_word_en.mp3,voice_meaning_ko.mp3,voice_example_en.mp3,voice_example_ko.mp3,초급,2
war,전쟁,,전쟁은 많은 사람들에게 큰 고통을 줘요.,War causes great suffering to many people.,war.png,war_word_en.mp3,war_meaning_ko.mp3,war_example_en.mp3,war_example_ko.mp3,초급,2
washing,세탁,,주말마다 세탁을 해요.,I do the washing every weekend.,washing.png,washing_word_en.mp3,washing_meaning_ko.mp3,washing_example_en.mp3,washing_example_ko.mp3,초급,2
wave,파도,,바다에 큰 파도가 치고 있어요.,Big waves are hitting the sea.,wave.png,wave_word_en.mp3,wave_meaning_ko.mp3,wave_example_en.mp3,wave_example_ko.mp3,초급,2
weak,약한,,아픈 후에 몸이 약한 느낌이 들었어요.,"After being sick, I felt weak.",weak.png,weak_word_en.mp3,weak_meaning_ko.mp3,weak_example_en.mp3,weak_example_ko.mp3,위기탈출,3
web,웹,,나는 웹에서 정보를 찾았어요.,I found information on the web.,web.png,web_word_en.mp3,web_meaning_ko.mp3,web_example_en.mp3,web_example_ko.mp3,초급,2
wedding,결혼식,,친구의 결혼식에 초대받았어요.,I was invited to my friend's wedding.,wedding.png,wedding_word_en.mp3,wedding_meaning_ko.mp3,wedding_example_en.mp3,wedding_example_ko.mp3,초급,2
weight,무게,,이 가방의 무게는 5킬로그램이에요.,The weight of this bag is five kilograms.,weight.png,weight_word_en.mp3,weight_meaning_ko.mp3,weight_example_en.mp3,weight_example_ko.mp3,초급,2
wet,젖은,,비 때문에 옷이 젖은 상태예요.,My clothes are wet because of the rain.,wet.png,wet_word_en.mp3,wet_meaning_ko.mp3,wet_example_en.mp3,wet_example_ko.mp3,초급,2
wheel,바퀴,,자전거 바퀴에 공기를 넣었어요.,I put air into the bicycle wheel.,wheel.png,wheel_word_en.mp3,wheel_meaning_ko.mp3,wheel_example_en.mp3,wheel_example_ko.mp3,초급,2
while,동안,,나는 점심시간 동안 책을 읽었어요.,I read a book during lunchtime.,while.png,while_word_en.mp3,while_meaning_ko.mp3,while_example_en.mp3,while_example_ko.mp3,초급,2
whole,전체의,,나는 이야기 전체의 뜻을 이해했어요.,I understood the meaning of the whole story.,whole.png,whole_word_en.mp3,whole_meaning_ko.mp3,whole_example_en.mp3,whole_example_ko.mp3,초급,2
whose,누구의,,이 가방은 누구의 가방이에요?,Whose bag is this?,,whose_word_en.mp3,whose_meaning_ko.mp3,whose_example_en.mp3,whose_example_ko.mp3,초급,2
wide,넓은,,이 도로는 넓은 편이에요.,This road is wide.,wide.png,wide_word_en.mp3,wide_meaning_ko.mp3,wide_example_en.mp3,wide_example_ko.mp3,초급,2
wild,야생의,,야생의 동물은 함부로 만지면 안 돼요.,You should not touch wild animals carelessly.,wild.png,wild_word_en.mp3,wild_meaning_ko.mp3,wild_example_en.mp3,wild_example_ko.mp3,초급,2
wind,바람,,오늘은 바람이 많이 불어요.,The wind is blowing a lot today.,wind.png,wind_word_en.mp3,wind_meaning_ko.mp3,wind_example_en.mp3,wind_example_ko.mp3,초급,2
winner,승자,,경기의 승자는 우리 팀이었어요.,The winner of the game was our team.,winner.png,winner_word_en.mp3,winner_meaning_ko.mp3,winner_example_en.mp3,winner_example_ko.mp3,초급,2
wish,바라다,,나는 네가 행복하길 바라요.,I wish for you to be happy.,wish.png,wish_word_en.mp3,wish_meaning_ko.mp3,wish_example_en.mp3,wish_example_ko.mp3,초급,2
wood,목재,,이 책상은 좋은 목재로 만들었어요.,This desk was made from good wood.,wood.png,wood_word_en.mp3,wood_meaning_ko.mp3,wood_example_en.mp3,wood_example_ko.mp3,초급,2
wooden,나무의,,그 집에는 나무의 따뜻한 느낌이 있어요.,That house has the warm feeling of wood.,wooden.png,wooden_word_en.mp3,wooden_meaning_ko.mp3,wooden_example_en.mp3,wooden_example_ko.mp3,초급,2
working,일하는,,일하는 사람들은 모두 바빠 보여요.,The working people all look busy.,working.png,working_word_en.mp3,working_meaning_ko.mp3,working_example_en.mp3,working_example_ko.mp3,초급,2
worried,걱정하는,,엄마는 늦게 온 나를 걱정하는 표정으로 보셨어요.,My mom looked at me with a worried expression because I came home late.,worried.png,worried_word_en.mp3,worried_meaning_ko.mp3,worried_example_en.mp3,worried_example_ko.mp3,초급,2
worry,걱정하다,,시험 때문에 너무 걱정하지 마세요.,Do not worry too much about the exam.,worry.png,worry_word_en.mp3,worry_meaning_ko.mp3,worry_example_en.mp3,worry_example_ko.mp3,초급,2
worse,더 나쁜,,오늘 날씨는 어제보다 더 나쁜 것 같아요.,Today's weather seems worse than yesterday's.,worse.png,worse_word_en.mp3,worse_meaning_ko.mp3,worse_example_en.mp3,worse_example_ko.mp3,초급,2
worst,최악의,,그것은 내가 본 최악의 영화였어요.,It was the worst movie I have ever seen.,worst.png,worst_word_en.mp3,worst_meaning_ko.mp3,worst_example_en.mp3,worst_example_ko.mp3,초급,2
wow,와,,"와, 이 케이크 정말 맛있어요!","Wow, this cake is really delicious!",wow.png,wow_word_en.mp3,wow_meaning_ko.mp3,wow_example_en.mp3,wow_example_ko.mp3,초급,2
yet,아직,,나는 아직 숙제를 끝내지 못했어요.,I have not finished my homework yet.,,yet_word_en.mp3,yet_meaning_ko.mp3,yet_example_en.mp3,yet_example_ko.mp3,초급,2
yours,너의 것,,이 연필은 너의 것이에요.,This pencil is yours.,,yours_word_en.mp3,yours_meaning_ko.mp3,yours_example_en.mp3,yours_example_ko.mp3,초급,2
zero,영,,시험에서 틀린 문제가 영 개였어요.,There were zero wrong answers on the test.,zero.png,zero_word_en.mp3,zero_meaning_ko.mp3,zero_example_en.mp3,zero_example_ko.mp3,초급,2
absolutely,정말로,B1,이 영화는 정말로 재미있어요.,This movie is absolutely fun.,absolutely.png,absolutely_word_en.mp3,absolutely_meaning_ko.mp3,absolutely_example_en.mp3,absolutely_example_ko.mp3,초급,2
academic,학업의,,그 학생은 학업의 목표가 아주 뚜렷해요.,That student has very clear academic goals.,academic.png,academic_word_en.mp3,academic_meaning_ko.mp3,academic_example_en.mp3,academic_example_ko.mp3,초급,2
access,접근,,이 건물은 일반인의 접근이 제한되어 있어요.,Access to this building is restricted for the public.,access.png,access_word_en.mp3,access_meaning_ko.mp3,access_example_en.mp3,access_example_ko.mp3,초급,2
accommodation,숙박 시설,,여행 전에 숙박 시설을 예약했어요.,I booked accommodation before the trip.,accommodation.png,accommodation_word_en.mp3,accommodation_meaning_ko.mp3,accommodation_example_en.mp3,accommodation_example_ko.mp3,여행,2
account,계정,,새 이메일 계정을 만들었어요.,I created a new email account.,account.png,account_word_en.mp3,account_meaning_ko.mp3,account_example_en.mp3,account_example_ko.mp3,초급,2
achievement,성과,,그 프로젝트의 성공은 큰 성과였어요.,The success of that project was a great achievement.,achievement.png,achievement_word_en.mp3,achievement_meaning_ko.mp3,achievement_example_en.mp3,achievement_example_ko.mp3,초급,2
ad,광고,,버스 정류장에서 새 휴대폰 광고를 봤어요.,I saw an ad for a new phone at the bus stop.,ad.png,ad_word_en.mp3,ad_meaning_ko.mp3,ad_example_en.mp3,ad_example_ko.mp3,초급,2
addition,추가,,메뉴에 새로운 음식이 추가되었어요.,A new dish was added to the menu.,addition.png,addition_word_en.mp3,addition_meaning_ko.mp3,addition_example_en.mp3,addition_example_ko.mp3,초급,2
admire,존경하다,,저는 어려운 사람들을 돕는 의사들을 존경해요.,I admire doctors who help people in need.,admire.png,admire_word_en.mp3,admire_meaning_ko.mp3,admire_example_en.mp3,admire_example_ko.mp3,초급,2
admit,인정하다,,그는 자신의 실수를 인정했어요.,He admitted his mistake.,admit.png,admit_word_en.mp3,admit_meaning_ko.mp3,admit_example_en.mp3,admit_example_ko.mp3,초급,2
advanced,고급의,,저는 고급의 한국어 수업을 듣고 있어요.,I am taking an advanced Korean class.,advanced.png,advanced_word_en.mp3,advanced_meaning_ko.mp3,advanced_example_en.mp3,advanced_example_ko.mp3,초급,2
advise,조언하다,,선생님은 저에게 매일 복습하라고 조언했어요.,The teacher advised me to review every day.,advise.png,advise_word_en.mp3,advise_meaning_ko.mp3,advise_example_en.mp3,advise_example_ko.mp3,초급,2
afford,여유가 있다,,저는 새 차를 살 여유가 없어요.,I can't afford to buy a new car.,afford.png,afford_word_en.mp3,afford_meaning_ko.mp3,afford_example_en.mp3,afford_example_ko.mp3,초급,2
aged,나이가 든,,나이가 든 개가 천천히 걷고 있어요.,An aged dog is walking slowly.,aged.png,aged_word_en.mp3,aged_meaning_ko.mp3,aged_example_en.mp3,aged_example_ko.mp3,초급,2
agent,대리인,,그 배우의 대리인이 계약서를 확인했어요.,The actor's agent checked the contract.,agent.png,agent_word_en.mp3,agent_meaning_ko.mp3,agent_example_en.mp3,agent_example_ko.mp3,비즈니스,3
agreement,합의,,두 회사는 가격에 대해 합의에 도달했어요.,The two companies reached an agreement on the price.,agreement.png,agreement_word_en.mp3,agreement_meaning_ko.mp3,agreement_example_en.mp3,agreement_example_ko.mp3,비즈니스,3
ahead,앞으로,,길을 따라 앞으로 조금만 더 가세요.,Go a little farther ahead along the road.,ahead.png,ahead_word_en.mp3,ahead_meaning_ko.mp3,ahead_example_en.mp3,ahead_example_ko.mp3,초급,2
aim,목표,,제 목표는 올해 한국어를 잘하는 것이에요.,My aim is to speak Korean well this year.,aim.png,aim_word_en.mp3,aim_meaning_ko.mp3,aim_example_en.mp3,aim_example_ko.mp3,초급,2
alarm,알람,,아침 7시에 알람을 맞췄어요.,I set the alarm for 7 in the morning.,alarm.png,alarm_word_en.mp3,alarm_meaning_ko.mp3,alarm_example_en.mp3,alarm_example_ko.mp3,위기탈출,3
album,앨범,,가수가 새 앨범을 발표했어요.,The singer released a new album.,album.png,album_word_en.mp3,album_meaning_ko.mp3,album_example_en.mp3,album_example_ko.mp3,초급,2
alcohol,술,,그는 건강 때문에 술을 마시지 않아요.,He doesn't drink alcohol because of his health.,alcohol.png,alcohol_word_en.mp3,alcohol_meaning_ko.mp3,alcohol_example_en.mp3,alcohol_example_ko.mp3,초급,2
alcoholic,알코올 중독자,,그는 알코올 중독자였지만 지금은 술을 끊었어요.,"He was an alcoholic, but now he has quit drinking.",alcoholic.png,alcoholic_word_en.mp3,alcoholic_meaning_ko.mp3,alcoholic_example_en.mp3,alcoholic_example_ko.mp3,초급,2
amazed,깜짝 놀란,,아이들은 마술을 보고 깜짝 놀랐어요.,The children were amazed when they saw the magic trick.,amazed.png,amazed_word_en.mp3,amazed_meaning_ko.mp3,amazed_example_en.mp3,amazed_example_ko.mp3,초급,2
ambition,야망,,그는 큰 회사를 만들겠다는 야망이 있어요.,He has the ambition to build a big company.,ambition.png,ambition_word_en.mp3,ambition_meaning_ko.mp3,ambition_example_en.mp3,ambition_example_ko.mp3,초급,2
ambitious,야심적인,,그 계획은 매우 야심적인 계획이에요.,That plan is a very ambitious plan.,ambitious.png,ambitious_word_en.mp3,ambitious_meaning_ko.mp3,ambitious_example_en.mp3,ambitious_example_ko.mp3,초급,2
analyse,분석하다,,연구원들은 자료를 자세히 분석했어요.,The researchers analyzed the data in detail.,analyse.png,analyse_word_en.mp3,analyse_meaning_ko.mp3,analyse_example_en.mp3,analyse_example_ko.mp3,초급,2
analysis,분석,,이 문제에는 정확한 분석이 필요해요.,This problem requires accurate analysis.,analysis.png,analysis_word_en.mp3,analysis_meaning_ko.mp3,analysis_example_en.mp3,analysis_example_ko.mp3,초급,2
announce,발표하다,,회사는 새로운 제품을 발표했어요.,The company announced a new product.,announce.png,announce_word_en.mp3,announce_meaning_ko.mp3,announce_example_en.mp3,announce_example_ko.mp3,초급,2
announcement,발표,,학교의 발표를 듣고 학생들이 박수를 쳤어요.,The students clapped after hearing the school's announcement.,announcement.png,announcement_word_en.mp3,announcement_meaning_ko.mp3,announcement_example_en.mp3,announcement_example_ko.mp3,초급,2
annoy,짜증나게 하다,,큰 소음이 사람들을 짜증나게 했어요.,The loud noise annoyed people.,annoy.png,annoy_word_en.mp3,annoy_meaning_ko.mp3,annoy_example_en.mp3,annoy_example_ko.mp3,초급,2
annoyed,짜증난,,민수는 계속되는 전화 때문에 짜증났어요.,Minsu was annoyed because of the repeated phone calls.,annoyed.png,annoyed_word_en.mp3,annoyed_meaning_ko.mp3,annoyed_example_en.mp3,annoyed_example_ko.mp3,초급,2
annoying,짜증나는,,이 광고는 너무 자주 나와서 짜증나요.,This ad is annoying because it appears too often.,annoying.png,annoying_word_en.mp3,annoying_meaning_ko.mp3,annoying_example_en.mp3,annoying_example_ko.mp3,초급,2
apart,떨어져,,두 집은 서로 멀리 떨어져 있어요.,The two houses are far apart from each other.,apart.png,apart_word_en.mp3,apart_meaning_ko.mp3,apart_example_en.mp3,apart_example_ko.mp3,초급,2
apologize,사과하다,,저는 친구에게 늦어서 사과했어요.,I apologized to my friend for being late.,apologize.png,apologize_word_en.mp3,apologize_meaning_ko.mp3,apologize_example_en.mp3,apologize_example_ko.mp3,초급,2
application,신청,,대학 입학 신청을 오늘 제출했어요.,I submitted my college admission application today.,application.png,application_word_en.mp3,application_meaning_ko.mp3,application_example_en.mp3,application_example_ko.mp3,비즈니스,3
appointment,약속,,내일 오후에 병원 약속이 있어요.,I have a doctor's appointment tomorrow afternoon.,appointment.png,appointment_word_en.mp3,appointment_meaning_ko.mp3,appointment_example_en.mp3,appointment_example_ko.mp3,비즈니스,3
appreciate,감사하다,,도와주셔서 정말 감사해요.,I really appreciate your help.,appreciate.png,appreciate_word_en.mp3,appreciate_meaning_ko.mp3,appreciate_example_en.mp3,appreciate_example_ko.mp3,초급,2
approximately,대략,,회의에는 대략 스무 명이 참석했어요.,Approximately twenty people attended the meeting.,approximately.png,approximately_word_en.mp3,approximately_meaning_ko.mp3,approximately_example_en.mp3,approximately_example_ko.mp3,초급,2
arrest,체포하다,,경찰은 도둑을 체포했어요.,The police arrested the thief.,arrest.png,arrest_word_en.mp3,arrest_meaning_ko.mp3,arrest_example_en.mp3,arrest_example_ko.mp3,위기탈출,3
arrival,도착,,기차의 도착 시간이 늦어졌어요.,The train's arrival time was delayed.,arrival.png,arrival_word_en.mp3,arrival_meaning_ko.mp3,arrival_example_en.mp3,arrival_example_ko.mp3,여행,2
assignment,과제,,학생들은 금요일까지 과제를 내야 해요.,The students must submit the assignment by Friday.,assignment.png,assignment_word_en.mp3,assignment_meaning_ko.mp3,assignment_example_en.mp3,assignment_example_ko.mp3,초급,2
assist,돕다,,직원이 손님을 친절하게 도왔어요.,The employee kindly assisted the customer.,assist.png,assist_word_en.mp3,assist_meaning_ko.mp3,assist_example_en.mp3,assist_example_ko.mp3,초급,2
atmosphere,분위기,,그 카페는 조용하고 편안한 분위기예요.,That cafe has a quiet and comfortable atmosphere.,atmosphere.png,atmosphere_word_en.mp3,atmosphere_meaning_ko.mp3,atmosphere_example_en.mp3,atmosphere_example_ko.mp3,초급,2
attach,붙이다,,벽에 사진을 붙였어요.,I attached a photo to the wall.,attach.png,attach_word_en.mp3,attach_meaning_ko.mp3,attach_example_en.mp3,attach_example_ko.mp3,초급,2
attitude,태도,,그는 항상 긍정적인 태도를 가지고 있어요.,He always has a positive attitude.,attitude.png,attitude_word_en.mp3,attitude_meaning_ko.mp3,attitude_example_en.mp3,attitude_example_ko.mp3,초급,2
attract,끌다,,예쁜 꽃들이 많은 벌을 끌었어요.,The beautiful flowers attracted many bees.,attract.png,attract_word_en.mp3,attract_meaning_ko.mp3,attract_example_en.mp3,attract_example_ko.mp3,초급,2
attraction,볼거리,,이 도시에는 유명한 볼거리가 많아요.,This city has many famous attractions.,attraction.png,attraction_word_en.mp3,attraction_meaning_ko.mp3,attraction_example_en.mp3,attraction_example_ko.mp3,초급,2
authority,권한,,관리자는 파일을 삭제할 권한이 있어요.,The manager has the authority to delete the file.,authority.png,authority_word_en.mp3,authority_meaning_ko.mp3,authority_example_en.mp3,authority_example_ko.mp3,초급,2
aware,알고 있는,,저는 그 문제를 이미 알고 있었어요.,I was already aware of that problem.,aware.png,aware_word_en.mp3,aware_meaning_ko.mp3,aware_example_en.mp3,aware_example_ko.mp3,초급,2
backwards,뒤로,,아이가 한 걸음 뒤로 물러났어요.,The child stepped one step backwards.,backwards.png,backwards_word_en.mp3,backwards_meaning_ko.mp3,backwards_example_en.mp3,backwards_example_ko.mp3,초급,2
bake,굽다,,엄마는 오븐에서 빵을 구웠어요.,Mom baked bread in the oven.,bake.png,bake_word_en.mp3,bake_meaning_ko.mp3,bake_example_en.mp3,bake_example_ko.mp3,초급,2
balance,균형,,일과 휴식의 균형이 중요해요.,The balance between work and rest is important.,balance.png,balance_word_en.mp3,balance_meaning_ko.mp3,balance_example_en.mp3,balance_example_ko.mp3,비즈니스,3
ban,금지,,공원에서는 흡연 금지가 시행되고 있어요.,A smoking ban is being enforced in the park.,ban.png,ban_word_en.mp3,ban_meaning_ko.mp3,ban_example_en.mp3,ban_example_ko.mp3,초급,2
base,기반,,신뢰는 좋은 관계의 기반이에요.,Trust is the base of a good relationship.,base.png,base_word_en.mp3,base_meaning_ko.mp3,base_example_en.mp3,base_example_ko.mp3,초급,2
basic,기본적인,,이 책은 기본적인 문법을 설명해요.,This book explains basic grammar.,basic.png,basic_word_en.mp3,basic_meaning_ko.mp3,basic_example_en.mp3,basic_example_ko.mp3,초급,2
basis,근거,,그 주장의 근거가 무엇인가요?,What is the basis for that argument?,basis.png,basis_word_en.mp3,basis_meaning_ko.mp3,basis_example_en.mp3,basis_example_ko.mp3,초급,2
battery,배터리,,휴대폰 배터리가 거의 없어요.,My phone battery is almost dead.,battery.png,battery_word_en.mp3,battery_meaning_ko.mp3,battery_example_en.mp3,battery_example_ko.mp3,초급,2
battle,전투,,그 전투에서 많은 군인이 다쳤어요.,Many soldiers were injured in that battle.,battle.png,battle_word_en.mp3,battle_meaning_ko.mp3,battle_example_en.mp3,battle_example_ko.mp3,초급,2
beauty,아름다움,,제주도의 자연은 큰 아름다움을 가지고 있어요.,Jeju Island's nature has great beauty.,beauty.png,beauty_word_en.mp3,beauty_meaning_ko.mp3,beauty_example_en.mp3,beauty_example_ko.mp3,초급,2
bee,벌,,꽃 위에 벌 한 마리가 앉아 있어요.,A bee is sitting on the flower.,bee.png,bee_word_en.mp3,bee_meaning_ko.mp3,bee_example_en.mp3,bee_example_ko.mp3,초급,2
belief,믿음,,그는 자신의 믿음을 끝까지 지켰어요.,He kept his belief until the end.,belief.png,belief_word_en.mp3,belief_meaning_ko.mp3,belief_example_en.mp3,belief_example_ko.mp3,초급,2
bell,종,,수업이 끝나자 종이 울렸어요.,The bell rang when class ended.,bell.png,bell_word_en.mp3,bell_meaning_ko.mp3,bell_example_en.mp3,bell_example_ko.mp3,초급,2
bend,구부리다,,허리를 너무 많이 구부리지 마세요.,Do not bend your waist too much.,bend.png,bend_word_en.mp3,bend_meaning_ko.mp3,bend_example_en.mp3,bend_example_ko.mp3,초급,2
bite,물다,,개가 내 신발을 물었어요.,The dog bit my shoe.,bite.png,bite_word_en.mp3,bite_meaning_ko.mp3,bite_example_en.mp3,bite_example_ko.mp3,초급,2
block,블록,,아이들이 블록으로 집을 만들었어요.,The children made a house with blocks.,block.png,block_word_en.mp3,block_meaning_ko.mp3,block_example_en.mp3,block_example_ko.mp3,초급,2
bomb,폭탄,,경찰이 오래된 폭탄을 발견했어요.,The police found an old bomb.,bomb.png,bomb_word_en.mp3,bomb_meaning_ko.mp3,bomb_example_en.mp3,bomb_example_ko.mp3,위기탈출,3
border,국경,,그 강은 두 나라의 국경입니다.,That river is the border between the two countries.,border.png,border_word_en.mp3,border_meaning_ko.mp3,border_example_en.mp3,border_example_ko.mp3,여행,2
bother,괴롭히다,,동생을 계속 괴롭히지 마세요.,Do not keep bothering your younger sibling.,bother.png,bother_word_en.mp3,bother_meaning_ko.mp3,bother_example_en.mp3,bother_example_ko.mp3,초급,2
branch,가지,,나무 가지에 새가 앉아 있어요.,A bird is sitting on a tree branch.,branch.png,branch_word_en.mp3,branch_meaning_ko.mp3,branch_example_en.mp3,branch_example_ko.mp3,초급,2
brand,상표,,이 상표는 젊은 사람들에게 인기가 많아요.,This brand is very popular among young people.,brand.png,brand_word_en.mp3,brand_meaning_ko.mp3,brand_example_en.mp3,brand_example_ko.mp3,비즈니스,3
brave,용감한,,그 소년은 정말 용감한 행동을 했어요.,The boy did a very brave thing.,brave.png,brave_word_en.mp3,brave_meaning_ko.mp3,brave_example_en.mp3,brave_example_ko.mp3,초급,2
breath,숨,,잠시 숨을 멈추고 사진을 찍었어요.,I held my breath for a moment and took the picture.,breath.png,breath_word_en.mp3,breath_meaning_ko.mp3,breath_example_en.mp3,breath_example_ko.mp3,초급,2
breathe,숨 쉬다,,운동 후에는 천천히 숨 쉬세요.,Breathe slowly after exercising.,breathe.png,breathe_word_en.mp3,breathe_meaning_ko.mp3,breathe_example_en.mp3,breathe_example_ko.mp3,초급,2
breathing,호흡,,긴장하면 호흡이 빨라질 수 있어요.,Your breathing can become faster when you are nervous.,breathing.png,breathing_word_en.mp3,breathing_meaning_ko.mp3,breathing_example_en.mp3,breathing_example_ko.mp3,초급,2
bride,신부,,신부가 하얀 드레스를 입고 있어요.,The bride is wearing a white dress.,bride.png,bride_word_en.mp3,bride_meaning_ko.mp3,bride_example_en.mp3,bride_example_ko.mp3,초급,2
bubble,거품,,비누 거품이 많이 생겼어요.,A lot of soap bubbles formed.,bubble.png,bubble_word_en.mp3,bubble_meaning_ko.mp3,bubble_example_en.mp3,bubble_example_ko.mp3,초급,2
bury,묻다,,아이들은 보물을 모래 속에 묻었어요.,The children buried the treasure in the sand.,bury.png,bury_word_en.mp3,bury_meaning_ko.mp3,bury_example_en.mp3,bury_example_ko.mp3,초급,2
calm,침착한,,그는 어려운 상황에서도 침착한 태도를 보였어요.,He showed a calm attitude even in a difficult situation.,calm.png,calm_word_en.mp3,calm_meaning_ko.mp3,calm_example_en.mp3,calm_example_ko.mp3,초급,2
campaign,캠페인,,학교에서 환경 보호 캠페인을 시작했어요.,The school started an environmental protection campaign.,campaign.png,campaign_word_en.mp3,campaign_meaning_ko.mp3,campaign_example_en.mp3,campaign_example_ko.mp3,초급,2
campus,캠퍼스,,우리 학교 캠퍼스는 매우 넓어요.,Our school campus is very large.,campus.png,campus_word_en.mp3,campus_meaning_ko.mp3,campus_example_en.mp3,campus_example_ko.mp3,초급,2
candidate,후보자,,그 후보자는 많은 사람들의 지지를 받았어요.,The candidate received support from many people.,candidate.png,candidate_word_en.mp3,candidate_meaning_ko.mp3,candidate_example_en.mp3,candidate_example_ko.mp3,초급,2
cap,모자,,햇빛이 강해서 모자를 썼어요.,I wore a cap because the sunlight was strong.,cap.png,cap_word_en.mp3,cap_meaning_ko.mp3,cap_example_en.mp3,cap_example_ko.mp3,쇼핑,2
captain,선장,,선장은 배를 안전하게 항구로 이끌었어요.,The captain guided the ship safely to the port.,captain.png,captain_word_en.mp3,captain_meaning_ko.mp3,captain_example_en.mp3,captain_example_ko.mp3,초급,2
careless,부주의한,,부주의한 운전은 사고를 일으킬 수 있어요.,Careless driving can cause accidents.,careless.png,careless_word_en.mp3,careless_meaning_ko.mp3,careless_example_en.mp3,careless_example_ko.mp3,초급,2
category,범주,,이 책들은 주제별 범주로 나뉘어 있어요.,These books are divided into categories by topic.,category.png,category_word_en.mp3,category_meaning_ko.mp3,category_example_en.mp3,category_example_ko.mp3,초급,2
ceiling,천장,,천장에 예쁜 등이 달려 있어요.,A pretty light is hanging from the ceiling.,ceiling.png,ceiling_word_en.mp3,ceiling_meaning_ko.mp3,ceiling_example_en.mp3,ceiling_example_ko.mp3,초급,2
celebration,축하,,우리는 친구의 생일을 축하하기 위해 모였어요.,We gathered to celebrate our friend's birthday.,celebration.png,celebration_word_en.mp3,celebration_meaning_ko.mp3,celebration_example_en.mp3,celebration_example_ko.mp3,초급,2
central,중앙의,,중앙의 문으로 들어가세요.,Please enter through the central door.,central.png,central_word_en.mp3,central_meaning_ko.mp3,central_example_en.mp3,central_example_ko.mp3,초급,2
ceremony,의식,,졸업 의식은 오전 열 시에 시작됩니다.,The graduation ceremony starts at ten in the morning.,ceremony.png,ceremony_word_en.mp3,ceremony_meaning_ko.mp3,ceremony_example_en.mp3,ceremony_example_ko.mp3,초급,2
chain,사슬,,자전거 사슬이 끊어졌어요.,The bicycle chain broke.,chain.png,chain_word_en.mp3,chain_meaning_ko.mp3,chain_example_en.mp3,chain_example_ko.mp3,초급,2
challenge,도전,,새로운 언어를 배우는 것은 큰 도전이에요.,Learning a new language is a big challenge.,challenge.png,challenge_word_en.mp3,challenge_meaning_ko.mp3,challenge_example_en.mp3,challenge_example_ko.mp3,초급,2
champion,우승자,,그 선수는 올해 대회의 우승자가 되었어요.,The player became the champion of this year's competition.,champion.png,champion_word_en.mp3,champion_meaning_ko.mp3,champion_example_en.mp3,champion_example_ko.mp3,초급,2
channel,채널,,나는 매일 뉴스 채널을 봐요.,I watch the news channel every day.,channel.png,channel_word_en.mp3,channel_meaning_ko.mp3,channel_example_en.mp3,channel_example_ko.mp3,초급,2
chapter,장,,오늘은 이 책의 첫 번째 장을 읽었어요.,Today I read the first chapter of this book.,chapter.png,chapter_word_en.mp3,chapter_meaning_ko.mp3,chapter_example_en.mp3,chapter_example_ko.mp3,초급,2
charge,요금,,이 호텔은 주차 요금이 비싸요.,The parking charge at this hotel is expensive.,charge.png,charge_word_en.mp3,charge_meaning_ko.mp3,charge_example_en.mp3,charge_example_ko.mp3,초급,2
cheat,속이다,,친구를 속이면 안 돼요.,You should not cheat your friend.,cheat.png,cheat_word_en.mp3,cheat_meaning_ko.mp3,cheat_example_en.mp3,cheat_example_ko.mp3,초급,2
cheerful,쾌활한,,그녀는 항상 쾌활한 목소리로 인사해요.,She always greets people in a cheerful voice.,cheerful.png,cheerful_word_en.mp3,cheerful_meaning_ko.mp3,cheerful_example_en.mp3,cheerful_example_ko.mp3,초급,2
chemical,화학물질,,이 화학물질은 조심해서 다뤄야 해요.,This chemical must be handled carefully.,chemical.png,chemical_word_en.mp3,chemical_meaning_ko.mp3,chemical_example_en.mp3,chemical_example_ko.mp3,초급,2
chest,가슴,,운동을 많이 해서 가슴이 아파요.,My chest hurts because I exercised a lot.,chest.png,chest_word_en.mp3,chest_meaning_ko.mp3,chest_example_en.mp3,chest_example_ko.mp3,초급,2
childhood,어린 시절,,나는 어린 시절에 바닷가에서 자주 놀았어요.,I often played at the beach during my childhood.,childhood.png,childhood_word_en.mp3,childhood_meaning_ko.mp3,childhood_example_en.mp3,childhood_example_ko.mp3,초급,2
claim,주장하다,,그는 자신이 맞다고 주장했어요.,He claimed that he was right.,claim.png,claim_word_en.mp3,claim_meaning_ko.mp3,claim_example_en.mp3,claim_example_ko.mp3,초급,2
clause,조항,,계약서의 마지막 조항을 꼭 읽어 보세요.,Please make sure to read the last clause of the contract.,clause.png,clause_word_en.mp3,clause_meaning_ko.mp3,clause_example_en.mp3,clause_example_ko.mp3,초급,2
click,클릭하다,,이 버튼을 클릭하면 다음 페이지로 이동해요.,"If you click this button, you will move to the next page.",click.png,click_word_en.mp3,click_meaning_ko.mp3,click_example_en.mp3,click_example_ko.mp3,초급,2
client,고객,,우리 회사는 새로운 고객을 만났어요.,Our company met a new client.,client.png,client_word_en.mp3,client_meaning_ko.mp3,client_example_en.mp3,client_example_ko.mp3,비즈니스,3
cloth,천,,그녀는 부드러운 천으로 안경을 닦았어요.,She cleaned her glasses with a soft cloth.,cloth.png,cloth_word_en.mp3,cloth_meaning_ko.mp3,cloth_example_en.mp3,cloth_example_ko.mp3,초급,2
clue,단서,,경찰은 작은 단서를 찾았어요.,The police found a small clue.,clue.png,clue_word_en.mp3,clue_meaning_ko.mp3,clue_example_en.mp3,clue_example_ko.mp3,초급,2
coal,석탄,,옛날에는 석탄으로 집을 따뜻하게 했어요.,"In the past, people heated their homes with coal.",coal.png,coal_word_en.mp3,coal_meaning_ko.mp3,coal_example_en.mp3,coal_example_ko.mp3,초급,2
coin,동전,,주머니에서 동전 하나가 나왔어요.,A coin came out of my pocket.,coin.png,coin_word_en.mp3,coin_meaning_ko.mp3,coin_example_en.mp3,coin_example_ko.mp3,쇼핑,2
collection,수집품,,그의 우표 수집품은 정말 많아요.,His stamp collection is really large.,collection.png,collection_word_en.mp3,collection_meaning_ko.mp3,collection_example_en.mp3,collection_example_ko.mp3,초급,2
coloured,색깔이 있는,,아이들은 색깔이 있는 종이로 꽃을 만들었어요.,The children made flowers with coloured paper.,coloured.png,coloured_word_en.mp3,coloured_meaning_ko.mp3,coloured_example_en.mp3,coloured_example_ko.mp3,초급,2
combine,결합하다,,우리는 두 가지 아이디어를 결합했어요.,We combined two ideas.,combine.png,combine_word_en.mp3,combine_meaning_ko.mp3,combine_example_en.mp3,combine_example_ko.mp3,초급,2
commercial,상업의,,이 지역에는 상업의 중심지가 많아요.,There are many commercial centers in this area.,commercial.png,commercial_word_en.mp3,commercial_meaning_ko.mp3,commercial_example_en.mp3,commercial_example_ko.mp3,비즈니스,3
commit,저지르다,,그는 큰 실수를 저질렀어요.,He committed a big mistake.,commit.png,commit_word_en.mp3,commit_meaning_ko.mp3,commit_example_en.mp3,commit_example_ko.mp3,초급,2
communication,소통,,좋은 소통은 팀워크에 중요해요.,Good communication is important for teamwork.,communication.png,communication_word_en.mp3,communication_meaning_ko.mp3,communication_example_en.mp3,communication_example_ko.mp3,초급,2
comparison,비교,,두 제품의 비교가 필요해요.,A comparison of the two products is needed.,comparison.png,comparison_word_en.mp3,comparison_meaning_ko.mp3,comparison_example_en.mp3,comparison_example_ko.mp3,초급,2
competitive,경쟁적인,,그 시장은 매우 경쟁적인 곳이에요.,That market is a very competitive place.,competitive.png,competitive_word_en.mp3,competitive_meaning_ko.mp3,competitive_example_en.mp3,competitive_example_ko.mp3,초급,2
competitor,경쟁자,,그 회사는 강한 경쟁자를 만났어요.,The company met a strong competitor.,competitor.png,competitor_word_en.mp3,competitor_meaning_ko.mp3,competitor_example_en.mp3,competitor_example_ko.mp3,비즈니스,3
complaint,불만,,손님은 서비스에 대한 불만을 말했어요.,The customer expressed a complaint about the service.,complaint.png,complaint_word_en.mp3,complaint_meaning_ko.mp3,complaint_example_en.mp3,complaint_example_ko.mp3,초급,2
complex,복잡한,,이 문제는 너무 복잡한 것 같아요.,This problem seems too complex.,complex.png,complex_word_en.mp3,complex_meaning_ko.mp3,complex_example_en.mp3,complex_example_ko.mp3,초급,2
concentrate,집중하다,,시험 공부에 집중하세요.,Please concentrate on studying for the exam.,concentrate.png,concentrate_word_en.mp3,concentrate_meaning_ko.mp3,concentrate_example_en.mp3,concentrate_example_ko.mp3,초급,2
conclude,결론짓다,,우리는 그 계획이 성공할 것이라고 결론지었다.,We concluded that the plan would succeed.,conclude.png,conclude_word_en.mp3,conclude_meaning_ko.mp3,conclude_example_en.mp3,conclude_example_ko.mp3,초급,2
conclusion,결론,,회의의 결론은 예산을 줄이는 것이었다.,The conclusion of the meeting was to reduce the budget.,conclusion.png,conclusion_word_en.mp3,conclusion_meaning_ko.mp3,conclusion_example_en.mp3,conclusion_example_ko.mp3,초급,2
confident,자신 있는,,그는 발표를 앞두고 자신 있는 표정을 지었다.,He had a confident expression before the presentation.,confident.png,confident_word_en.mp3,confident_meaning_ko.mp3,confident_example_en.mp3,confident_example_ko.mp3,초급,2
confirm,확인하다,,출발 시간을 다시 확인하세요.,Please confirm the departure time again.,confirm.png,confirm_word_en.mp3,confirm_meaning_ko.mp3,confirm_example_en.mp3,confirm_example_ko.mp3,초급,2
confuse,혼란스럽게 하다,,너무 많은 정보가 학생들을 혼란스럽게 했다.,Too much information confused the students.,confuse.png,confuse_word_en.mp3,confuse_meaning_ko.mp3,confuse_example_en.mp3,confuse_example_ko.mp3,초급,2
confused,헷갈린,,나는 두 단어의 차이가 헷갈렸다.,I was confused about the difference between the two words.,confused.png,confused_word_en.mp3,confused_meaning_ko.mp3,confused_example_en.mp3,confused_example_ko.mp3,초급,2
connection,연결,,인터넷 연결이 갑자기 끊겼다.,The internet connection suddenly stopped.,connection.png,connection_word_en.mp3,connection_meaning_ko.mp3,connection_example_en.mp3,connection_example_ko.mp3,초급,2
consequence,결과,,그의 실수는 나쁜 결과를 가져왔다.,His mistake brought a bad consequence.,consequence.png,consequence_word_en.mp3,consequence_meaning_ko.mp3,consequence_example_en.mp3,consequence_example_ko.mp3,초급,2
consist,구성되다,,이 팀은 다섯 명으로 구성되어 있다.,This team consists of five people.,consist.png,consist_word_en.mp3,consist_meaning_ko.mp3,consist_example_en.mp3,consist_example_ko.mp3,초급,2
consume,소비하다,,우리는 매일 많은 전기를 소비한다.,We consume a lot of electricity every day.,consume.png,consume_word_en.mp3,consume_meaning_ko.mp3,consume_example_en.mp3,consume_example_ko.mp3,초급,2
consumer,소비자,,소비자는 좋은 품질의 제품을 원한다.,Consumers want products of good quality.,consumer.png,consumer_word_en.mp3,consumer_meaning_ko.mp3,consumer_example_en.mp3,consumer_example_ko.mp3,비즈니스,3
contact,연락하다,,문제가 있으면 저에게 연락하세요.,Please contact me if there is a problem.,contact.png,contact_word_en.mp3,contact_meaning_ko.mp3,contact_example_en.mp3,contact_example_ko.mp3,초급,2
container,용기,,남은 음식을 플라스틱 용기에 담았다.,I put the leftover food in a plastic container.,container.png,container_word_en.mp3,container_meaning_ko.mp3,container_example_en.mp3,container_example_ko.mp3,초급,2
content,내용,,이 책의 내용은 매우 재미있다.,The content of this book is very interesting.,content.png,content_word_en.mp3,content_meaning_ko.mp3,content_example_en.mp3,content_example_ko.mp3,초급,2
continuous,계속되는,,계속되는 비 때문에 길이 미끄럽다.,The road is slippery because of the continuous rain.,continuous.png,continuous_word_en.mp3,continuous_meaning_ko.mp3,continuous_example_en.mp3,continuous_example_ko.mp3,초급,2
contrast,대조,,검은색과 흰색의 대조가 뚜렷하다.,The contrast between black and white is clear.,contrast.png,contrast_word_en.mp3,contrast_meaning_ko.mp3,contrast_example_en.mp3,contrast_example_ko.mp3,초급,2
convenient,편리한,,이 앱은 사용하기 편리하다.,This app is convenient to use.,convenient.png,convenient_word_en.mp3,convenient_meaning_ko.mp3,convenient_example_en.mp3,convenient_example_ko.mp3,초급,2
convince,설득하다,,나는 친구를 설득해서 함께 여행을 갔다.,I convinced my friend and went on a trip together.,convince.png,convince_word_en.mp3,convince_meaning_ko.mp3,convince_example_en.mp3,convince_example_ko.mp3,초급,2
costume,의상,,아이들은 축제에서 특별한 의상을 입었다.,The children wore special costumes at the festival.,costume.png,costume_word_en.mp3,costume_meaning_ko.mp3,costume_example_en.mp3,costume_example_ko.mp3,쇼핑,2
cottage,오두막집,,숲속에 작은 오두막집이 있었다.,There was a small cottage in the forest.,cottage.png,cottage_word_en.mp3,cottage_meaning_ko.mp3,cottage_example_en.mp3,cottage_example_ko.mp3,초급,2
cotton,면,,이 셔츠는 부드러운 면으로 만들어졌다.,This shirt is made of soft cotton.,cotton.png,cotton_word_en.mp3,cotton_meaning_ko.mp3,cotton_example_en.mp3,cotton_example_ko.mp3,초급,2
countryside,시골,,주말에 시골에 가서 쉬었다.,I went to the countryside and rested on the weekend.,countryside.png,countryside_word_en.mp3,countryside_meaning_ko.mp3,countryside_example_en.mp3,countryside_example_ko.mp3,여행,2
court,법원,,그 사건은 법원에서 다루어졌다.,The case was handled in court.,court.png,court_word_en.mp3,court_meaning_ko.mp3,court_example_en.mp3,court_example_ko.mp3,초급,2
covered,덮인,,산은 하얀 눈으로 덮여 있었다.,The mountain was covered with white snow.,covered.png,covered_word_en.mp3,covered_meaning_ko.mp3,covered_example_en.mp3,covered_example_ko.mp3,초급,2
cruel,잔인한,,동물을 괴롭히는 것은 잔인한 행동이다.,Hurting animals is a cruel act.,cruel.png,cruel_word_en.mp3,cruel_meaning_ko.mp3,cruel_example_en.mp3,cruel_example_ko.mp3,초급,2
cultural,문화의,,이 도시는 문화의 중심지로 유명하다.,This city is famous as a cultural center.,cultural.png,cultural_word_en.mp3,cultural_meaning_ko.mp3,cultural_example_en.mp3,cultural_example_ko.mp3,초급,2
currency,통화,,한국의 통화는 원이다.,The currency of Korea is the won.,currency.png,currency_word_en.mp3,currency_meaning_ko.mp3,currency_example_en.mp3,currency_example_ko.mp3,비즈니스,3
current,현재의,,현재의 상황을 잘 이해해야 한다.,We need to understand the current situation well.,current.png,current_word_en.mp3,current_meaning_ko.mp3,current_example_en.mp3,current_example_ko.mp3,초급,2
currently,현재,,그는 현재 서울에 살고 있다.,He currently lives in Seoul.,currently.png,currently_word_en.mp3,currently_meaning_ko.mp3,currently_example_en.mp3,currently_example_ko.mp3,초급,2
curtain,커튼,,아침에 커튼을 열자 햇빛이 들어왔다.,"When I opened the curtain in the morning, sunlight came in.",curtain.png,curtain_word_en.mp3,curtain_meaning_ko.mp3,curtain_example_en.mp3,curtain_example_ko.mp3,초급,2
custom,관습,,설날에 세배를 하는 것은 한국의 관습이다.,Bowing on Seollal is a Korean custom.,custom.png,custom_word_en.mp3,custom_meaning_ko.mp3,custom_example_en.mp3,custom_example_ko.mp3,초급,2
damage,손상,,태풍으로 집에 큰 손상이 생겼다.,The typhoon caused serious damage to the house.,damage.png,damage_word_en.mp3,damage_meaning_ko.mp3,damage_example_en.mp3,damage_example_ko.mp3,위기탈출,3
decade,십 년,,지난 십 년 동안 도시는 많이 변했다.,The city has changed a lot over the past decade.,decade.png,decade_word_en.mp3,decade_meaning_ko.mp3,decade_example_en.mp3,decade_example_ko.mp3,초급,2
decorate,장식하다,,우리는 방을 꽃으로 장식했다.,We decorated the room with flowers.,decorate.png,decorate_word_en.mp3,decorate_meaning_ko.mp3,decorate_example_en.mp3,decorate_example_ko.mp3,초급,2
define,정의하다,,선생님은 어려운 단어를 쉽게 정의했다.,The teacher defined the difficult word simply.,define.png,define_word_en.mp3,define_meaning_ko.mp3,define_example_en.mp3,define_example_ko.mp3,초급,2
definite,명확한,,아직 명확한 답을 찾지 못했다.,I have not found a definite answer yet.,definite.png,definite_word_en.mp3,definite_meaning_ko.mp3,definite_example_en.mp3,definite_example_ko.mp3,초급,2
definition,정의,,이 단어의 정의를 사전에서 찾아보세요.,Please look up the definition of this word in the dictionary.,definition.png,definition_word_en.mp3,definition_meaning_ko.mp3,definition_example_en.mp3,definition_example_ko.mp3,초급,2
deliver,배달하다,,택배 기사가 소포를 배달했다.,The delivery driver delivered the package.,deliver.png,deliver_word_en.mp3,deliver_meaning_ko.mp3,deliver_example_en.mp3,deliver_example_ko.mp3,비즈니스,3
departure,출발,,기차의 출발 시간은 오전 아홉 시이다.,The train's departure time is 9 a.m.,departure.png,departure_word_en.mp3,departure_meaning_ko.mp3,departure_example_en.mp3,departure_example_ko.mp3,여행,2
despite,~에도 불구하고,,비에도 불구하고 우리는 산책을 했다.,"Despite the rain, we took a walk.",despite.png,despite_word_en.mp3,despite_meaning_ko.mp3,despite_example_en.mp3,despite_example_ko.mp3,초급,2
destination,목적지,,우리의 목적지는 부산이다.,Our destination is Busan.,destination.png,destination_word_en.mp3,destination_meaning_ko.mp3,destination_example_en.mp3,destination_example_ko.mp3,여행,2
determine,결정하다,,우리는 회의 날짜를 내일 결정할 것이다.,We will determine the meeting date tomorrow.,determine.png,determine_word_en.mp3,determine_meaning_ko.mp3,determine_example_en.mp3,determine_example_ko.mp3,초급,2
determined,의지가 굳은,,그녀는 목표를 이루려는 의지가 굳은 사람이다.,She is a determined person who wants to achieve her goal.,determined.png,determined_word_en.mp3,determined_meaning_ko.mp3,determined_example_en.mp3,determined_example_ko.mp3,초급,2
development,발전,,기술의 발전은 우리 생활을 편리하게 만들었다.,The development of technology has made our lives convenient.,development.png,development_word_en.mp3,development_meaning_ko.mp3,development_example_en.mp3,development_example_ko.mp3,비즈니스,3
diagram,도표,,선생님은 도표를 보며 설명했다.,The teacher explained while looking at the diagram.,diagram.png,diagram_word_en.mp3,diagram_meaning_ko.mp3,diagram_example_en.mp3,diagram_example_ko.mp3,초급,2
diamond,다이아몬드,,그 반지에는 작은 다이아몬드가 박혀 있다.,There is a small diamond set in the ring.,diamond.png,diamond_word_en.mp3,diamond_meaning_ko.mp3,diamond_example_en.mp3,diamond_example_ko.mp3,초급,2
difficulty,어려움,,그는 어려움이 있어도 포기하지 않았다.,He did not give up even though he had difficulty.,difficulty.png,difficulty_word_en.mp3,difficulty_meaning_ko.mp3,difficulty_example_en.mp3,difficulty_example_ko.mp3,초급,2
directly,직접적으로,,그에게 직접적으로 질문해 보세요.,Try asking him directly.,directly.png,directly_word_en.mp3,directly_meaning_ko.mp3,directly_example_en.mp3,directly_example_ko.mp3,초급,2
dirt,흙,,아이의 신발에 흙이 묻었다.,Dirt got on the child's shoes.,dirt.png,dirt_word_en.mp3,dirt_meaning_ko.mp3,dirt_example_en.mp3,dirt_example_ko.mp3,초급,2
disadvantage,불리한 점,,그 방법의 불리한 점은 시간이 많이 걸린다는 것이다.,The disadvantage of that method is that it takes a lot of time.,disadvantage.png,disadvantage_word_en.mp3,disadvantage_meaning_ko.mp3,disadvantage_example_en.mp3,disadvantage_example_ko.mp3,초급,2
disappointed,실망한,,나는 경기 결과에 실망했다.,I was disappointed with the result of the game.,disappointed.png,disappointed_word_en.mp3,disappointed_meaning_ko.mp3,disappointed_example_en.mp3,disappointed_example_ko.mp3,초급,2
disappointing,실망스러운,,영화의 결말은 조금 실망스러웠다.,The ending of the movie was a little disappointing.,disappointing.png,disappointing_word_en.mp3,disappointing_meaning_ko.mp3,disappointing_example_en.mp3,disappointing_example_ko.mp3,초급,2
discount,할인,,이 가게는 학생에게 할인을 해 준다.,This store gives a discount to students.,discount.png,discount_word_en.mp3,discount_meaning_ko.mp3,discount_example_en.mp3,discount_example_ko.mp3,비즈니스,3
dislike,싫어하다,,나는 너무 매운 음식을 싫어한다.,I dislike very spicy food.,dislike.png,dislike_word_en.mp3,dislike_meaning_ko.mp3,dislike_example_en.mp3,dislike_example_ko.mp3,초급,2
divide,나누다,,케이크를 여섯 조각으로 나누었다.,I divided the cake into six pieces.,divide.png,divide_word_en.mp3,divide_meaning_ko.mp3,divide_example_en.mp3,divide_example_ko.mp3,초급,2
documentary,다큐멘터리,,어젯밤에 자연에 관한 다큐멘터리를 봤다.,I watched a documentary about nature last night.,documentary.png,documentary_word_en.mp3,documentary_meaning_ko.mp3,documentary_example_en.mp3,documentary_example_ko.mp3,초급,2
donate,기부하다,,그는 병원에 돈을 기부했다.,He donated money to the hospital.,donate.png,donate_word_en.mp3,donate_meaning_ko.mp3,donate_example_en.mp3,donate_example_ko.mp3,초급,2
doubt,의심하다,,나는 그의 말을 조금 의심했다.,I doubted his words a little.,doubt.png,doubt_word_en.mp3,doubt_meaning_ko.mp3,doubt_example_en.mp3,doubt_example_ko.mp3,초급,2
dressed,옷을 입은,,그녀는 하얀 드레스를 입은 모습이었다.,She was dressed in a white dress.,dressed.png,dressed_word_en.mp3,dressed_meaning_ko.mp3,dressed_example_en.mp3,dressed_example_ko.mp3,초급,2
drum,드럼,,민수는 밴드에서 드럼을 칩니다.,Minsu plays the drum in a band.,drum.png,drum_word_en.mp3,drum_meaning_ko.mp3,drum_example_en.mp3,drum_example_ko.mp3,초급,2
drunk,취한,,취한 손님은 택시를 타고 집에 갔습니다.,The drunk customer took a taxi home.,drunk.png,drunk_word_en.mp3,drunk_meaning_ko.mp3,drunk_example_en.mp3,drunk_example_ko.mp3,초급,2
due,예정된,,오늘 예정된 수업이 취소되었습니다.,The class scheduled for today was canceled.,due.png,due_word_en.mp3,due_meaning_ko.mp3,due_example_en.mp3,due_example_ko.mp3,초급,2
dust,먼지,,책상 위에 먼지가 많이 쌓였습니다.,A lot of dust has gathered on the desk.,dust.png,dust_word_en.mp3,dust_meaning_ko.mp3,dust_example_en.mp3,dust_example_ko.mp3,초급,2
duty,의무,,학생의 의무는 열심히 공부하는 것입니다.,A student's duty is to study hard.,duty.png,duty_word_en.mp3,duty_meaning_ko.mp3,duty_example_en.mp3,duty_example_ko.mp3,초급,2
earthquake,지진,,어젯밤에 작은 지진이 일어났습니다.,A small earthquake occurred last night.,earthquake.png,earthquake_word_en.mp3,earthquake_meaning_ko.mp3,earthquake_example_en.mp3,earthquake_example_ko.mp3,위기탈출,3
eastern,동쪽의,,도시 동쪽의 공원은 조용합니다.,The park in the eastern part of the city is quiet.,eastern.png,eastern_word_en.mp3,eastern_meaning_ko.mp3,eastern_example_en.mp3,eastern_example_ko.mp3,초급,2
economic,경제의,,경제의 안정은 사람들의 생활에 중요합니다.,Economic stability is important for people's lives.,economic.png,economic_word_en.mp3,economic_meaning_ko.mp3,economic_example_en.mp3,economic_example_ko.mp3,비즈니스,3
economy,경제,,그 나라는 경제가 빠르게 성장하고 있습니다.,That country's economy is growing quickly.,economy.png,economy_word_en.mp3,economy_meaning_ko.mp3,economy_example_en.mp3,economy_example_ko.mp3,비즈니스,3
edge,끝,,책상 끝에 컵을 놓지 마세요.,Do not put the cup on the edge of the desk.,edge.png,edge_word_en.mp3,edge_meaning_ko.mp3,edge_example_en.mp3,edge_example_ko.mp3,초급,2
editor,편집자,,편집자가 글의 제목을 바꾸었습니다.,The editor changed the title of the article.,editor.png,editor_word_en.mp3,editor_meaning_ko.mp3,editor_example_en.mp3,editor_example_ko.mp3,초급,2
educate,교육시키다,,부모는 아이들에게 예절을 교육시킵니다.,Parents educate their children about manners.,educate.png,educate_word_en.mp3,educate_meaning_ko.mp3,educate_example_en.mp3,educate_example_ko.mp3,초급,2
educated,교육받은,,그는 잘 교육받은 사람입니다.,He is a well-educated person.,educated.png,educated_word_en.mp3,educated_meaning_ko.mp3,educated_example_en.mp3,educated_example_ko.mp3,초급,2
educational,교육적인,,이 박물관은 아이들에게 교육적인 장소입니다.,This museum is an educational place for children.,educational.png,educational_word_en.mp3,educational_meaning_ko.mp3,educational_example_en.mp3,educational_example_ko.mp3,초급,2
effective,효과적인,,매일 복습하는 것은 효과적인 공부 방법입니다.,Reviewing every day is an effective study method.,effective.png,effective_word_en.mp3,effective_meaning_ko.mp3,effective_example_en.mp3,effective_example_ko.mp3,초급,2
effectively,효과적으로,,그는 시간을 효과적으로 사용합니다.,He uses his time effectively.,effectively.png,effectively_word_en.mp3,effectively_meaning_ko.mp3,effectively_example_en.mp3,effectively_example_ko.mp3,초급,2
effort,노력,,그녀의 노력 덕분에 일이 잘 끝났습니다.,"Thanks to her effort, the work ended well.",effort.png,effort_word_en.mp3,effort_meaning_ko.mp3,effort_example_en.mp3,effort_example_ko.mp3,초급,2
election,선거,,다음 달에 대통령 선거가 있습니다.,There will be a presidential election next month.,election.png,election_word_en.mp3,election_meaning_ko.mp3,election_example_en.mp3,election_example_ko.mp3,초급,2
element,요소,,신뢰는 좋은 관계의 중요한 요소입니다.,Trust is an important element of a good relationship.,element.png,element_word_en.mp3,element_meaning_ko.mp3,element_example_en.mp3,element_example_ko.mp3,초급,2
embarrassed,당황한,,그는 질문을 듣고 당황한 표정을 지었습니다.,He looked embarrassed after hearing the question.,embarrassed.png,embarrassed_word_en.mp3,embarrassed_meaning_ko.mp3,embarrassed_example_en.mp3,embarrassed_example_ko.mp3,초급,2
embarrassing,당황스러운,,이름을 잊어버린 것은 당황스러운 일이었습니다.,Forgetting the name was an embarrassing thing.,embarrassing.png,embarrassing_word_en.mp3,embarrassing_meaning_ko.mp3,embarrassing_example_en.mp3,embarrassing_example_ko.mp3,초급,2
emergency,비상사태,,비상사태가 발생하면 이 번호로 전화하세요.,"If an emergency occurs, call this number.",emergency.png,emergency_word_en.mp3,emergency_meaning_ko.mp3,emergency_example_en.mp3,emergency_example_ko.mp3,위기탈출,3
emotion,감정,,그는 자신의 감정을 솔직하게 말했습니다.,He honestly talked about his emotions.,emotion.png,emotion_word_en.mp3,emotion_meaning_ko.mp3,emotion_example_en.mp3,emotion_example_ko.mp3,초급,2
employment,고용,,이 회사는 청년 고용을 늘리고 있습니다.,This company is increasing youth employment.,employment.png,employment_word_en.mp3,employment_meaning_ko.mp3,employment_example_en.mp3,employment_example_ko.mp3,비즈니스,3
encourage,격려하다,,선생님은 학생들을 항상 격려합니다.,The teacher always encourages the students.,encourage.png,encourage_word_en.mp3,encourage_meaning_ko.mp3,encourage_example_en.mp3,encourage_example_ko.mp3,초급,2
enemy,적,,그들은 전쟁에서 서로의 적이 되었습니다.,They became each other's enemies in the war.,enemy.png,enemy_word_en.mp3,enemy_meaning_ko.mp3,enemy_example_en.mp3,enemy_example_ko.mp3,초급,2
engaged,약혼한,,그들은 지난달에 약혼한 커플입니다.,They are a couple who got engaged last month.,engaged.png,engaged_word_en.mp3,engaged_meaning_ko.mp3,engaged_example_en.mp3,engaged_example_ko.mp3,초급,2
engineering,공학,,제 형은 대학에서 공학을 공부합니다.,My older brother studies engineering at university.,engineering.png,engineering_word_en.mp3,engineering_meaning_ko.mp3,engineering_example_en.mp3,engineering_example_ko.mp3,초급,2
entertain,즐겁게 하다,,그 가수는 노래로 관객을 즐겁게 했습니다.,The singer entertained the audience with songs.,entertain.png,entertain_word_en.mp3,entertain_meaning_ko.mp3,entertain_example_en.mp3,entertain_example_ko.mp3,초급,2
entertainment,오락,,텔레비전은 많은 사람들에게 오락을 제공합니다.,Television provides entertainment for many people.,entertainment.png,entertainment_word_en.mp3,entertainment_meaning_ko.mp3,entertainment_example_en.mp3,entertainment_example_ko.mp3,초급,2
entrance,입구,,학교 입구에서 친구를 만났습니다.,I met my friend at the school entrance.,entrance.png,entrance_word_en.mp3,entrance_meaning_ko.mp3,entrance_example_en.mp3,entrance_example_ko.mp3,초급,2
entry,입장,,공연장 입장은 7시부터 시작됩니다.,Entry to the concert hall begins at seven o'clock.,entry.png,entry_word_en.mp3,entry_meaning_ko.mp3,entry_example_en.mp3,entry_example_ko.mp3,초급,2
environmental,환경의,,우리는 환경의 문제에 더 관심을 가져야 합니다.,We should pay more attention to environmental problems.,environmental.png,environmental_word_en.mp3,environmental_meaning_ko.mp3,environmental_example_en.mp3,environmental_example_ko.mp3,초급,2
episode,에피소드,,어제 본 드라마 에피소드가 아주 재미있었습니다.,The drama episode I watched yesterday was very interesting.,episode.png,episode_word_en.mp3,episode_meaning_ko.mp3,episode_example_en.mp3,episode_example_ko.mp3,초급,2
equal,같은,,두 학생에게 같은 기회를 주었습니다.,We gave the two students equal opportunities.,equal.png,equal_word_en.mp3,equal_meaning_ko.mp3,equal_example_en.mp3,equal_example_ko.mp3,초급,2
equally,똑같이,,케이크를 세 명에게 똑같이 나누어 주세요.,Please divide the cake equally among three people.,equally.png,equally_word_en.mp3,equally_meaning_ko.mp3,equally_example_en.mp3,equally_example_ko.mp3,초급,2
escape,탈출하다,,고양이가 열린 문으로 탈출했습니다.,The cat escaped through the open door.,escape.png,escape_word_en.mp3,escape_meaning_ko.mp3,escape_example_en.mp3,escape_example_ko.mp3,위기탈출,3
essential,필수적인,,물은 생명에 필수적인 것입니다.,Water is essential for life.,essential.png,essential_word_en.mp3,essential_meaning_ko.mp3,essential_example_en.mp3,essential_example_ko.mp3,초급,2
eventually,결국,,우리는 길을 잃었지만 결국 집에 도착했습니다.,"We got lost, but eventually arrived home.",eventually.png,eventually_word_en.mp3,eventually_meaning_ko.mp3,eventually_example_en.mp3,eventually_example_ko.mp3,초급,2
examine,조사하다,,경찰은 사고 원인을 조사하고 있습니다.,The police are examining the cause of the accident.,examine.png,examine_word_en.mp3,examine_meaning_ko.mp3,examine_example_en.mp3,examine_example_ko.mp3,초급,2
exchange,교환,,우리는 선물 교환을 했습니다.,We had a gift exchange.,exchange.png,exchange_word_en.mp3,exchange_meaning_ko.mp3,exchange_example_en.mp3,exchange_example_ko.mp3,여행,2
excitement,흥분,,아이들은 여행 전날 밤 흥분을 감추지 못했습니다.,The children could not hide their excitement the night before the trip.,excitement.png,excitement_word_en.mp3,excitement_meaning_ko.mp3,excitement_example_en.mp3,excitement_example_ko.mp3,초급,2
exhibition,전시회,,이번 주말에 미술 전시회에 갈 거예요.,I am going to an art exhibition this weekend.,exhibition.png,exhibition_word_en.mp3,exhibition_meaning_ko.mp3,exhibition_example_en.mp3,exhibition_example_ko.mp3,초급,2
expand,확장하다,,회사는 해외 시장으로 사업을 확장하려고 합니다.,The company plans to expand its business into overseas markets.,expand.png,expand_word_en.mp3,expand_meaning_ko.mp3,expand_example_en.mp3,expand_example_ko.mp3,비즈니스,3
expected,예상된,,예상된 결과라서 아무도 놀라지 않았습니다.,No one was surprised because it was the expected result.,expected.png,expected_word_en.mp3,expected_meaning_ko.mp3,expected_example_en.mp3,expected_example_ko.mp3,초급,2
expedition,탐험,,그들은 북극 탐험을 준비하고 있습니다.,They are preparing for an expedition to the Arctic.,expedition.png,expedition_word_en.mp3,expedition_meaning_ko.mp3,expedition_example_en.mp3,expedition_example_ko.mp3,여행,2
experienced,숙련된,,숙련된 의사가 수술을 맡았습니다.,An experienced doctor performed the surgery.,experienced.png,experienced_word_en.mp3,experienced_meaning_ko.mp3,experienced_example_en.mp3,experienced_example_ko.mp3,초급,2
explode,폭발하다,,가스통이 갑자기 폭발했습니다.,The gas cylinder suddenly exploded.,explode.png,explode_word_en.mp3,explode_meaning_ko.mp3,explode_example_en.mp3,explode_example_ko.mp3,위기탈출,3
explore,탐험하다,,우리는 동굴을 탐험했습니다.,We explored the cave.,explore.png,explore_word_en.mp3,explore_meaning_ko.mp3,explore_example_en.mp3,explore_example_ko.mp3,여행,2
explosion,폭발,,큰 폭발 소리가 들렸습니다.,A loud explosion was heard.,explosion.png,explosion_word_en.mp3,explosion_meaning_ko.mp3,explosion_example_en.mp3,explosion_example_ko.mp3,위기탈출,3
export,수출,,한국의 자동차 수출이 늘고 있습니다.,Korea's automobile exports are increasing.,export.png,export_word_en.mp3,export_meaning_ko.mp3,export_example_en.mp3,export_example_ko.mp3,비즈니스,3
fairly,꽤,,오늘 날씨가 꽤 춥습니다.,The weather is fairly cold today.,fairly.png,fairly_word_en.mp3,fairly_meaning_ko.mp3,fairly_example_en.mp3,fairly_example_ko.mp3,초급,2
familiar,익숙한,,이 노래는 저에게 익숙한 멜로디입니다.,This song has a melody that is familiar to me.,familiar.png,familiar_word_en.mp3,familiar_meaning_ko.mp3,familiar_example_en.mp3,familiar_example_ko.mp3,초급,2
fancy,화려한,,그녀는 화려한 드레스를 입었습니다.,She wore a fancy dress.,fancy.png,fancy_word_en.mp3,fancy_meaning_ko.mp3,fancy_example_en.mp3,fancy_example_ko.mp3,초급,2
fascinating,흥미로운,,그 책은 매우 흥미로운 이야기를 담고 있습니다.,The book contains a very fascinating story.,fascinating.png,fascinating_word_en.mp3,fascinating_meaning_ko.mp3,fascinating_example_en.mp3,fascinating_example_ko.mp3,초급,2
fashionable,유행하는,,요즘 유행하는 신발을 샀습니다.,I bought fashionable shoes these days.,fashionable.png,fashionable_word_en.mp3,fashionable_meaning_ko.mp3,fashionable_example_en.mp3,fashionable_example_ko.mp3,초급,2
fasten,채우다,,차에 타면 안전벨트를 채우세요.,Fasten your seat belt when you get in the car.,fasten.png,fasten_word_en.mp3,fasten_meaning_ko.mp3,fasten_example_en.mp3,fasten_example_ko.mp3,초급,2
favour,호의,,그의 작은 호의가 저에게 큰 도움이 되었습니다.,His small favour was a great help to me.,favour.png,favour_word_en.mp3,favour_meaning_ko.mp3,favour_example_en.mp3,favour_example_ko.mp3,초급,2
fence,울타리,,집 주변에 나무 울타리가 있습니다.,There is a wooden fence around the house.,fence.png,fence_word_en.mp3,fence_meaning_ko.mp3,fence_example_en.mp3,fence_example_ko.mp3,초급,2
fighting,싸움,,아이들의 싸움은 금방 끝났습니다.,The children's fighting ended quickly.,fighting.png,fighting_word_en.mp3,fighting_meaning_ko.mp3,fighting_example_en.mp3,fighting_example_ko.mp3,초급,2
file,파일,,선생님께 숙제 파일을 이메일로 보냈어요.,I sent the homework file to the teacher by email.,file.png,file_word_en.mp3,file_meaning_ko.mp3,file_example_en.mp3,file_example_ko.mp3,초급,2
financial,재정적인,,그 회사는 재정적인 문제가 있어요.,That company has financial problems.,financial.png,financial_word_en.mp3,financial_meaning_ko.mp3,financial_example_en.mp3,financial_example_ko.mp3,비즈니스,3
fitness,건강,,건강을 위해 매일 아침 운동해요.,I exercise every morning for my health.,fitness.png,fitness_word_en.mp3,fitness_meaning_ko.mp3,fitness_example_en.mp3,fitness_example_ko.mp3,초급,2
fixed,고정된,,책상 위에는 고정된 전등이 있어요.,There is a fixed lamp on the desk.,fixed.png,fixed_word_en.mp3,fixed_meaning_ko.mp3,fixed_example_en.mp3,fixed_example_ko.mp3,초급,2
flag,깃발,,학교 운동장에 큰 깃발이 걸려 있어요.,A large flag is hanging in the school playground.,flag.png,flag_word_en.mp3,flag_meaning_ko.mp3,flag_example_en.mp3,flag_example_ko.mp3,초급,2
flood,홍수,,많은 비 때문에 마을에 홍수가 났어요.,There was a flood in the village because of heavy rain.,flood.png,flood_word_en.mp3,flood_meaning_ko.mp3,flood_example_en.mp3,flood_example_ko.mp3,위기탈출,3
flour,밀가루,,엄마는 밀가루로 빵을 만들었어요.,Mom made bread with flour.,flour.png,flour_word_en.mp3,flour_meaning_ko.mp3,flour_example_en.mp3,flour_example_ko.mp3,초급,2
flow,흐르다,,강물이 천천히 흐르고 있어요.,The river water is flowing slowly.,flow.png,flow_word_en.mp3,flow_meaning_ko.mp3,flow_example_en.mp3,flow_example_ko.mp3,초급,2
fold,접다,,편지를 접어서 봉투에 넣었어요.,I folded the letter and put it in an envelope.,fold.png,fold_word_en.mp3,fold_meaning_ko.mp3,fold_example_en.mp3,fold_example_ko.mp3,초급,2
folk,사람들,,마을 사람들은 축제를 준비하고 있어요.,The people in the village are preparing for the festival.,folk.png,folk_word_en.mp3,folk_meaning_ko.mp3,folk_example_en.mp3,folk_example_ko.mp3,초급,2
force,힘,,문을 열려면 더 큰 힘이 필요해요.,You need more force to open the door.,force.png,force_word_en.mp3,force_meaning_ko.mp3,force_example_en.mp3,force_example_ko.mp3,초급,2
forever,영원히,,나는 이 순간을 영원히 기억할 거예요.,I will remember this moment forever.,forever.png,forever_word_en.mp3,forever_meaning_ko.mp3,forever_example_en.mp3,forever_example_ko.mp3,초급,2
frame,틀,,그림을 예쁜 틀에 넣었어요.,I put the picture in a pretty frame.,frame.png,frame_word_en.mp3,frame_meaning_ko.mp3,frame_example_en.mp3,frame_example_ko.mp3,초급,2
freeze,얼다,,날씨가 너무 추워서 물이 얼었어요.,The weather was so cold that the water froze.,freeze.png,freeze_word_en.mp3,freeze_meaning_ko.mp3,freeze_example_en.mp3,freeze_example_ko.mp3,초급,2
frequently,자주,,그는 도서관에 자주 가요.,He frequently goes to the library.,frequently.png,frequently_word_en.mp3,frequently_meaning_ko.mp3,frequently_example_en.mp3,frequently_example_ko.mp3,초급,2
friendship,우정,,두 사람의 우정은 아주 깊어요.,The friendship between the two people is very deep.,friendship.png,friendship_word_en.mp3,friendship_meaning_ko.mp3,friendship_example_en.mp3,friendship_example_ko.mp3,초급,2
frighten,무섭게 하다,,큰 소리가 아이를 무섭게 했어요.,The loud sound frightened the child.,frighten.png,frighten_word_en.mp3,frighten_meaning_ko.mp3,frighten_example_en.mp3,frighten_example_ko.mp3,초급,2
frightened,겁먹은,,겁먹은 강아지가 의자 밑에 숨었어요.,The frightened puppy hid under the chair.,frightened.png,frightened_word_en.mp3,frightened_meaning_ko.mp3,frightened_example_en.mp3,frightened_example_ko.mp3,초급,2
frightening,무서운,,어두운 숲은 정말 무서운 곳이었어요.,The dark forest was a really frightening place.,frightening.png,frightening_word_en.mp3,frightening_meaning_ko.mp3,frightening_example_en.mp3,frightening_example_ko.mp3,초급,2
frozen,냉동된,,저는 냉동된 만두를 저녁으로 먹었어요.,I ate frozen dumplings for dinner.,frozen.png,frozen_word_en.mp3,frozen_meaning_ko.mp3,frozen_example_en.mp3,frozen_example_ko.mp3,초급,2
fry,튀기다,,아빠가 감자를 기름에 튀겼어요.,Dad fried potatoes in oil.,fry.png,fry_word_en.mp3,fry_meaning_ko.mp3,fry_example_en.mp3,fry_example_ko.mp3,초급,2
fuel,연료,,자동차에 연료가 거의 없어요.,The car has almost no fuel.,fuel.png,fuel_word_en.mp3,fuel_meaning_ko.mp3,fuel_example_en.mp3,fuel_example_ko.mp3,초급,2
function,기능,,이 휴대폰에는 여러 가지 기능이 있어요.,This phone has many functions.,function.png,function_word_en.mp3,function_meaning_ko.mp3,function_example_en.mp3,function_example_ko.mp3,초급,2
fur,털,,고양이의 털이 아주 부드러워요.,The cat's fur is very soft.,fur.png,fur_word_en.mp3,fur_meaning_ko.mp3,fur_example_en.mp3,fur_example_ko.mp3,초급,2
garage,차고,,아버지는 차를 차고에 세웠어요.,My father parked the car in the garage.,garage.png,garage_word_en.mp3,garage_meaning_ko.mp3,garage_example_en.mp3,garage_example_ko.mp3,초급,2
gather,모으다,,학생들은 운동장에 쓰레기를 모았어요.,The students gathered trash on the playground.,gather.png,gather_word_en.mp3,gather_meaning_ko.mp3,gather_example_en.mp3,gather_example_ko.mp3,초급,2
generally,대체로,,이 지역은 대체로 날씨가 따뜻해요.,The weather in this area is generally warm.,generally.png,generally_word_en.mp3,generally_meaning_ko.mp3,generally_example_en.mp3,generally_example_ko.mp3,초급,2
generation,세대,,우리 세대는 인터넷을 많이 사용해요.,Our generation uses the internet a lot.,generation.png,generation_word_en.mp3,generation_meaning_ko.mp3,generation_example_en.mp3,generation_example_ko.mp3,초급,2
generous,인심이 좋은,,그 사장님은 직원들에게 인심이 좋은 분이에요.,That boss is generous to the employees.,generous.png,generous_word_en.mp3,generous_meaning_ko.mp3,generous_example_en.mp3,generous_example_ko.mp3,초급,2
gentle,온화한,,그 선생님은 말투가 온화한 분이에요.,That teacher has a gentle way of speaking.,gentle.png,gentle_word_en.mp3,gentle_meaning_ko.mp3,gentle_example_en.mp3,gentle_example_ko.mp3,초급,2
gentleman,신사,,그 신사는 문을 열어 주었어요.,The gentleman opened the door for me.,gentleman.png,gentleman_word_en.mp3,gentleman_meaning_ko.mp3,gentleman_example_en.mp3,gentleman_example_ko.mp3,초급,2
ghost,귀신,,동생은 귀신 이야기를 듣고 무서워했어요.,My younger sibling was scared after hearing a ghost story.,ghost.png,ghost_word_en.mp3,ghost_meaning_ko.mp3,ghost_example_en.mp3,ghost_example_ko.mp3,초급,2
giant,거인,,옛날이야기에 키가 큰 거인이 나와요.,A tall giant appears in the old story.,giant.png,giant_word_en.mp3,giant_meaning_ko.mp3,giant_example_en.mp3,giant_example_ko.mp3,초급,2
glad,기쁜,,친구를 다시 만나서 정말 기뻐요.,I am really glad to see my friend again.,glad.png,glad_word_en.mp3,glad_meaning_ko.mp3,glad_example_en.mp3,glad_example_ko.mp3,초급,2
global,세계적인,,환경 문제는 세계적인 문제예요.,Environmental problems are global problems.,global.png,global_word_en.mp3,global_meaning_ko.mp3,global_example_en.mp3,global_example_ko.mp3,비즈니스,3
glove,장갑,,추워서 두꺼운 장갑을 꼈어요.,I wore thick gloves because it was cold.,glove.png,glove_word_en.mp3,glove_meaning_ko.mp3,glove_example_en.mp3,glove_example_ko.mp3,쇼핑,2
goods,상품,,이 가게는 다양한 상품을 팔아요.,This store sells various goods.,goods.png,goods_word_en.mp3,goods_meaning_ko.mp3,goods_example_en.mp3,goods_example_ko.mp3,비즈니스,3
grade,학년,,제 동생은 초등학교 3학년이에요.,My younger sibling is in the third grade of elementary school.,grade.png,grade_word_en.mp3,grade_meaning_ko.mp3,grade_example_en.mp3,grade_example_ko.mp3,초급,2
graduate,졸업하다,,언니는 내년에 대학교를 졸업해요.,My older sister will graduate from university next year.,graduate.png,graduate_word_en.mp3,graduate_meaning_ko.mp3,graduate_example_en.mp3,graduate_example_ko.mp3,초급,2
grain,곡물,,쌀과 보리는 중요한 곡물이에요.,Rice and barley are important grains.,grain.png,grain_word_en.mp3,grain_meaning_ko.mp3,grain_example_en.mp3,grain_example_ko.mp3,초급,2
grateful,감사하는,,도와주셔서 정말 감사하는 마음이에요.,I am truly grateful that you helped me.,grateful.png,grateful_word_en.mp3,grateful_meaning_ko.mp3,grateful_example_en.mp3,grateful_example_ko.mp3,초급,2
growth,성장,,아이의 성장은 부모에게 큰 기쁨이에요.,A child's growth is a great joy to parents.,growth.png,growth_word_en.mp3,growth_meaning_ko.mp3,growth_example_en.mp3,growth_example_ko.mp3,비즈니스,3
guard,경비원,,경비원이 건물 입구를 지키고 있어요.,The guard is watching the entrance of the building.,guard.png,guard_word_en.mp3,guard_meaning_ko.mp3,guard_example_en.mp3,guard_example_ko.mp3,초급,2
guilty,유죄의,,법원은 그 남자가 유죄의 책임이 있다고 판단했어요.,The court decided that the man was guilty.,guilty.png,guilty_word_en.mp3,guilty_meaning_ko.mp3,guilty_example_en.mp3,guilty_example_ko.mp3,초급,2
hang,걸다,,벽에 새 달력을 걸었어요.,I hung a new calendar on the wall.,hang.png,hang_word_en.mp3,hang_meaning_ko.mp3,hang_example_en.mp3,hang_example_ko.mp3,초급,2
happiness,행복,,가족과 함께 있는 시간이 저에게는 행복이에요.,Time with my family is happiness for me.,happiness.png,happiness_word_en.mp3,happiness_meaning_ko.mp3,happiness_example_en.mp3,happiness_example_ko.mp3,초급,2
hardly,거의 ~않다,,어제 너무 바빠서 거의 쉬지 못했어요.,I was so busy yesterday that I could hardly rest.,hardly.png,hardly_word_en.mp3,hardly_meaning_ko.mp3,hardly_example_en.mp3,hardly_example_ko.mp3,초급,2
headline,헤드라인,,오늘 신문의 헤드라인은 큰 사고 소식이었어요.,Today's newspaper headline was news of a big accident.,headline.png,headline_word_en.mp3,headline_meaning_ko.mp3,headline_example_en.mp3,headline_example_ko.mp3,초급,2
heating,난방,,겨울에는 난방을 자주 사용해요.,We use heating often in winter.,heating.png,heating_word_en.mp3,heating_meaning_ko.mp3,heating_example_en.mp3,heating_example_ko.mp3,초급,2
heavily,심하게,,그는 감기에 심하게 걸렸어요.,He caught a cold badly.,heavily.png,heavily_word_en.mp3,heavily_meaning_ko.mp3,heavily_example_en.mp3,heavily_example_ko.mp3,초급,2
helicopter,헬리콥터,,헬리콥터가 병원 옥상에 착륙했어요.,The helicopter landed on the hospital roof.,helicopter.png,helicopter_word_en.mp3,helicopter_meaning_ko.mp3,helicopter_example_en.mp3,helicopter_example_ko.mp3,초급,2
highlight,강조하다,,선생님은 시험에 나올 부분을 강조했어요.,The teacher highlighted the parts that will be on the test.,highlight.png,highlight_word_en.mp3,highlight_meaning_ko.mp3,highlight_example_en.mp3,highlight_example_ko.mp3,초급,2
highly,매우,,이 식당은 손님들에게 매우 인기가 있어요.,This restaurant is highly popular with customers.,highly.png,highly_word_en.mp3,highly_meaning_ko.mp3,highly_example_en.mp3,highly_example_ko.mp3,초급,2
hire,고용하다,,회사는 새로운 직원을 고용했어요.,The company hired a new employee.,hire.png,hire_word_en.mp3,hire_meaning_ko.mp3,hire_example_en.mp3,hire_example_ko.mp3,비즈니스,3
historic,역사적으로 중요한,,그 도시는 역사적으로 중요한 장소예요.,That city is a historically important place.,historic.png,historic_word_en.mp3,historic_meaning_ko.mp3,historic_example_en.mp3,historic_example_ko.mp3,여행,2
historical,역사적인,,우리는 박물관에서 역사적인 자료를 보았어요.,We saw historical materials at the museum.,historical.png,historical_word_en.mp3,historical_meaning_ko.mp3,historical_example_en.mp3,historical_example_ko.mp3,초급,2
honest,정직한,,민수는 항상 사실을 말하는 정직한 아이예요.,Minsu is an honest child who always tells the truth.,honest.png,honest_word_en.mp3,honest_meaning_ko.mp3,honest_example_en.mp3,honest_example_ko.mp3,초급,2
horrible,끔찍한,,어젯밤에 끔찍한 꿈을 꾸었어요.,I had a horrible dream last night.,horrible.png,horrible_word_en.mp3,horrible_meaning_ko.mp3,horrible_example_en.mp3,horrible_example_ko.mp3,초급,2
horror,공포,,그 영화는 공포 장면이 많았어요.,That movie had many horror scenes.,horror.png,horror_word_en.mp3,horror_meaning_ko.mp3,horror_example_en.mp3,horror_example_ko.mp3,초급,2
host,진행자,,그 진행자는 프로그램을 재미있게 이끌었어요.,The host led the program in an entertaining way.,host.png,host_word_en.mp3,host_meaning_ko.mp3,host_example_en.mp3,host_example_ko.mp3,초급,2
hunt,사냥하다,,그들은 겨울에 산에서 사냥했다.,They hunted in the mountains in winter.,hunt.png,hunt_word_en.mp3,hunt_meaning_ko.mp3,hunt_example_en.mp3,hunt_example_ko.mp3,초급,2
hurricane,허리케인,,허리케인이 마을에 큰 피해를 주었다.,The hurricane caused great damage to the village.,hurricane.png,hurricane_word_en.mp3,hurricane_meaning_ko.mp3,hurricane_example_en.mp3,hurricane_example_ko.mp3,위기탈출,3
hurry,서두르다,,버스를 타려면 서둘러야 해요.,You need to hurry if you want to catch the bus.,hurry.png,hurry_word_en.mp3,hurry_meaning_ko.mp3,hurry_example_en.mp3,hurry_example_ko.mp3,초급,2
identity,정체성,,그는 자신의 정체성을 찾고 싶어 했다.,He wanted to find his own identity.,identity.png,identity_word_en.mp3,identity_meaning_ko.mp3,identity_example_en.mp3,identity_example_ko.mp3,초급,2
ignore,무시하다,,친구의 조언을 무시하지 마세요.,Do not ignore your friend's advice.,ignore.png,ignore_word_en.mp3,ignore_meaning_ko.mp3,ignore_example_en.mp3,ignore_example_ko.mp3,초급,2
illegal,불법의,,그 가게는 불법의 물건을 팔았다.,The store sold illegal goods.,illegal.png,illegal_word_en.mp3,illegal_meaning_ko.mp3,illegal_example_en.mp3,illegal_example_ko.mp3,초급,2
imaginary,상상의,,아이는 상상의 친구와 이야기했다.,The child talked with an imaginary friend.,imaginary.png,imaginary_word_en.mp3,imaginary_meaning_ko.mp3,imaginary_example_en.mp3,imaginary_example_ko.mp3,초급,2
immediate,즉각적인,,환자는 즉각적인 치료가 필요했다.,The patient needed immediate treatment.,immediate.png,immediate_word_en.mp3,immediate_meaning_ko.mp3,immediate_example_en.mp3,immediate_example_ko.mp3,초급,2
immigrant,이민자,,그는 캐나다에서 온 이민자입니다.,He is an immigrant from Canada.,immigrant.png,immigrant_word_en.mp3,immigrant_meaning_ko.mp3,immigrant_example_en.mp3,immigrant_example_ko.mp3,여행,2
impact,영향,,그 영화는 많은 사람들에게 큰 영향을 주었다.,The movie had a big impact on many people.,impact.png,impact_word_en.mp3,impact_meaning_ko.mp3,impact_example_en.mp3,impact_example_ko.mp3,초급,2
import,수입하다,,우리 회사는 프랑스에서 치즈를 수입한다.,Our company imports cheese from France.,import.png,import_word_en.mp3,import_meaning_ko.mp3,import_example_en.mp3,import_example_ko.mp3,여행,2
importance,중요성,,선생님은 독서의 중요성을 강조했다.,The teacher emphasized the importance of reading.,importance.png,importance_word_en.mp3,importance_meaning_ko.mp3,importance_example_en.mp3,importance_example_ko.mp3,초급,2
impression,인상,,그의 친절한 말이 좋은 인상을 남겼다.,His kind words left a good impression.,impression.png,impression_word_en.mp3,impression_meaning_ko.mp3,impression_example_en.mp3,impression_example_ko.mp3,초급,2
impressive,인상 깊은,,그 배우의 연기는 정말 인상 깊었다.,The actor's performance was truly impressive.,impressive.png,impressive_word_en.mp3,impressive_meaning_ko.mp3,impressive_example_en.mp3,impressive_example_ko.mp3,초급,2
improvement,개선,,매일 연습하니 실력에 큰 개선이 있었다.,"After practicing every day, there was great improvement in my skills.",improvement.png,improvement_word_en.mp3,improvement_meaning_ko.mp3,improvement_example_en.mp3,improvement_example_ko.mp3,초급,2
incredibly,엄청나게,,오늘 날씨가 엄청나게 덥다.,The weather is incredibly hot today.,incredibly.png,incredibly_word_en.mp3,incredibly_meaning_ko.mp3,incredibly_example_en.mp3,incredibly_example_ko.mp3,초급,2
indeed,정말,,그 소식은 정말 놀라웠다.,The news was indeed surprising.,indeed.png,indeed_word_en.mp3,indeed_meaning_ko.mp3,indeed_example_en.mp3,indeed_example_ko.mp3,초급,2
indicate,나타내다,,빨간 불은 멈춰야 한다는 것을 나타낸다.,A red light indicates that you must stop.,indicate.png,indicate_word_en.mp3,indicate_meaning_ko.mp3,indicate_example_en.mp3,indicate_example_ko.mp3,초급,2
indirect,간접적인,,그의 말은 간접적인 비판이었다.,His words were an indirect criticism.,indirect.png,indirect_word_en.mp3,indirect_meaning_ko.mp3,indirect_example_en.mp3,indirect_example_ko.mp3,초급,2
indoor,실내의,,비가 와서 우리는 실내의 수영장에 갔다.,"Because it rained, we went to an indoor swimming pool.",indoor.png,indoor_word_en.mp3,indoor_meaning_ko.mp3,indoor_example_en.mp3,indoor_example_ko.mp3,초급,2
indoors,실내에서,,비가 많이 와서 아이들은 실내에서 놀았다.,"Because it rained a lot, the children played indoors.",indoors.png,indoors_word_en.mp3,indoors_meaning_ko.mp3,indoors_example_en.mp3,indoors_example_ko.mp3,초급,2
influence,영향,,부모님의 말은 아이에게 큰 영향을 준다.,Parents' words have a big influence on a child.,influence.png,influence_word_en.mp3,influence_meaning_ko.mp3,influence_example_en.mp3,influence_example_ko.mp3,초급,2
ingredient,재료,,이 요리의 주재료는 감자입니다.,The main ingredient of this dish is potato.,ingredient.png,ingredient_word_en.mp3,ingredient_meaning_ko.mp3,ingredient_example_en.mp3,ingredient_example_ko.mp3,초급,2
injure,다치게 하다,,그 사고는 여러 사람을 다치게 했다.,The accident injured several people.,injure.png,injure_word_en.mp3,injure_meaning_ko.mp3,injure_example_en.mp3,injure_example_ko.mp3,위기탈출,3
injured,다친,,다친 선수는 병원으로 갔다.,The injured player went to the hospital.,injured.png,injured_word_en.mp3,injured_meaning_ko.mp3,injured_example_en.mp3,injured_example_ko.mp3,초급,2
innocent,결백한,,그 남자는 자신이 결백하다고 말했다.,The man said that he was innocent.,innocent.png,innocent_word_en.mp3,innocent_meaning_ko.mp3,innocent_example_en.mp3,innocent_example_ko.mp3,초급,2
intelligence,지능,,돌고래는 높은 지능을 가진 동물이다.,Dolphins are animals with high intelligence.,intelligence.png,intelligence_word_en.mp3,intelligence_meaning_ko.mp3,intelligence_example_en.mp3,intelligence_example_ko.mp3,초급,2
intend,의도하다,,나는 내일 일찍 출발하려고 의도했다.,I intended to leave early tomorrow.,intend.png,intend_word_en.mp3,intend_meaning_ko.mp3,intend_example_en.mp3,intend_example_ko.mp3,초급,2
intention,의도,,그에게는 나쁜 의도가 없었다.,He had no bad intention.,intention.png,intention_word_en.mp3,intention_meaning_ko.mp3,intention_example_en.mp3,intention_example_ko.mp3,초급,2
invest,투자하다,,그녀는 새 회사에 돈을 투자했다.,She invested money in a new company.,invest.png,invest_word_en.mp3,invest_meaning_ko.mp3,invest_example_en.mp3,invest_example_ko.mp3,비즈니스,3
investigate,조사하다,,경찰은 그 사건을 조사하고 있다.,The police are investigating the case.,investigate.png,investigate_word_en.mp3,investigate_meaning_ko.mp3,investigate_example_en.mp3,investigate_example_ko.mp3,초급,2
involved,관련된,,그는 이 프로젝트와 관련된 사람이다.,He is a person involved in this project.,involved.png,involved_word_en.mp3,involved_meaning_ko.mp3,involved_example_en.mp3,involved_example_ko.mp3,초급,2
iron,철,,이 문은 철로 만들어졌다.,This door is made of iron.,iron.png,iron_word_en.mp3,iron_meaning_ko.mp3,iron_example_en.mp3,iron_example_ko.mp3,초급,2
issue,문제,,환경 문제는 매우 중요하다.,Environmental issues are very important.,issue.png,issue_word_en.mp3,issue_meaning_ko.mp3,issue_example_en.mp3,issue_example_ko.mp3,초급,2
journal,학술지,,그 연구 결과는 유명한 학술지에 실렸다.,The research results were published in a famous journal.,journal.png,journal_word_en.mp3,journal_meaning_ko.mp3,journal_example_en.mp3,journal_example_ko.mp3,초급,2
judge,판사,,판사는 조용히 판결을 읽었다.,The judge quietly read the decision.,judge.png,judge_word_en.mp3,judge_meaning_ko.mp3,judge_example_en.mp3,judge_example_ko.mp3,초급,2
keen,열정적인,,그는 새로운 언어를 배우는 데 열정적이다.,He is keen on learning new languages.,keen.png,keen_word_en.mp3,keen_meaning_ko.mp3,keen_example_en.mp3,keen_example_ko.mp3,초급,2
keyboard,키보드,,나는 키보드로 이메일을 썼다.,I wrote an email with the keyboard.,keyboard.png,keyboard_word_en.mp3,keyboard_meaning_ko.mp3,keyboard_example_en.mp3,keyboard_example_ko.mp3,초급,2
kick,차다,,아이가 공을 세게 찼다.,The child kicked the ball hard.,kick.png,kick_word_en.mp3,kick_meaning_ko.mp3,kick_example_en.mp3,kick_example_ko.mp3,초급,2
killing,살인,,그 살인 사건은 도시를 놀라게 했다.,The killing shocked the city.,killing.png,killing_word_en.mp3,killing_meaning_ko.mp3,killing_example_en.mp3,killing_example_ko.mp3,초급,2
kiss,키스하다,,그녀는 아이의 이마에 키스했다.,She kissed the child's forehead.,kiss.png,kiss_word_en.mp3,kiss_meaning_ko.mp3,kiss_example_en.mp3,kiss_example_ko.mp3,초급,2
label,라벨,,병에 붙은 라벨을 읽어 보세요.,Please read the label on the bottle.,label.png,label_word_en.mp3,label_meaning_ko.mp3,label_example_en.mp3,label_example_ko.mp3,쇼핑,2
laboratory,실험실,,과학자들은 실험실에서 실험을 했다.,The scientists did an experiment in the laboratory.,laboratory.png,laboratory_word_en.mp3,laboratory_meaning_ko.mp3,laboratory_example_en.mp3,laboratory_example_ko.mp3,초급,2
lack,부족,,수면 부족은 건강에 나쁘다.,A lack of sleep is bad for your health.,lack.png,lack_word_en.mp3,lack_meaning_ko.mp3,lack_example_en.mp3,lack_example_ko.mp3,초급,2
latest,최신의,,나는 최신의 휴대전화를 샀다.,I bought the latest mobile phone.,latest.png,latest_word_en.mp3,latest_meaning_ko.mp3,latest_example_en.mp3,latest_example_ko.mp3,초급,2
lay,놓다,,그는 책을 책상 위에 놓았다.,He laid the book on the desk.,lay.png,lay_word_en.mp3,lay_meaning_ko.mp3,lay_example_en.mp3,lay_example_ko.mp3,초급,2
layer,층,,케이크에는 초콜릿 층이 있었다.,The cake had a layer of chocolate.,layer.png,layer_word_en.mp3,layer_meaning_ko.mp3,layer_example_en.mp3,layer_example_ko.mp3,초급,2
leading,주요한,,그 회사는 주요한 자동차 제조업체이다.,The company is a leading car manufacturer.,leading.png,leading_word_en.mp3,leading_meaning_ko.mp3,leading_example_en.mp3,leading_example_ko.mp3,초급,2
leaf,잎,,나무에서 노란 잎이 떨어졌다.,A yellow leaf fell from the tree.,leaf.png,leaf_word_en.mp3,leaf_meaning_ko.mp3,leaf_example_en.mp3,leaf_example_ko.mp3,초급,2
leather,가죽,,그는 가죽 가방을 들고 있었다.,He was carrying a leather bag.,leather.png,leather_word_en.mp3,leather_meaning_ko.mp3,leather_example_en.mp3,leather_example_ko.mp3,쇼핑,2
legal,법적인,,그 계약에는 법적인 문제가 없다.,There is no legal problem with the contract.,legal.png,legal_word_en.mp3,legal_meaning_ko.mp3,legal_example_en.mp3,legal_example_ko.mp3,초급,2
leisure,여가,,주말에는 여가를 즐기고 싶다.,I want to enjoy my leisure time on the weekend.,leisure.png,leisure_word_en.mp3,leisure_meaning_ko.mp3,leisure_example_en.mp3,leisure_example_ko.mp3,여행,2
length,길이,,이 다리의 길이는 100미터이다.,The length of this bridge is 100 meters.,length.png,length_word_en.mp3,length_meaning_ko.mp3,length_example_en.mp3,length_example_ko.mp3,초급,2
limit,한도,,하루에 쓸 수 있는 돈의 한도가 있다.,There is a limit to the money I can spend in a day.,limit.png,limit_word_en.mp3,limit_meaning_ko.mp3,limit_example_en.mp3,limit_example_ko.mp3,초급,2
lip,입술,,추운 날씨에 입술이 텄다.,My lip became chapped in the cold weather.,lip.png,lip_word_en.mp3,lip_meaning_ko.mp3,lip_example_en.mp3,lip_example_ko.mp3,초급,2
liquid,액체,,이 병에는 투명한 액체가 들어 있다.,This bottle contains a clear liquid.,liquid.png,liquid_word_en.mp3,liquid_meaning_ko.mp3,liquid_example_en.mp3,liquid_example_ko.mp3,초급,2
literature,문학,,그녀는 대학에서 한국 문학을 공부한다.,She studies Korean literature at university.,literature.png,literature_word_en.mp3,literature_meaning_ko.mp3,literature_example_en.mp3,literature_example_ko.mp3,초급,2
living,살아 있는,,살아 있는 생물은 물이 필요하다.,Living things need water.,living.png,living_word_en.mp3,living_meaning_ko.mp3,living_example_en.mp3,living_example_ko.mp3,초급,2
locate,찾다,,우리는 지도에서 호텔을 찾았다.,We located the hotel on the map.,locate.png,locate_word_en.mp3,locate_meaning_ko.mp3,locate_example_en.mp3,locate_example_ko.mp3,초급,2
located,위치한,,우리 학교는 시내에 위치해 있다.,Our school is located downtown.,located.png,located_word_en.mp3,located_meaning_ko.mp3,located_example_en.mp3,located_example_ko.mp3,초급,2
location,위치,,카페의 위치를 지도에서 확인했어요.,I checked the location of the cafe on the map.,location.png,location_word_en.mp3,location_meaning_ko.mp3,location_example_en.mp3,location_example_ko.mp3,초급,2
lonely,외로운,,친구들이 모두 떠나서 나는 외로운 기분이 들었어요.,I felt lonely because all my friends left.,lonely.png,lonely_word_en.mp3,lonely_meaning_ko.mp3,lonely_example_en.mp3,lonely_example_ko.mp3,초급,2
loss,상실,,그는 가족의 상실을 오래 슬퍼했어요.,He grieved the loss of his family for a long time.,loss.png,loss_word_en.mp3,loss_meaning_ko.mp3,loss_example_en.mp3,loss_example_ko.mp3,비즈니스,3
luxury,호화로움,,그 호텔은 호화로움으로 유명해요.,That hotel is famous for its luxury.,luxury.png,luxury_word_en.mp3,luxury_meaning_ko.mp3,luxury_example_en.mp3,luxury_example_ko.mp3,초급,2
mad,화난,,동생이 내 물건을 망가뜨려서 나는 화난 얼굴을 했어요.,I looked mad because my younger sibling broke my things.,mad.png,mad_word_en.mp3,mad_meaning_ko.mp3,mad_example_en.mp3,mad_example_ko.mp3,초급,2
magic,마법,,아이들은 마법 이야기를 아주 좋아해요.,Children really like stories about magic.,magic.png,magic_word_en.mp3,magic_meaning_ko.mp3,magic_example_en.mp3,magic_example_ko.mp3,초급,2
mainly,주로,,저는 아침에 주로 빵을 먹어요.,I mainly eat bread in the morning.,mainly.png,mainly_word_en.mp3,mainly_meaning_ko.mp3,mainly_example_en.mp3,mainly_example_ko.mp3,초급,2
mall,쇼핑센터,,주말에 가족과 쇼핑센터에 갔어요.,I went to the mall with my family on the weekend.,mall.png,mall_word_en.mp3,mall_meaning_ko.mp3,mall_example_en.mp3,mall_example_ko.mp3,쇼핑,2
management,관리,,이 건물은 안전 관리가 잘되고 있어요.,Safety management is well done in this building.,management.png,management_word_en.mp3,management_meaning_ko.mp3,management_example_en.mp3,management_example_ko.mp3,비즈니스,3
marketing,마케팅,,그 회사는 새로운 마케팅 방법을 사용했어요.,The company used a new marketing method.,marketing.png,marketing_word_en.mp3,marketing_meaning_ko.mp3,marketing_example_en.mp3,marketing_example_ko.mp3,비즈니스,3
marriage,결혼,,두 사람은 결혼 후에 작은 집에서 살기 시작했어요.,"After marriage, the two started living in a small house.",marriage.png,marriage_word_en.mp3,marriage_meaning_ko.mp3,marriage_example_en.mp3,marriage_example_ko.mp3,초급,2
meanwhile,한편,,"나는 숙제를 하고 있었고, 한편 동생은 TV를 보고 있었어요.","I was doing homework; meanwhile, my younger sibling was watching TV.",meanwhile.png,meanwhile_word_en.mp3,meanwhile_meaning_ko.mp3,meanwhile_example_en.mp3,meanwhile_example_ko.mp3,초급,2
measure,측정하다,,간호사가 내 체온을 측정했어요.,The nurse measured my temperature.,measure.png,measure_word_en.mp3,measure_meaning_ko.mp3,measure_example_en.mp3,measure_example_ko.mp3,초급,2
medium,중간의,,저는 중간의 크기 피자를 주문했어요.,I ordered a medium-sized pizza.,medium.png,medium_word_en.mp3,medium_meaning_ko.mp3,medium_example_en.mp3,medium_example_ko.mp3,초급,2
mental,정신적,,충분한 휴식은 정신적 건강에 좋아요.,Enough rest is good for mental health.,mental.png,mental_word_en.mp3,mental_meaning_ko.mp3,mental_example_en.mp3,mental_example_ko.mp3,초급,2
mess,엉망,,아이들이 놀고 난 뒤 방이 엉망이 되었어요.,"After the children played, the room became a mess.",mess.png,mess_word_en.mp3,mess_meaning_ko.mp3,mess_example_en.mp3,mess_example_ko.mp3,초급,2
mild,순한,,이 비누는 피부에 순한 제품이에요.,This soap is a mild product for the skin.,mild.png,mild_word_en.mp3,mild_meaning_ko.mp3,mild_example_en.mp3,mild_example_ko.mp3,초급,2
mix,섞다,,계란과 우유를 잘 섞어 주세요.,Please mix the eggs and milk well.,mix.png,mix_word_en.mp3,mix_meaning_ko.mp3,mix_example_en.mp3,mix_example_ko.mp3,초급,2
mixture,혼합물,,이 음료는 과일 주스와 탄산수의 혼합물이에요.,This drink is a mixture of fruit juice and sparkling water.,mixture.png,mixture_word_en.mp3,mixture_meaning_ko.mp3,mixture_example_en.mp3,mixture_example_ko.mp3,초급,2
mood,기분,,오늘은 날씨가 좋아서 기분이 좋아요.,I am in a good mood because the weather is nice today.,mood.png,mood_word_en.mp3,mood_meaning_ko.mp3,mood_example_en.mp3,mood_example_ko.mp3,초급,2
mud,진흙,,비가 온 뒤 길에 진흙이 많았어요.,There was a lot of mud on the road after it rained.,mud.png,mud_word_en.mp3,mud_meaning_ko.mp3,mud_example_en.mp3,mud_example_ko.mp3,초급,2
murder,살인,,경찰은 그 살인 사건을 조사하고 있어요.,The police are investigating the murder case.,murder.png,murder_word_en.mp3,murder_meaning_ko.mp3,murder_example_en.mp3,murder_example_ko.mp3,위기탈출,3
muscle,근육,,운동을 많이 해서 다리 근육이 아파요.,My leg muscles hurt because I exercised a lot.,muscle.png,muscle_word_en.mp3,muscle_meaning_ko.mp3,muscle_example_en.mp3,muscle_example_ko.mp3,초급,2
mystery,수수께끼,,그 오래된 집에는 아직 풀리지 않은 수수께끼가 있어요.,There is still an unsolved mystery in that old house.,mystery.png,mystery_word_en.mp3,mystery_meaning_ko.mp3,mystery_example_en.mp3,mystery_example_ko.mp3,초급,2
nail,손톱,,손톱이 길어서 잘랐어요.,"My nails were long, so I cut them.",nail.png,nail_word_en.mp3,nail_meaning_ko.mp3,nail_example_en.mp3,nail_example_ko.mp3,초급,2
narrative,이야기,,이 책의 이야기는 한 소녀의 여행으로 시작돼요.,The narrative of this book begins with a girl's journey.,narrative.png,narrative_word_en.mp3,narrative_meaning_ko.mp3,narrative_example_en.mp3,narrative_example_ko.mp3,초급,2
nation,국가,,한국은 오랜 역사를 가진 국가예요.,Korea is a nation with a long history.,nation.png,nation_word_en.mp3,nation_meaning_ko.mp3,nation_example_en.mp3,nation_example_ko.mp3,여행,2
native,원주민,,이 지역의 원주민들은 전통 문화를 지키고 있어요.,The natives of this area are preserving their traditional culture.,native.png,native_word_en.mp3,native_meaning_ko.mp3,native_example_en.mp3,native_example_ko.mp3,여행,2
naturally,자연스럽게,,그는 처음 만난 사람들과도 자연스럽게 이야기해요.,He talks naturally even with people he meets for the first time.,naturally.png,naturally_word_en.mp3,naturally_meaning_ko.mp3,naturally_example_en.mp3,naturally_example_ko.mp3,초급,2
necessarily,반드시,,비싼 물건이 반드시 좋은 것은 아니에요.,Expensive things are not necessarily good.,necessarily.png,necessarily_word_en.mp3,necessarily_meaning_ko.mp3,necessarily_example_en.mp3,necessarily_example_ko.mp3,초급,2
needle,바늘,,할머니는 바늘로 단추를 달았어요.,Grandmother sewed on a button with a needle.,needle.png,needle_word_en.mp3,needle_meaning_ko.mp3,needle_example_en.mp3,needle_example_ko.mp3,초급,2
neighbourhood,동네,,우리 동네에는 작은 공원이 있어요.,There is a small park in our neighbourhood.,neighbourhood.png,neighbourhood_word_en.mp3,neighbourhood_meaning_ko.mp3,neighbourhood_example_en.mp3,neighbourhood_example_ko.mp3,초급,2
net,그물,,어부가 그물로 물고기를 잡았어요.,The fisherman caught fish with a net.,net.png,net_word_en.mp3,net_meaning_ko.mp3,net_example_en.mp3,net_example_ko.mp3,초급,2
nor,또한 아니다,,그는 의사도 아니고 간호사도 아니에요.,He is neither a doctor nor a nurse.,,nor_word_en.mp3,nor_meaning_ko.mp3,nor_example_en.mp3,nor_example_ko.mp3,초급,2
northern,북쪽의,,북쪽의 산에는 눈이 많이 쌓였어요.,A lot of snow piled up on the northern mountain.,northern.png,northern_word_en.mp3,northern_meaning_ko.mp3,northern_example_en.mp3,northern_example_ko.mp3,초급,2
nuclear,원자력의,,원자력의 안전 문제는 매우 중요해요.,The safety issue of nuclear power is very important.,nuclear.png,nuclear_word_en.mp3,nuclear_meaning_ko.mp3,nuclear_example_en.mp3,nuclear_example_ko.mp3,초급,2
obvious,분명한,,그의 실수는 모두에게 분명한 일이었어요.,His mistake was obvious to everyone.,obvious.png,obvious_word_en.mp3,obvious_meaning_ko.mp3,obvious_example_en.mp3,obvious_example_ko.mp3,초급,2
obviously,당연히,,길이 미끄러우니 당연히 조심해야 해요.,"The road is slippery, so obviously you should be careful.",obviously.png,obviously_word_en.mp3,obviously_meaning_ko.mp3,obviously_example_en.mp3,obviously_example_ko.mp3,초급,2
occasion,때,,특별한 때에는 가족이 함께 저녁을 먹어요.,"On special occasions, the family eats dinner together.",occasion.png,occasion_word_en.mp3,occasion_meaning_ko.mp3,occasion_example_en.mp3,occasion_example_ko.mp3,초급,2
occur,발생하다,,어젯밤 이 거리에서 사고가 발생했어요.,An accident occurred on this street last night.,occur.png,occur_word_en.mp3,occur_meaning_ko.mp3,occur_example_en.mp3,occur_example_ko.mp3,초급,2
odd,이상한,,그는 오늘 이상한 모자를 쓰고 왔어요.,He came wearing an odd hat today.,odd.png,odd_word_en.mp3,odd_meaning_ko.mp3,odd_example_en.mp3,odd_example_ko.mp3,초급,2
official,공식의,,학교는 내일 공식의 일정을 발표할 거예요.,The school will announce the official schedule tomorrow.,official.png,official_word_en.mp3,official_meaning_ko.mp3,official_example_en.mp3,official_example_ko.mp3,초급,2
old-fashioned,구식인,,그 가게는 구식인 라디오를 팔아요.,That store sells old-fashioned radios.,old-fashioned.png,old-fashioned_word_en.mp3,old-fashioned_meaning_ko.mp3,old-fashioned_example_en.mp3,old-fashioned_example_ko.mp3,초급,2
operation,수술,,그는 내일 무릎 수술을 받아요.,He will have knee surgery tomorrow.,operation.png,operation_word_en.mp3,operation_meaning_ko.mp3,operation_example_en.mp3,operation_example_ko.mp3,비즈니스,3
organized,체계적인,,그녀는 체계적인 계획으로 일을 빨리 끝냈어요.,She finished the work quickly with an organized plan.,organized.png,organized_word_en.mp3,organized_meaning_ko.mp3,organized_example_en.mp3,organized_example_ko.mp3,초급,2
organizer,주최자,,행사의 주최자가 참가자들을 환영했어요.,The organizer of the event welcomed the participants.,organizer.png,organizer_word_en.mp3,organizer_meaning_ko.mp3,organizer_example_en.mp3,organizer_example_ko.mp3,초급,2
originally,원래,,이 건물은 원래 도서관이었어요.,This building was originally a library.,originally.png,originally_word_en.mp3,originally_meaning_ko.mp3,originally_example_en.mp3,originally_example_ko.mp3,초급,2
ought,해야 하다,,우리는 약속 시간을 지켜야 해요.,We ought to keep the appointment time.,ought.png,ought_word_en.mp3,ought_meaning_ko.mp3,ought_example_en.mp3,ought_example_ko.mp3,초급,2
ours,우리의 것,,저 파란 차는 우리의 것이에요.,That blue car is ours.,,ours_word_en.mp3,ours_meaning_ko.mp3,ours_example_en.mp3,ours_example_ko.mp3,초급,2
outdoor,야외의,,우리는 야외의 공연을 보러 갔어요.,We went to see an outdoor performance.,outdoor.png,outdoor_word_en.mp3,outdoor_meaning_ko.mp3,outdoor_example_en.mp3,outdoor_example_ko.mp3,초급,2
outdoors,야외에,,아이들은 날씨가 좋아서 야외에 있었어요.,The children were outdoors because the weather was nice.,outdoors.png,outdoors_word_en.mp3,outdoors_meaning_ko.mp3,outdoors_example_en.mp3,outdoors_example_ko.mp3,초급,2
package,소포,,문 앞에 작은 소포가 도착했어요.,A small package arrived at the door.,package.png,package_word_en.mp3,package_meaning_ko.mp3,package_example_en.mp3,package_example_ko.mp3,여행,2
painful,고통스러운,,넘어져서 걷는 것이 고통스러웠어요.,Walking was painful because I fell down.,painful.png,painful_word_en.mp3,painful_meaning_ko.mp3,painful_example_en.mp3,painful_example_ko.mp3,위기탈출,3
pale,창백한,,그는 아파서 얼굴이 창백했어요.,His face was pale because he was sick.,pale.png,pale_word_en.mp3,pale_meaning_ko.mp3,pale_example_en.mp3,pale_example_ko.mp3,초급,2
pan,프라이팬,,프라이팬에 계란을 구웠어요.,I fried an egg in the pan.,pan.png,pan_word_en.mp3,pan_meaning_ko.mp3,pan_example_en.mp3,pan_example_ko.mp3,초급,2
participate,참여하다,,많은 학생들이 학교 축제에 참여했어요.,Many students participated in the school festival.,participate.png,participate_word_en.mp3,participate_meaning_ko.mp3,participate_example_en.mp3,participate_example_ko.mp3,초급,2
particularly,특히,,저는 과일 중에서 딸기를 특히 좋아해요.,I particularly like strawberries among fruits.,particularly.png,particularly_word_en.mp3,particularly_meaning_ko.mp3,particularly_example_en.mp3,particularly_example_ko.mp3,초급,2
passion,열정,,그는 음악에 대한 열정이 커요.,He has great passion for music.,passion.png,passion_word_en.mp3,passion_meaning_ko.mp3,passion_example_en.mp3,passion_example_ko.mp3,초급,2
path,길,,우리는 숲속의 좁은 길을 걸었어요.,We walked along a narrow path in the forest.,path.png,path_word_en.mp3,path_meaning_ko.mp3,path_example_en.mp3,path_example_ko.mp3,초급,2
payment,결제,,온라인으로 결제를 완료했어요.,I completed the payment online.,payment.png,payment_word_en.mp3,payment_meaning_ko.mp3,payment_example_en.mp3,payment_example_ko.mp3,비즈니스,3
peaceful,평화로운,,그 마을은 조용하고 평화로운 곳이에요.,That village is a quiet and peaceful place.,peaceful.png,peaceful_word_en.mp3,peaceful_meaning_ko.mp3,peaceful_example_en.mp3,peaceful_example_ko.mp3,초급,2
percentage,백분율,,시험에서 맞힌 문제의 백분율을 계산했어요.,I calculated the percentage of questions I got right on the test.,percentage.png,percentage_word_en.mp3,percentage_meaning_ko.mp3,percentage_example_en.mp3,percentage_example_ko.mp3,비즈니스,3
perfectly,완벽하게,,그녀는 노래를 완벽하게 불렀어요.,She sang the song perfectly.,perfectly.png,perfectly_word_en.mp3,perfectly_meaning_ko.mp3,perfectly_example_en.mp3,perfectly_example_ko.mp3,초급,2
performance,공연,,우리는 주말에 멋진 공연을 봤어요.,We watched a wonderful performance on the weekend.,performance.png,performance_word_en.mp3,performance_meaning_ko.mp3,performance_example_en.mp3,performance_example_ko.mp3,비즈니스,3
personally,개인적으로,,저는 개인적으로 이 영화가 더 좋아요.,"Personally, I like this movie better.",personally.png,personally_word_en.mp3,personally_meaning_ko.mp3,personally_example_en.mp3,personally_example_ko.mp3,초급,2
persuade,설득하다,,나는 친구를 설득해서 함께 여행을 갔어요.,"I persuaded my friend, and we went on a trip together.",persuade.png,persuade_word_en.mp3,persuade_meaning_ko.mp3,persuade_example_en.mp3,persuade_example_ko.mp3,초급,2
photographer,사진작가,,그 사진작가는 결혼식 사진을 찍었어요.,The photographer took wedding photos.,photographer.png,photographer_word_en.mp3,photographer_meaning_ko.mp3,photographer_example_en.mp3,photographer_example_ko.mp3,초급,2
photography,사진술,,민수는 사진술을 배우기 시작했어요.,Minsu started learning photography.,photography.png,photography_word_en.mp3,photography_meaning_ko.mp3,photography_example_en.mp3,photography_example_ko.mp3,초급,2
pin,핀,,그녀는 핀으로 종이를 벽에 고정했어요.,She fixed the paper to the wall with a pin.,pin.png,pin_word_en.mp3,pin_meaning_ko.mp3,pin_example_en.mp3,pin_example_ko.mp3,초급,2
pipe,파이프,,물이 파이프를 통해 흘러요.,Water flows through the pipe.,pipe.png,pipe_word_en.mp3,pipe_meaning_ko.mp3,pipe_example_en.mp3,pipe_example_ko.mp3,초급,2
planning,계획,,여행 계획은 아주 중요해요.,Travel planning is very important.,planning.png,planning_word_en.mp3,planning_meaning_ko.mp3,planning_example_en.mp3,planning_example_ko.mp3,비즈니스,3
pleasant,즐거운,,오늘은 날씨가 좋아서 즐거운 산책을 했어요.,"The weather was nice today, so I had a pleasant walk.",pleasant.png,pleasant_word_en.mp3,pleasant_meaning_ko.mp3,pleasant_example_en.mp3,pleasant_example_ko.mp3,초급,2
pleasure,즐거움,,음악을 듣는 것은 저에게 큰 즐거움이에요.,Listening to music is a great pleasure for me.,pleasure.png,pleasure_word_en.mp3,pleasure_meaning_ko.mp3,pleasure_example_en.mp3,pleasure_example_ko.mp3,초급,2
plenty,충분한 양,,파티에는 모두가 먹을 충분한 양의 음식이 있었어요.,There was plenty of food for everyone at the party.,plenty.png,plenty_word_en.mp3,plenty_meaning_ko.mp3,plenty_example_en.mp3,plenty_example_ko.mp3,초급,2
plot,줄거리,,이 소설의 줄거리는 매우 흥미로워요.,The plot of this novel is very interesting.,plot.png,plot_word_en.mp3,plot_meaning_ko.mp3,plot_example_en.mp3,plot_example_ko.mp3,초급,2
plus,더하기,,삼 더하기 이는 오예요.,Three plus two is five.,plus.png,plus_word_en.mp3,plus_meaning_ko.mp3,plus_example_en.mp3,plus_example_ko.mp3,초급,2
poem,시,,그는 사랑에 대한 시를 썼어요.,He wrote a poem about love.,poem.png,poem_word_en.mp3,poem_meaning_ko.mp3,poem_example_en.mp3,poem_example_ko.mp3,초급,2
poet,시인,,그 시인은 자연에 대해 많이 썼어요.,The poet wrote a lot about nature.,poet.png,poet_word_en.mp3,poet_meaning_ko.mp3,poet_example_en.mp3,poet_example_ko.mp3,초급,2
poetry,시,,저는 조용한 밤에 시를 읽는 것을 좋아해요.,I like reading poetry on quiet nights.,poetry.png,poetry_word_en.mp3,poetry_meaning_ko.mp3,poetry_example_en.mp3,poetry_example_ko.mp3,초급,2
poison,독,,그 병에는 위험한 독이 들어 있었어요.,There was dangerous poison in the bottle.,poison.png,poison_word_en.mp3,poison_meaning_ko.mp3,poison_example_en.mp3,poison_example_ko.mp3,위기탈출,3
poisonous,독이 있는,,이 버섯은 독이 있는 버섯이에요.,This mushroom is poisonous.,poisonous.png,poisonous_word_en.mp3,poisonous_meaning_ko.mp3,poisonous_example_en.mp3,poisonous_example_ko.mp3,초급,2
policy,정책,,정부는 새로운 교육 정책을 발표했어요.,The government announced a new education policy.,policy.png,policy_word_en.mp3,policy_meaning_ko.mp3,policy_example_en.mp3,policy_example_ko.mp3,초급,2
political,정치적인,,그는 정치적인 문제에 관심이 많아요.,He is very interested in political issues.,political.png,political_word_en.mp3,political_meaning_ko.mp3,political_example_en.mp3,political_example_ko.mp3,초급,2
politician,정치인,,그 정치인은 시민들과 자주 만나요.,The politician often meets with citizens.,politician.png,politician_word_en.mp3,politician_meaning_ko.mp3,politician_example_en.mp3,politician_example_ko.mp3,초급,2
politics,정치,,아버지는 뉴스에서 정치를 자주 보세요.,My father often watches politics on the news.,politics.png,politics_word_en.mp3,politics_meaning_ko.mp3,politics_example_en.mp3,politics_example_ko.mp3,초급,2
port,항구,,큰 배가 항구에 도착했어요.,A large ship arrived at the port.,port.png,port_word_en.mp3,port_meaning_ko.mp3,port_example_en.mp3,port_example_ko.mp3,여행,2
portrait,초상화,,화가는 할머니의 초상화를 그렸어요.,The painter drew a portrait of my grandmother.,portrait.png,portrait_word_en.mp3,portrait_meaning_ko.mp3,portrait_example_en.mp3,portrait_example_ko.mp3,초급,2
possibly,아마도,,아마도 내일 비가 올 거예요.,"Possibly, it will rain tomorrow.",possibly.png,possibly_word_en.mp3,possibly_meaning_ko.mp3,possibly_example_en.mp3,possibly_example_ko.mp3,초급,2
pot,냄비,,엄마는 큰 냄비에 국을 끓였어요.,My mother cooked soup in a large pot.,pot.png,pot_word_en.mp3,pot_meaning_ko.mp3,pot_example_en.mp3,pot_example_ko.mp3,초급,2
pour,따르다,,컵에 물을 천천히 따르세요.,Please pour water slowly into the cup.,pour.png,pour_word_en.mp3,pour_meaning_ko.mp3,pour_example_en.mp3,pour_example_ko.mp3,초급,2
poverty,빈곤,,그 단체는 빈곤 문제를 해결하려고 노력해요.,The organization tries to solve the problem of poverty.,poverty.png,poverty_word_en.mp3,poverty_meaning_ko.mp3,poverty_example_en.mp3,poverty_example_ko.mp3,초급,2
powder,가루,,빵을 만들 때 밀가루 가루를 사용해요.,We use flour powder when making bread.,powder.png,powder_word_en.mp3,powder_meaning_ko.mp3,powder_example_en.mp3,powder_example_ko.mp3,초급,2
powerful,강력한,,그 회사는 강력한 컴퓨터를 만들었어요.,The company made a powerful computer.,powerful.png,powerful_word_en.mp3,powerful_meaning_ko.mp3,powerful_example_en.mp3,powerful_example_ko.mp3,초급,2
practical,실용적인,,이 가방은 가볍고 실용적인 디자인이에요.,This bag has a light and practical design.,practical.png,practical_word_en.mp3,practical_meaning_ko.mp3,practical_example_en.mp3,practical_example_ko.mp3,초급,2
pray,기도하다,,그들은 매일 아침 기도해요.,They pray every morning.,pray.png,pray_word_en.mp3,pray_meaning_ko.mp3,pray_example_en.mp3,pray_example_ko.mp3,초급,2
prayer,기도,,그녀는 조용히 기도를 했어요.,She said a prayer quietly.,prayer.png,prayer_word_en.mp3,prayer_meaning_ko.mp3,prayer_example_en.mp3,prayer_example_ko.mp3,초급,2
prediction,예측,,그의 날씨 예측은 맞았어요.,His weather prediction was correct.,prediction.png,prediction_word_en.mp3,prediction_meaning_ko.mp3,prediction_example_en.mp3,prediction_example_ko.mp3,초급,2
prepared,준비된,,우리는 회의를 위해 준비된 자료를 가져왔어요.,We brought prepared materials for the meeting.,prepared.png,prepared_word_en.mp3,prepared_meaning_ko.mp3,prepared_example_en.mp3,prepared_example_ko.mp3,초급,2
presentation,발표,,지수는 수업에서 발표를 잘했어요.,Jisu did a good presentation in class.,presentation.png,presentation_word_en.mp3,presentation_meaning_ko.mp3,presentation_example_en.mp3,presentation_example_ko.mp3,비즈니스,3
press,누르다,,문을 열려면 이 버튼을 누르세요.,Press this button to open the door.,press.png,press_word_en.mp3,press_meaning_ko.mp3,press_example_en.mp3,press_example_ko.mp3,초급,2
pressure,압력,,타이어의 압력을 확인해야 해요.,You need to check the pressure of the tire.,pressure.png,pressure_word_en.mp3,pressure_meaning_ko.mp3,pressure_example_en.mp3,pressure_example_ko.mp3,초급,2
pretend,척하다,,아이는 아픈 척했어요.,The child pretended to be sick.,pretend.png,pretend_word_en.mp3,pretend_meaning_ko.mp3,pretend_example_en.mp3,pretend_example_ko.mp3,초급,2
previous,이전의,,이전의 수업 내용을 다시 복습했어요.,We reviewed the content of the previous lesson.,previous.png,previous_word_en.mp3,previous_meaning_ko.mp3,previous_example_en.mp3,previous_example_ko.mp3,초급,2
previously,전에,,저는 전에 이 식당에 와 본 적이 있어요.,I have been to this restaurant previously.,previously.png,previously_word_en.mp3,previously_meaning_ko.mp3,previously_example_en.mp3,previously_example_ko.mp3,초급,2
priest,신부,,신부는 성당에서 미사를 드렸어요.,The priest held Mass at the church.,priest.png,priest_word_en.mp3,priest_meaning_ko.mp3,priest_example_en.mp3,priest_example_ko.mp3,초급,2
primary,주된,,우리의 주된 목표는 안전이에요.,Our primary goal is safety.,primary.png,primary_word_en.mp3,primary_meaning_ko.mp3,primary_example_en.mp3,primary_example_ko.mp3,초급,2
prince,왕자,,왕자는 성에서 살았어요.,The prince lived in a castle.,prince.png,prince_word_en.mp3,prince_meaning_ko.mp3,prince_example_en.mp3,prince_example_ko.mp3,초급,2
princess,공주,,공주는 아름다운 드레스를 입었어요.,The princess wore a beautiful dress.,princess.png,princess_word_en.mp3,princess_meaning_ko.mp3,princess_example_en.mp3,princess_example_ko.mp3,초급,2
printing,인쇄,,이 책의 인쇄가 오늘 끝났어요.,The printing of this book finished today.,printing.png,printing_word_en.mp3,printing_meaning_ko.mp3,printing_example_en.mp3,printing_example_ko.mp3,초급,2
prisoner,죄수,,죄수는 감옥에서 편지를 썼어요.,The prisoner wrote a letter in prison.,prisoner.png,prisoner_word_en.mp3,prisoner_meaning_ko.mp3,prisoner_example_en.mp3,prisoner_example_ko.mp3,위기탈출,3
private,사적인,,이것은 제 사적인 이야기예요.,This is my private story.,private.png,private_word_en.mp3,private_meaning_ko.mp3,private_example_en.mp3,private_example_ko.mp3,초급,2
producer,제작자,,그 제작자는 새 영화를 만들고 있어요.,The producer is making a new movie.,producer.png,producer_word_en.mp3,producer_meaning_ko.mp3,producer_example_en.mp3,producer_example_ko.mp3,비즈니스,3
production,생산,,공장의 자동차 생산이 늘었어요.,Car production at the factory increased.,production.png,production_word_en.mp3,production_meaning_ko.mp3,production_example_en.mp3,production_example_ko.mp3,비즈니스,3
profession,직업,,의사는 사람들을 돕는 중요한 직업이에요.,A doctor is an important profession that helps people.,profession.png,profession_word_en.mp3,profession_meaning_ko.mp3,profession_example_en.mp3,profession_example_ko.mp3,비즈니스,3
profit,이익,,그 가게는 올해 많은 이익을 냈어요.,The store made a large profit this year.,profit.png,profit_word_en.mp3,profit_meaning_ko.mp3,profit_example_en.mp3,profit_example_ko.mp3,비즈니스,3
promote,홍보하다,,회사는 새 제품을 홍보하고 있어요.,The company is promoting a new product.,promote.png,promote_word_en.mp3,promote_meaning_ko.mp3,promote_example_en.mp3,promote_example_ko.mp3,비즈니스,3
proper,적절한,,문제를 해결하려면 적절한 방법이 필요해요.,You need a proper method to solve the problem.,proper.png,proper_word_en.mp3,proper_meaning_ko.mp3,proper_example_en.mp3,proper_example_ko.mp3,초급,2
properly,제대로,,컴퓨터가 제대로 작동하지 않아요.,The computer is not working properly.,properly.png,properly_word_en.mp3,properly_meaning_ko.mp3,properly_example_en.mp3,properly_example_ko.mp3,초급,2
property,재산,,그는 자신의 재산을 가족에게 남겼어요.,He left his property to his family.,property.png,property_word_en.mp3,property_meaning_ko.mp3,property_example_en.mp3,property_example_ko.mp3,초급,2
protest,항의,,학생들은 학교의 결정에 항의를 했어요.,The students made a protest against the school's decision.,protest.png,protest_word_en.mp3,protest_meaning_ko.mp3,protest_example_en.mp3,protest_example_ko.mp3,초급,2
proud,자랑스러운,,나는 열심히 공부한 내 동생이 자랑스럽다.,I am proud of my younger sibling for studying hard.,proud.png,proud_word_en.mp3,proud_meaning_ko.mp3,proud_example_en.mp3,proud_example_ko.mp3,초급,2
prove,입증하다,,그는 사진으로 자신의 말을 입증했다.,He proved his words with a photo.,prove.png,prove_word_en.mp3,prove_meaning_ko.mp3,prove_example_en.mp3,prove_example_ko.mp3,초급,2
punish,벌주다,,선생님은 규칙을 어긴 학생을 벌주었다.,The teacher punished the student who broke the rule.,punish.png,punish_word_en.mp3,punish_meaning_ko.mp3,punish_example_en.mp3,punish_example_ko.mp3,위기탈출,3
punishment,처벌,,그는 거짓말을 해서 처벌을 받았다.,He received punishment for lying.,punishment.png,punishment_word_en.mp3,punishment_meaning_ko.mp3,punishment_example_en.mp3,punishment_example_ko.mp3,위기탈출,3
qualification,자격,,이 일을 하려면 특별한 자격이 필요하다.,You need a special qualification to do this job.,qualification.png,qualification_word_en.mp3,qualification_meaning_ko.mp3,qualification_example_en.mp3,qualification_example_ko.mp3,초급,2
qualified,자격이 있는,,그녀는 이 직업에 지원할 자격이 있다.,She is qualified to apply for this job.,qualified.png,qualified_word_en.mp3,qualified_meaning_ko.mp3,qualified_example_en.mp3,qualified_example_ko.mp3,초급,2
qualify,자격을 얻다,,그는 시험에 합격해서 교사가 될 자격을 얻었다.,He passed the exam and qualified to become a teacher.,qualify.png,qualify_word_en.mp3,qualify_meaning_ko.mp3,qualify_example_en.mp3,qualify_example_ko.mp3,초급,2
queue,줄,,사람들이 버스를 기다리며 긴 줄을 섰다.,People stood in a long queue waiting for the bus.,queue.png,queue_word_en.mp3,queue_meaning_ko.mp3,queue_example_en.mp3,queue_example_ko.mp3,쇼핑,2
quit,그만두다,,민수는 건강 때문에 담배를 그만두었다.,Minsu quit smoking because of his health.,quit.png,quit_word_en.mp3,quit_meaning_ko.mp3,quit_example_en.mp3,quit_example_ko.mp3,초급,2
quotation,인용구,,책의 첫 페이지에 유명한 인용구가 있었다.,There was a famous quotation on the first page of the book.,quotation.png,quotation_word_en.mp3,quotation_meaning_ko.mp3,quotation_example_en.mp3,quotation_example_ko.mp3,초급,2
quote,인용하다,,그는 연설에서 유명한 시를 인용했다.,He quoted a famous poem in his speech.,quote.png,quote_word_en.mp3,quote_meaning_ko.mp3,quote_example_en.mp3,quote_example_ko.mp3,초급,2
racing,경주,,나는 자동차 경주를 보는 것을 좋아한다.,I like watching car racing.,racing.png,racing_word_en.mp3,racing_meaning_ko.mp3,racing_example_en.mp3,racing_example_ko.mp3,초급,2
range,범위,,이 가게는 다양한 가격 범위의 신발을 판다.,This store sells shoes in a wide price range.,range.png,range_word_en.mp3,range_meaning_ko.mp3,range_example_en.mp3,range_example_ko.mp3,초급,2
rare,드문,,이 꽃은 우리나라에서 매우 드문 꽃이다.,This flower is very rare in our country.,rare.png,rare_word_en.mp3,rare_meaning_ko.mp3,rare_example_en.mp3,rare_example_ko.mp3,초급,2
rarely,좀처럼 않다,,그는 바빠서 좀처럼 영화를 보지 않는다.,"He is busy, so he rarely watches movies.",rarely.png,rarely_word_en.mp3,rarely_meaning_ko.mp3,rarely_example_en.mp3,rarely_example_ko.mp3,초급,2
reaction,반응,,사람들의 반응은 생각보다 좋았다.,People's reaction was better than expected.,reaction.png,reaction_word_en.mp3,reaction_meaning_ko.mp3,reaction_example_en.mp3,reaction_example_ko.mp3,초급,2
reality,현실,,꿈과 현실은 다를 때가 많다.,Dreams and reality are often different.,reality.png,reality_word_en.mp3,reality_meaning_ko.mp3,reality_example_en.mp3,reality_example_ko.mp3,초급,2
receipt,영수증,,계산한 후에 영수증을 받았다.,I received a receipt after paying.,receipt.png,receipt_word_en.mp3,receipt_meaning_ko.mp3,receipt_example_en.mp3,receipt_example_ko.mp3,쇼핑,2
recommendation,추천,,친구의 추천으로 이 식당에 왔다.,I came to this restaurant because of a friend's recommendation.,recommendation.png,recommendation_word_en.mp3,recommendation_meaning_ko.mp3,recommendation_example_en.mp3,recommendation_example_ko.mp3,초급,2
reference,참고,,보고서를 쓸 때 이 책을 참고로 사용했다.,I used this book as a reference when writing the report.,reference.png,reference_word_en.mp3,reference_meaning_ko.mp3,reference_example_en.mp3,reference_example_ko.mp3,초급,2
reflect,반영하다,,이 영화는 현대 사회의 문제를 잘 반영한다.,This movie reflects the problems of modern society well.,reflect.png,reflect_word_en.mp3,reflect_meaning_ko.mp3,reflect_example_en.mp3,reflect_example_ko.mp3,초급,2
regularly,정기적으로,,나는 건강을 위해 정기적으로 운동한다.,I exercise regularly for my health.,regularly.png,regularly_word_en.mp3,regularly_meaning_ko.mp3,regularly_example_en.mp3,regularly_example_ko.mp3,초급,2
reject,거절하다,,그 회사는 그의 제안을 거절했다.,The company rejected his proposal.,reject.png,reject_word_en.mp3,reject_meaning_ko.mp3,reject_example_en.mp3,reject_example_ko.mp3,초급,2
relate,관련되다,,이 문제는 환경과 깊이 관련된다.,This problem is deeply related to the environment.,relate.png,relate_word_en.mp3,relate_meaning_ko.mp3,relate_example_en.mp3,relate_example_ko.mp3,초급,2
related,관련된,,경찰은 사건과 관련된 사람들을 조사했다.,The police investigated people related to the case.,related.png,related_word_en.mp3,related_meaning_ko.mp3,related_example_en.mp3,related_example_ko.mp3,초급,2
relation,관계,,두 나라의 관계가 점점 좋아지고 있다.,The relation between the two countries is getting better.,relation.png,relation_word_en.mp3,relation_meaning_ko.mp3,relation_example_en.mp3,relation_example_ko.mp3,초급,2
relative,친척,,명절에는 많은 친척들이 우리 집에 온다.,Many relatives come to our house during the holiday.,relative.png,relative_word_en.mp3,relative_meaning_ko.mp3,relative_example_en.mp3,relative_example_ko.mp3,초급,2
relaxed,느긋한,,그는 항상 느긋한 태도로 말한다.,He always speaks in a relaxed manner.,relaxed.png,relaxed_word_en.mp3,relaxed_meaning_ko.mp3,relaxed_example_en.mp3,relaxed_example_ko.mp3,초급,2
relaxing,편안한,,조용한 음악은 마음을 편안하게 해 준다.,Quiet music makes the mind feel relaxing.,relaxing.png,relaxing_word_en.mp3,relaxing_meaning_ko.mp3,relaxing_example_en.mp3,relaxing_example_ko.mp3,초급,2
release,석방하다,,경찰은 증거가 없어서 그 사람을 석방했다.,The police released the person because there was no evidence.,release.png,release_word_en.mp3,release_meaning_ko.mp3,release_example_en.mp3,release_example_ko.mp3,초급,2
reliable,믿을 만한,,지수는 항상 약속을 지키는 믿을 만한 친구다.,Jisu is a reliable friend who always keeps promises.,reliable.png,reliable_word_en.mp3,reliable_meaning_ko.mp3,reliable_example_en.mp3,reliable_example_ko.mp3,초급,2
religion,종교,,세계에는 다양한 종교가 있다.,There are many different religions in the world.,religion.png,religion_word_en.mp3,religion_meaning_ko.mp3,religion_example_en.mp3,religion_example_ko.mp3,초급,2
religious,종교적인,,그들은 종교적인 이유로 그 음식을 먹지 않는다.,They do not eat that food for religious reasons.,religious.png,religious_word_en.mp3,religious_meaning_ko.mp3,religious_example_en.mp3,religious_example_ko.mp3,초급,2
remain,남아있다,,수업이 끝난 후에도 몇 명의 학생이 교실에 남아 있었다.,A few students remained in the classroom even after class ended.,remain.png,remain_word_en.mp3,remain_meaning_ko.mp3,remain_example_en.mp3,remain_example_ko.mp3,초급,2
remind,상기시키다,,이 사진은 나에게 어린 시절을 상기시킨다.,This photo reminds me of my childhood.,remind.png,remind_word_en.mp3,remind_meaning_ko.mp3,remind_example_en.mp3,remind_example_ko.mp3,초급,2
remote,먼,,그 마을은 도시에서 아주 먼 곳에 있다.,That village is in a very remote place far from the city.,remote.png,remote_word_en.mp3,remote_meaning_ko.mp3,remote_example_en.mp3,remote_example_ko.mp3,초급,2
rent,빌리다,,우리는 여행 중에 차를 빌렸다.,We rented a car during the trip.,rent.png,rent_word_en.mp3,rent_meaning_ko.mp3,rent_example_en.mp3,rent_example_ko.mp3,초급,2
repeated,반복되는,,반복되는 실수 때문에 일이 늦어졌다.,The work was delayed because of repeated mistakes.,repeated.png,repeated_word_en.mp3,repeated_meaning_ko.mp3,repeated_example_en.mp3,repeated_example_ko.mp3,초급,2
represent,나타내다,,이 그림은 평화를 나타낸다.,This picture represents peace.,represent.png,represent_word_en.mp3,represent_meaning_ko.mp3,represent_example_en.mp3,represent_example_ko.mp3,비즈니스,3
require,필요로 하다,,이 일은 많은 시간과 노력을 필요로 한다.,This work requires a lot of time and effort.,require.png,require_word_en.mp3,require_meaning_ko.mp3,require_example_en.mp3,require_example_ko.mp3,초급,2
reservation,예약,,호텔 예약을 미리 해야 한다.,You should make a hotel reservation in advance.,reservation.png,reservation_word_en.mp3,reservation_meaning_ko.mp3,reservation_example_en.mp3,reservation_example_ko.mp3,여행,2
resource,자원,,물은 가장 중요한 자원 중 하나이다.,Water is one of the most important resources.,resource.png,resource_word_en.mp3,resource_meaning_ko.mp3,resource_example_en.mp3,resource_example_ko.mp3,비즈니스,3
respect,존경,,우리는 부모님께 존경을 표현해야 한다.,We should show respect to our parents.,respect.png,respect_word_en.mp3,respect_meaning_ko.mp3,respect_example_en.mp3,respect_example_ko.mp3,초급,2
responsibility,책임,,학생은 자신의 공부에 책임이 있다.,Students have responsibility for their own studies.,responsibility.png,responsibility_word_en.mp3,responsibility_meaning_ko.mp3,responsibility_example_en.mp3,responsibility_example_ko.mp3,초급,2
responsible,책임이 있는,,그는 이 프로젝트를 맡을 책임이 있는 사람이다.,He is the person responsible for this project.,responsible.png,responsible_word_en.mp3,responsible_meaning_ko.mp3,responsible_example_en.mp3,responsible_example_ko.mp3,초급,2
retire,은퇴하다,,아버지는 내년에 회사에서 은퇴할 예정이다.,My father plans to retire from the company next year.,retire.png,retire_word_en.mp3,retire_meaning_ko.mp3,retire_example_en.mp3,retire_example_ko.mp3,비즈니스,3
retired,은퇴한,,은퇴한 선생님이 가끔 학교에 오신다.,The retired teacher sometimes comes to the school.,retired.png,retired_word_en.mp3,retired_meaning_ko.mp3,retired_example_en.mp3,retired_example_ko.mp3,초급,2
revise,수정하다,,나는 선생님의 조언을 듣고 글을 수정했다.,I revised my writing after listening to the teacher's advice.,revise.png,revise_word_en.mp3,revise_meaning_ko.mp3,revise_example_en.mp3,revise_example_ko.mp3,초급,2
risk,위험,,비 오는 날에는 운전할 때 위험이 더 크다.,There is greater risk when driving on a rainy day.,risk.png,risk_word_en.mp3,risk_meaning_ko.mp3,risk_example_en.mp3,risk_example_ko.mp3,위기탈출,3
robot,로봇,,이 로봇은 집안일을 도와준다.,This robot helps with housework.,robot.png,robot_word_en.mp3,robot_meaning_ko.mp3,robot_example_en.mp3,robot_example_ko.mp3,초급,2
roll,구르다,,공이 언덕 아래로 굴러갔다.,The ball rolled down the hill.,roll.png,roll_word_en.mp3,roll_meaning_ko.mp3,roll_example_en.mp3,roll_example_ko.mp3,초급,2
romantic,낭만적인,,그들은 낭만적인 저녁 식사를 했다.,They had a romantic dinner.,romantic.png,romantic_word_en.mp3,romantic_meaning_ko.mp3,romantic_example_en.mp3,romantic_example_ko.mp3,초급,2
rope,밧줄,,그는 밧줄로 상자를 묶었다.,He tied the box with a rope.,rope.png,rope_word_en.mp3,rope_meaning_ko.mp3,rope_example_en.mp3,rope_example_ko.mp3,초급,2
rough,거친,,이 길은 표면이 거칠어서 걷기 어렵다.,"This road has a rough surface, so it is hard to walk on.",rough.png,rough_word_en.mp3,rough_meaning_ko.mp3,rough_example_en.mp3,rough_example_ko.mp3,초급,2
row,열,,우리는 극장의 첫 번째 열에 앉았다.,We sat in the first row of the theater.,row.png,row_word_en.mp3,row_meaning_ko.mp3,row_example_en.mp3,row_example_ko.mp3,초급,2
royal,왕실의,,그 성은 왕실의 가족이 살던 곳이다.,That castle is where the royal family lived.,royal.png,royal_word_en.mp3,royal_meaning_ko.mp3,royal_example_en.mp3,royal_example_ko.mp3,초급,2
rugby,럭비,,그는 주말마다 친구들과 럭비를 한다.,He plays rugby with his friends every weekend.,rugby.png,rugby_word_en.mp3,rugby_meaning_ko.mp3,rugby_example_en.mp3,rugby_example_ko.mp3,초급,2
safety,안전,,공사장에서는 안전이 가장 중요하다.,Safety is the most important thing at a construction site.,safety.png,safety_word_en.mp3,safety_meaning_ko.mp3,safety_example_en.mp3,safety_example_ko.mp3,위기탈출,3
sailor,선원,,그 선원은 오랫동안 바다에서 일했다.,The sailor worked at sea for a long time.,sailor.png,sailor_word_en.mp3,sailor_meaning_ko.mp3,sailor_example_en.mp3,sailor_example_ko.mp3,여행,2
sample,샘플,,직원이 새 음료의 샘플을 나누어 주었다.,The employee handed out samples of the new drink.,sample.png,sample_word_en.mp3,sample_meaning_ko.mp3,sample_example_en.mp3,sample_example_ko.mp3,쇼핑,2
sand,모래,,아이들이 모래로 성을 만들었어요.,The children made a castle with sand.,sand.png,sand_word_en.mp3,sand_meaning_ko.mp3,sand_example_en.mp3,sand_example_ko.mp3,초급,2
scan,스캔하다,,선생님께 보낼 서류를 스캔했어요.,I scanned the document to send to the teacher.,scan.png,scan_word_en.mp3,scan_meaning_ko.mp3,scan_example_en.mp3,scan_example_ko.mp3,초급,2
scientific,과학적인,,그 설명은 매우 과학적이에요.,That explanation is very scientific.,scientific.png,scientific_word_en.mp3,scientific_meaning_ko.mp3,scientific_example_en.mp3,scientific_example_ko.mp3,초급,2
script,대본,,배우들은 공연 전에 대본을 읽었어요.,The actors read the script before the performance.,script.png,script_word_en.mp3,script_meaning_ko.mp3,script_example_en.mp3,script_example_ko.mp3,초급,2
sculpture,조각상,,공원에 큰 조각상이 있어요.,There is a large sculpture in the park.,sculpture.png,sculpture_word_en.mp3,sculpture_meaning_ko.mp3,sculpture_example_en.mp3,sculpture_example_ko.mp3,초급,2
secondary,부차적인,,돈은 중요하지만 부차적인 문제예요.,"Money is important, but it is a secondary issue.",secondary.png,secondary_word_en.mp3,secondary_meaning_ko.mp3,secondary_example_en.mp3,secondary_example_ko.mp3,초급,2
security,보안,,이 회사는 보안을 매우 중요하게 생각해요.,This company considers security very important.,security.png,security_word_en.mp3,security_meaning_ko.mp3,security_example_en.mp3,security_example_ko.mp3,초급,2
seed,씨앗,,봄에 우리는 꽃 씨앗을 심었어요.,"In spring, we planted flower seeds.",seed.png,seed_word_en.mp3,seed_meaning_ko.mp3,seed_example_en.mp3,seed_example_ko.mp3,초급,2
sensible,현명한,,그는 어려운 상황에서 현명한 결정을 했어요.,He made a sensible decision in a difficult situation.,sensible.png,sensible_word_en.mp3,sensible_meaning_ko.mp3,sensible_example_en.mp3,sensible_example_ko.mp3,초급,2
seriously,진지하게,,학생들은 선생님의 말을 진지하게 들었어요.,The students listened to the teacher seriously.,seriously.png,seriously_word_en.mp3,seriously_meaning_ko.mp3,seriously_example_en.mp3,seriously_example_ko.mp3,초급,2
servant,하인,,옛날 이야기에는 왕을 돕는 하인이 나와요.,"In the old story, a servant who helps the king appears.",servant.png,servant_word_en.mp3,servant_meaning_ko.mp3,servant_example_en.mp3,servant_example_ko.mp3,초급,2
set,세트,,이 컵은 접시와 세트예요.,This cup is a set with the plate.,set.png,set_word_en.mp3,set_meaning_ko.mp3,set_example_en.mp3,set_example_ko.mp3,초급,2
setting,배경,,이 소설의 배경은 작은 바닷가 마을입니다.,The setting of this novel is a small seaside village.,setting.png,setting_word_en.mp3,setting_meaning_ko.mp3,setting_example_en.mp3,setting_example_ko.mp3,초급,2
sex,성별,,신청서에 이름과 성별을 적어 주세요.,Please write your name and sex on the application form.,sex.png,sex_word_en.mp3,sex_meaning_ko.mp3,sex_example_en.mp3,sex_example_ko.mp3,초급,2
sexual,성적인,,그 영화에는 성적인 장면이 거의 없어요.,There are almost no sexual scenes in that movie.,sexual.png,sexual_word_en.mp3,sexual_meaning_ko.mp3,sexual_example_en.mp3,sexual_example_ko.mp3,초급,2
sharp,날카로운,,이 칼은 매우 날카로워요.,This knife is very sharp.,sharp.png,sharp_word_en.mp3,sharp_meaning_ko.mp3,sharp_example_en.mp3,sharp_example_ko.mp3,초급,2
shelf,선반,,책을 선반 위에 올려놓았어요.,I put the book on the shelf.,shelf.png,shelf_word_en.mp3,shelf_meaning_ko.mp3,shelf_example_en.mp3,shelf_example_ko.mp3,초급,2
shell,껍데기,,해변에서 예쁜 조개 껍데기를 주웠어요.,I picked up a pretty shell on the beach.,shell.png,shell_word_en.mp3,shell_meaning_ko.mp3,shell_example_en.mp3,shell_example_ko.mp3,초급,2
shift,이동,,사람들의 이동이 도시의 모습을 바꾸고 있어요.,The shift of people is changing the look of the city.,shift.png,shift_word_en.mp3,shift_meaning_ko.mp3,shift_example_en.mp3,shift_example_ko.mp3,초급,2
shine,빛나다,,밤하늘에 별이 밝게 빛나요.,Stars shine brightly in the night sky.,shine.png,shine_word_en.mp3,shine_meaning_ko.mp3,shine_example_en.mp3,shine_example_ko.mp3,초급,2
shiny,반짝이는,,그녀는 반짝이는 목걸이를 하고 있었어요.,She was wearing a shiny necklace.,shiny.png,shiny_word_en.mp3,shiny_meaning_ko.mp3,shiny_example_en.mp3,shiny_example_ko.mp3,초급,2
shoot,총을 쏘다,,경찰은 하늘을 향해 총을 쐈어요.,The police officer shot a gun toward the sky.,shoot.png,shoot_word_en.mp3,shoot_meaning_ko.mp3,shoot_example_en.mp3,shoot_example_ko.mp3,위기탈출,3
shy,수줍어하는,,그 아이는 낯선 사람 앞에서 수줍어해요.,The child is shy in front of strangers.,shy.png,shy_word_en.mp3,shy_meaning_ko.mp3,shy_example_en.mp3,shy_example_ko.mp3,초급,2
sight,시력,,할머니는 나이가 들면서 시력이 약해졌어요.,My grandmother's sight became weaker as she got older.,sight.png,sight_word_en.mp3,sight_meaning_ko.mp3,sight_example_en.mp3,sight_example_ko.mp3,초급,2
signal,신호,,초록색 신호가 켜지면 길을 건너세요.,Cross the street when the green signal turns on.,signal.png,signal_word_en.mp3,signal_meaning_ko.mp3,signal_example_en.mp3,signal_example_ko.mp3,초급,2
silent,조용한,,도서관은 아주 조용했어요.,The library was very silent.,silent.png,silent_word_en.mp3,silent_meaning_ko.mp3,silent_example_en.mp3,silent_example_ko.mp3,초급,2
silly,바보 같은,,그런 바보 같은 농담은 하지 마세요.,Please do not make such a silly joke.,silly.png,silly_word_en.mp3,silly_meaning_ko.mp3,silly_example_en.mp3,silly_example_ko.mp3,초급,2
similarity,유사점,,두 그림에는 많은 유사점이 있어요.,There are many similarities between the two pictures.,similarity.png,similarity_word_en.mp3,similarity_meaning_ko.mp3,similarity_example_en.mp3,similarity_example_ko.mp3,초급,2
similarly,비슷하게,,두 학생은 비슷하게 문제를 풀었어요.,The two students solved the problem similarly.,similarly.png,similarly_word_en.mp3,similarly_meaning_ko.mp3,similarly_example_en.mp3,similarly_example_ko.mp3,초급,2
simply,단지,,나는 단지 친구를 도와주고 싶었어요.,I simply wanted to help my friend.,simply.png,simply_word_en.mp3,simply_meaning_ko.mp3,simply_example_en.mp3,simply_example_ko.mp3,초급,2
sink,가라앉다,,무거운 돌이 물속으로 가라앉았어요.,The heavy stone sank into the water.,sink.png,sink_word_en.mp3,sink_meaning_ko.mp3,sink_example_en.mp3,sink_example_ko.mp3,초급,2
slice,조각,,피자 한 조각을 더 먹었어요.,I ate one more slice of pizza.,slice.png,slice_word_en.mp3,slice_meaning_ko.mp3,slice_example_en.mp3,slice_example_ko.mp3,초급,2
slightly,약간,,오늘은 어제보다 약간 추워요.,Today is slightly colder than yesterday.,slightly.png,slightly_word_en.mp3,slightly_meaning_ko.mp3,slightly_example_en.mp3,slightly_example_ko.mp3,초급,2
smart,똑똑한,,민수는 수학을 잘하는 똑똑한 학생이에요.,Minsu is a smart student who is good at math.,smart.png,smart_word_en.mp3,smart_meaning_ko.mp3,smart_example_en.mp3,smart_example_ko.mp3,초급,2
smooth,매끄러운,,이 돌은 표면이 매끄러워요.,This stone has a smooth surface.,smooth.png,smooth_word_en.mp3,smooth_meaning_ko.mp3,smooth_example_en.mp3,smooth_example_ko.mp3,초급,2
software,소프트웨어,,새 소프트웨어를 컴퓨터에 설치했어요.,I installed new software on the computer.,software.png,software_word_en.mp3,software_meaning_ko.mp3,software_example_en.mp3,software_example_ko.mp3,초급,2
soil,흙,,식물이 잘 자라려면 좋은 흙이 필요해요.,Plants need good soil to grow well.,soil.png,soil_word_en.mp3,soil_meaning_ko.mp3,soil_example_en.mp3,soil_example_ko.mp3,초급,2
solid,단단한,,이 의자는 나무로 만들어져서 단단해요.,"This chair is made of wood, so it is solid.",solid.png,solid_word_en.mp3,solid_meaning_ko.mp3,solid_example_en.mp3,solid_example_ko.mp3,초급,2
southern,남쪽의,,우리는 남쪽의 따뜻한 도시로 여행을 갔어요.,We traveled to a warm southern city.,southern.png,southern_word_en.mp3,southern_meaning_ko.mp3,southern_example_en.mp3,southern_example_ko.mp3,초급,2
specifically,구체적으로,,무엇이 문제인지 구체적으로 말해 주세요.,Please tell me specifically what the problem is.,specifically.png,specifically_word_en.mp3,specifically_meaning_ko.mp3,specifically_example_en.mp3,specifically_example_ko.mp3,초급,2
spending,지출,,이번 달 지출이 너무 많아요.,This month's spending is too high.,spending.png,spending_word_en.mp3,spending_meaning_ko.mp3,spending_example_en.mp3,spending_example_ko.mp3,초급,2
spicy,매운,,저는 매운 음식을 잘 못 먹어요.,I cannot eat spicy food well.,spicy.png,spicy_word_en.mp3,spicy_meaning_ko.mp3,spicy_example_en.mp3,spicy_example_ko.mp3,초급,2
spirit,정신,,우리 팀의 정신은 서로 돕는 것입니다.,Our team's spirit is helping each other.,spirit.png,spirit_word_en.mp3,spirit_meaning_ko.mp3,spirit_example_en.mp3,spirit_example_ko.mp3,초급,2
spoken,구어의,,구어의 표현은 글에서 자주 쓰지 않아요.,Spoken expressions are not often used in writing.,spoken.png,spoken_word_en.mp3,spoken_meaning_ko.mp3,spoken_example_en.mp3,spoken_example_ko.mp3,초급,2
spot,장소,,이곳은 사진을 찍기 좋은 장소예요.,This is a good spot to take photos.,spot.png,spot_word_en.mp3,spot_meaning_ko.mp3,spot_example_en.mp3,spot_example_ko.mp3,초급,2
spread,퍼지다,,소문이 학교 전체에 빠르게 퍼졌어요.,The rumor spread quickly throughout the whole school.,spread.png,spread_word_en.mp3,spread_meaning_ko.mp3,spread_example_en.mp3,spread_example_ko.mp3,초급,2
stadium,경기장,,많은 사람들이 경기장에서 축구 경기를 봤어요.,Many people watched the soccer game at the stadium.,stadium.png,stadium_word_en.mp3,stadium_meaning_ko.mp3,stadium_example_en.mp3,stadium_example_ko.mp3,여행,2
staff,직원,,친절한 직원이 우리를 안내해 주었어요.,A kind staff member guided us.,staff.png,staff_word_en.mp3,staff_meaning_ko.mp3,staff_example_en.mp3,staff_example_ko.mp3,비즈니스,3
standard,기준,,이 시험의 합격 기준은 70점입니다.,The passing standard for this test is 70 points.,standard.png,standard_word_en.mp3,standard_meaning_ko.mp3,standard_example_en.mp3,standard_example_ko.mp3,초급,2
statistic,통계,,이 통계는 학생들의 독서 시간을 보여 줍니다.,This statistic shows students' reading time.,statistic.png,statistic_word_en.mp3,statistic_meaning_ko.mp3,statistic_example_en.mp3,statistic_example_ko.mp3,초급,2
statue,조각상,,광장 가운데에 유명한 조각상이 있어요.,There is a famous statue in the middle of the square.,,statue_word_en.mp3,statue_meaning_ko.mp3,statue_example_en.mp3,statue_example_ko.mp3,여행,2
stick,막대기,,아이가 긴 막대기로 땅에 그림을 그렸어요.,The child drew a picture on the ground with a long stick.,stick.png,stick_word_en.mp3,stick_meaning_ko.mp3,stick_example_en.mp3,stick_example_ko.mp3,초급,2
stranger,낯선 사람,,낯선 사람에게 문을 열어 주지 마세요.,Do not open the door for a stranger.,stranger.png,stranger_word_en.mp3,stranger_meaning_ko.mp3,stranger_example_en.mp3,stranger_example_ko.mp3,초급,2
strength,힘,,그는 무거운 상자를 들 만큼 힘이 세요.,He has enough strength to lift the heavy box.,strength.png,strength_word_en.mp3,strength_meaning_ko.mp3,strength_example_en.mp3,strength_example_ko.mp3,초급,2
string,끈,,선물을 예쁜 끈으로 묶었어요.,I tied the gift with a pretty string.,string.png,string_word_en.mp3,string_meaning_ko.mp3,string_example_en.mp3,string_example_ko.mp3,초급,2
strongly,강하게,,바람이 강하게 불고 있어요.,The wind is blowing strongly.,strongly.png,strongly_word_en.mp3,strongly_meaning_ko.mp3,strongly_example_en.mp3,strongly_example_ko.mp3,초급,2
studio,스튜디오,,가수는 스튜디오에서 새 노래를 녹음했어요.,The singer recorded a new song in the studio.,studio.png,studio_word_en.mp3,studio_meaning_ko.mp3,studio_example_en.mp3,studio_example_ko.mp3,초급,2
stuff,물건,,책상 위에 물건이 너무 많아요.,There is too much stuff on the desk.,stuff.png,stuff_word_en.mp3,stuff_meaning_ko.mp3,stuff_example_en.mp3,stuff_example_ko.mp3,쇼핑,2
substance,물질,,이 물질은 물에 잘 녹아요.,This substance dissolves well in water.,substance.png,substance_word_en.mp3,substance_meaning_ko.mp3,substance_example_en.mp3,substance_example_ko.mp3,초급,2
successfully,성공적으로,,그들은 프로젝트를 성공적으로 끝냈어요.,They successfully finished the project.,successfully.png,successfully_word_en.mp3,successfully_meaning_ko.mp3,successfully_example_en.mp3,successfully_example_ko.mp3,초급,2
sudden,갑작스러운,,갑작스러운 비 때문에 우리는 집으로 돌아갔어요.,"Because of the sudden rain, we went back home.",sudden.png,sudden_word_en.mp3,sudden_meaning_ko.mp3,sudden_example_en.mp3,sudden_example_ko.mp3,초급,2
suffer,고통을 겪다,,그는 오랫동안 허리 통증으로 고통을 겪었어요.,He suffered from back pain for a long time.,suffer.png,suffer_word_en.mp3,suffer_meaning_ko.mp3,suffer_example_en.mp3,suffer_example_ko.mp3,위기탈출,3
suitable,적절한,,이 신발은 등산에 적절한 신발이에요.,These shoes are suitable for hiking.,suitable.png,suitable_word_en.mp3,suitable_meaning_ko.mp3,suitable_example_en.mp3,suitable_example_ko.mp3,초급,2
summarize,요약하다,,선생님은 긴 이야기를 짧게 요약했어요.,The teacher summarized the long story briefly.,summarize.png,summarize_word_en.mp3,summarize_meaning_ko.mp3,summarize_example_en.mp3,summarize_example_ko.mp3,초급,2
summary,요약,,수업이 끝난 후 요약을 읽었어요.,I read the summary after class.,summary.png,summary_word_en.mp3,summary_meaning_ko.mp3,summary_example_en.mp3,summary_example_ko.mp3,초급,2
supply,공급하다,,이 회사는 학교에 컴퓨터를 공급해요.,This company supplies computers to schools.,supply.png,supply_word_en.mp3,supply_meaning_ko.mp3,supply_example_en.mp3,supply_example_ko.mp3,비즈니스,3
supporter,지지자,,그 선수에게는 많은 지지자가 있어요.,That player has many supporters.,supporter.png,supporter_word_en.mp3,supporter_meaning_ko.mp3,supporter_example_en.mp3,supporter_example_ko.mp3,초급,2
surely,확실히,,열심히 연습하면 확실히 좋아질 거예요.,"If you practice hard, you will surely improve.",surely.png,surely_word_en.mp3,surely_meaning_ko.mp3,surely_example_en.mp3,surely_example_ko.mp3,초급,2
surface,표면,,책상 표면이 아주 깨끗해요.,The surface of the desk is very clean.,surface.png,surface_word_en.mp3,surface_meaning_ko.mp3,surface_example_en.mp3,surface_example_ko.mp3,초급,2
survive,살아남다,,그 나무는 추운 겨울에도 살아남았어요.,The tree survived even in the cold winter.,survive.png,survive_word_en.mp3,survive_meaning_ko.mp3,survive_example_en.mp3,survive_example_ko.mp3,위기탈출,3
switch,스위치,,불을 켜려면 이 스위치를 누르세요.,Press this switch to turn on the light.,switch.png,switch_word_en.mp3,switch_meaning_ko.mp3,switch_example_en.mp3,switch_example_ko.mp3,초급,2
symptom,증상,,기침은 감기의 흔한 증상이에요.,Coughing is a common symptom of a cold.,symptom.png,symptom_word_en.mp3,symptom_meaning_ko.mp3,symptom_example_en.mp3,symptom_example_ko.mp3,위기탈출,3
tail,꼬리,,강아지가 꼬리를 흔들었어요.,The puppy wagged its tail.,tail.png,tail_word_en.mp3,tail_meaning_ko.mp3,tail_example_en.mp3,tail_example_ko.mp3,초급,2
talent,재능,,그 아이는 음악에 재능이 있어요.,That child has talent in music.,talent.png,talent_word_en.mp3,talent_meaning_ko.mp3,talent_example_en.mp3,talent_example_ko.mp3,초급,2
talented,재능 있는,,그녀는 재능 있는 화가예요.,She is a talented painter.,talented.png,talented_word_en.mp3,talented_meaning_ko.mp3,talented_example_en.mp3,talented_example_ko.mp3,초급,2
tape,테이프,,상자를 테이프로 붙였어요.,I taped the box with tape.,tape.png,tape_word_en.mp3,tape_meaning_ko.mp3,tape_example_en.mp3,tape_example_ko.mp3,초급,2
tax,세금,,모든 시민은 세금을 내야 해요.,All citizens must pay taxes.,tax.png,tax_word_en.mp3,tax_meaning_ko.mp3,tax_example_en.mp3,tax_example_ko.mp3,비즈니스,3
technical,기술적인,,이 문제는 기술적인 도움이 필요해요.,This problem needs technical help.,technical.png,technical_word_en.mp3,technical_meaning_ko.mp3,technical_example_en.mp3,technical_example_ko.mp3,초급,2
technique,기술,,그 요리사는 특별한 기술을 사용해요.,The chef uses a special technique.,technique.png,technique_word_en.mp3,technique_meaning_ko.mp3,technique_example_en.mp3,technique_example_ko.mp3,초급,2
tend,~하는 경향이 있다,,저는 피곤하면 말을 적게 하는 경향이 있어요.,I tend to speak less when I am tired.,tend.png,tend_word_en.mp3,tend_meaning_ko.mp3,tend_example_en.mp3,tend_example_ko.mp3,초급,2
tent,텐트,,우리는 강가에 텐트를 쳤어요.,We set up a tent by the river.,tent.png,tent_word_en.mp3,tent_meaning_ko.mp3,tent_example_en.mp3,tent_example_ko.mp3,초급,2
theirs,그들의 것,,이 가방은 우리 것이 아니라 그들의 것이에요.,This bag is not ours; it is theirs.,,theirs_word_en.mp3,theirs_meaning_ko.mp3,theirs_example_en.mp3,theirs_example_ko.mp3,초급,2
theme,주제,,오늘 토론의 주제는 환경이에요.,The theme of today's discussion is the environment.,theme.png,theme_word_en.mp3,theme_meaning_ko.mp3,theme_example_en.mp3,theme_example_ko.mp3,초급,2
theory,이론,,그 과학자는 새로운 이론을 발표했어요.,The scientist presented a new theory.,theory.png,theory_word_en.mp3,theory_meaning_ko.mp3,theory_example_en.mp3,theory_example_ko.mp3,초급,2
therefore,그러므로,,비가 많이 왔어요. 그러므로 경기가 취소됐어요.,"It rained a lot. Therefore, the game was canceled.",therefore.png,therefore_word_en.mp3,therefore_meaning_ko.mp3,therefore_example_en.mp3,therefore_example_ko.mp3,초급,2
though,비록 ~이지만,,비록 피곤하지만 숙제를 끝낼 거예요.,"Though I am tired, I will finish my homework.",though.png,though_word_en.mp3,though_meaning_ko.mp3,though_example_en.mp3,though_example_ko.mp3,초급,2
throat,목구멍,,목구멍이 아파서 말을 하기 힘들어요.,"My throat hurts, so it is hard to speak.",throat.png,throat_word_en.mp3,throat_meaning_ko.mp3,throat_example_en.mp3,throat_example_ko.mp3,초급,2
throughout,내내,,그는 회의 내내 조용히 앉아 있었어요.,He sat quietly throughout the meeting.,throughout.png,throughout_word_en.mp3,throughout_meaning_ko.mp3,throughout_example_en.mp3,throughout_example_ko.mp3,초급,2
tight,꽉 끼는,,이 바지는 너무 꽉 끼는 것 같아요.,These pants seem too tight.,tight.png,tight_word_en.mp3,tight_meaning_ko.mp3,tight_example_en.mp3,tight_example_ko.mp3,초급,2
till,~까지,,저는 밤 10시까지 공부했어요.,I studied till 10 p.m.,till.png,till_word_en.mp3,till_meaning_ko.mp3,till_example_en.mp3,till_example_ko.mp3,쇼핑,2
tin,깡통,,그는 빈 깡통을 쓰레기통에 버렸어요.,He threw the empty tin can into the trash.,tin.png,tin_word_en.mp3,tin_meaning_ko.mp3,tin_example_en.mp3,tin_example_ko.mp3,초급,2
tiny,아주 작은,,아주 작은 새가 나무 위에 앉아 있어요.,A tiny bird is sitting in the tree.,tiny.png,tiny_word_en.mp3,tiny_meaning_ko.mp3,tiny_example_en.mp3,tiny_example_ko.mp3,초급,2
toe,발가락,,문에 발가락을 부딪쳤어요.,I hit my toe on the door.,toe.png,toe_word_en.mp3,toe_meaning_ko.mp3,toe_example_en.mp3,toe_example_ko.mp3,초급,2
tongue,혀,,뜨거운 차를 마시다가 혀를 데었어요.,I burned my tongue while drinking hot tea.,tongue.png,tongue_word_en.mp3,tongue_meaning_ko.mp3,tongue_example_en.mp3,tongue_example_ko.mp3,초급,2
total,총계,,오늘 산 물건의 총계는 3만 원이에요.,"The total for the things I bought today is 30,000 won.",total.png,total_word_en.mp3,total_meaning_ko.mp3,total_example_en.mp3,total_example_ko.mp3,초급,2
totally,완전히,,그의 말은 완전히 맞아요.,What he said is totally right.,totally.png,totally_word_en.mp3,totally_meaning_ko.mp3,totally_example_en.mp3,totally_example_ko.mp3,초급,2
trade,무역,,한국은 여러 나라와 무역을 해요.,Korea does trade with many countries.,trade.png,trade_word_en.mp3,trade_meaning_ko.mp3,trade_example_en.mp3,trade_example_ko.mp3,비즈니스,3
translate,번역하다,,이 문장을 영어로 번역해 주세요.,Please translate this sentence into English.,translate.png,translate_word_en.mp3,translate_meaning_ko.mp3,translate_example_en.mp3,translate_example_ko.mp3,초급,2
translation,번역,,이 책의 번역은 아주 자연스러워요.,The translation of this book is very natural.,translation.png,translation_word_en.mp3,translation_meaning_ko.mp3,translation_example_en.mp3,translation_example_ko.mp3,초급,2
treat,대우하다,,우리는 손님을 친절하게 대우해야 해요.,We should treat guests kindly.,treat.png,treat_word_en.mp3,treat_meaning_ko.mp3,treat_example_en.mp3,treat_example_ko.mp3,초급,2
treatment,치료,,그 환자는 병원에서 치료를 받고 있어요.,The patient is receiving treatment at the hospital.,treatment.png,treatment_word_en.mp3,treatment_meaning_ko.mp3,treatment_example_en.mp3,treatment_example_ko.mp3,초급,2
trend,추세,,요즘 건강한 음식에 대한 관심이 높아지는 추세예요.,"These days, interest in healthy food is a growing trend.",trend.png,trend_word_en.mp3,trend_meaning_ko.mp3,trend_example_en.mp3,trend_example_ko.mp3,쇼핑,2
trick,속임수,,그의 친절한 말은 사실 속임수였어요.,His kind words were actually a trick.,trick.png,trick_word_en.mp3,trick_meaning_ko.mp3,trick_example_en.mp3,trick_example_ko.mp3,초급,2
truth,진실,,나는 항상 진실을 말하려고 해요.,I always try to tell the truth.,truth.png,truth_word_en.mp3,truth_meaning_ko.mp3,truth_example_en.mp3,truth_example_ko.mp3,초급,2
tube,관,,물이 이 관을 통해 흘러요.,Water flows through this tube.,tube.png,tube_word_en.mp3,tube_meaning_ko.mp3,tube_example_en.mp3,tube_example_ko.mp3,초급,2
typically,대개,,이 식당은 대개 점심시간에 붐벼요.,This restaurant is typically crowded at lunchtime.,typically.png,typically_word_en.mp3,typically_meaning_ko.mp3,typically_example_en.mp3,typically_example_ko.mp3,초급,2
tyre,타이어,,자동차 타이어에 공기를 넣었어요.,I put air in the car tyre.,tyre.png,tyre_word_en.mp3,tyre_meaning_ko.mp3,tyre_example_en.mp3,tyre_example_ko.mp3,초급,2
ugly,못생긴,,그는 못생긴 인형을 보고 웃었어요.,He laughed when he saw the ugly doll.,ugly.png,ugly_word_en.mp3,ugly_meaning_ko.mp3,ugly_example_en.mp3,ugly_example_ko.mp3,초급,2
unable,할 수 없는,,저는 감기 때문에 학교에 갈 수 없었어요.,I was unable to go to school because of a cold.,unable.png,unable_word_en.mp3,unable_meaning_ko.mp3,unable_example_en.mp3,unable_example_ko.mp3,초급,2
uncomfortable,불편한,,이 의자는 너무 딱딱해서 불편해요.,"This chair is too hard, so it is uncomfortable.",uncomfortable.png,uncomfortable_word_en.mp3,uncomfortable_meaning_ko.mp3,uncomfortable_example_en.mp3,uncomfortable_example_ko.mp3,초급,2
underwear,속옷,,여행 가방에 속옷을 넣었어요.,I put underwear in my travel bag.,underwear.png,underwear_word_en.mp3,underwear_meaning_ko.mp3,underwear_example_en.mp3,underwear_example_ko.mp3,초급,2
unemployed,실직한,,그는 회사가 문을 닫아서 실직했어요.,He became unemployed because the company closed.,unemployed.png,unemployed_word_en.mp3,unemployed_meaning_ko.mp3,unemployed_example_en.mp3,unemployed_example_ko.mp3,비즈니스,3
unemployment,실업,,실업은 많은 사람들에게 큰 문제예요.,Unemployment is a big problem for many people.,unemployment.png,unemployment_word_en.mp3,unemployment_meaning_ko.mp3,unemployment_example_en.mp3,unemployment_example_ko.mp3,비즈니스,3
unfair,불공평한,,한 사람에게만 일을 많이 주는 것은 불공평해요.,Giving a lot of work to only one person is unfair.,unfair.png,unfair_word_en.mp3,unfair_meaning_ko.mp3,unfair_example_en.mp3,unfair_example_ko.mp3,초급,2
union,노동조합,,노동조합은 노동자의 권리를 지켜요.,The union protects workers' rights.,union.png,union_word_en.mp3,union_meaning_ko.mp3,union_example_en.mp3,union_example_ko.mp3,초급,2
unless,~하지 않는 한,,비가 오지 않는 한 우리는 공원에 갈 거예요.,"Unless it rains, we will go to the park.",unless.png,unless_word_en.mp3,unless_meaning_ko.mp3,unless_example_en.mp3,unless_example_ko.mp3,초급,2
unlike,~와 달리,,형과 달리 저는 운동을 좋아해요.,"Unlike my older brother, I like sports.",unlike.png,unlike_word_en.mp3,unlike_meaning_ko.mp3,unlike_example_en.mp3,unlike_example_ko.mp3,초급,2
unlikely,있음직하지 않은,,오늘 눈이 올 가능성은 있음직하지 않아요.,It is unlikely that it will snow today.,unlikely.png,unlikely_word_en.mp3,unlikely_meaning_ko.mp3,unlikely_example_en.mp3,unlikely_example_ko.mp3,초급,2
unnecessary,불필요한,,이미 답을 알면 불필요한 질문을 하지 마세요.,"If you already know the answer, do not ask unnecessary questions.",unnecessary.png,unnecessary_word_en.mp3,unnecessary_meaning_ko.mp3,unnecessary_example_en.mp3,unnecessary_example_ko.mp3,초급,2
unpleasant,불쾌한,,그 방에는 불쾌한 냄새가 났어요.,There was an unpleasant smell in the room.,unpleasant.png,unpleasant_word_en.mp3,unpleasant_meaning_ko.mp3,unpleasant_example_en.mp3,unpleasant_example_ko.mp3,초급,2
update,업데이트하다,,휴대폰 앱을 최신 버전으로 업데이트했어요.,I updated the phone app to the latest version.,update.png,update_word_en.mp3,update_meaning_ko.mp3,update_example_en.mp3,update_example_ko.mp3,초급,2
upon,~위에,,책상 위에 꽃병이 놓여 있어요.,A vase is placed upon the desk.,upon.png,upon_word_en.mp3,upon_meaning_ko.mp3,upon_example_en.mp3,upon_example_ko.mp3,초급,2
upset,심란한,,그는 나쁜 소식을 듣고 심란한 표정을 지었어요.,He looked upset after hearing the bad news.,upset.png,upset_word_en.mp3,upset_meaning_ko.mp3,upset_example_en.mp3,upset_example_ko.mp3,초급,2
used,중고의,,저는 중고의 자전거를 싸게 샀어요.,I bought a used bicycle cheaply.,used.png,used_word_en.mp3,used_meaning_ko.mp3,used_example_en.mp3,used_example_ko.mp3,초급,2
valuable,귀중한,,이 반지는 할머니가 주신 귀중한 선물이에요.,This ring is a valuable gift from my grandmother.,valuable.png,valuable_word_en.mp3,valuable_meaning_ko.mp3,valuable_example_en.mp3,valuable_example_ko.mp3,초급,2
value,가치,,시간의 가치를 알아야 해요.,You should know the value of time.,value.png,value_word_en.mp3,value_meaning_ko.mp3,value_example_en.mp3,value_example_ko.mp3,쇼핑,2
various,다양한,,시장에는 다양한 과일이 있어요.,There are various fruits at the market.,various.png,various_word_en.mp3,various_meaning_ko.mp3,various_example_en.mp3,various_example_ko.mp3,초급,2
version,버전,,새 버전의 프로그램은 더 빠르게 작동해요.,The new version of the program works faster.,version.png,version_word_en.mp3,version_meaning_ko.mp3,version_example_en.mp3,version_example_ko.mp3,초급,2
victim,피해자,,경찰은 피해자를 안전한 곳으로 데려갔어요.,The police took the victim to a safe place.,victim.png,victim_word_en.mp3,victim_meaning_ko.mp3,victim_example_en.mp3,victim_example_ko.mp3,초급,2
viewer,시청자,,그 드라마는 많은 시청자의 사랑을 받았어요.,That drama was loved by many viewers.,viewer.png,viewer_word_en.mp3,viewer_meaning_ko.mp3,viewer_example_en.mp3,viewer_example_ko.mp3,초급,2
violent,폭력적인,,그 영화에는 폭력적인 장면이 많아요.,There are many violent scenes in that movie.,violent.png,violent_word_en.mp3,violent_meaning_ko.mp3,violent_example_en.mp3,violent_example_ko.mp3,위기탈출,3
volunteer,자원봉사자,,자원봉사자들이 공원에서 쓰레기를 주웠어요.,Volunteers picked up trash in the park.,volunteer.png,volunteer_word_en.mp3,volunteer_meaning_ko.mp3,volunteer_example_en.mp3,volunteer_example_ko.mp3,초급,2
vote,투표하다,,우리는 내일 반장을 뽑기 위해 투표할 거예요.,We will vote tomorrow to choose the class president.,vote.png,vote_word_en.mp3,vote_meaning_ko.mp3,vote_example_en.mp3,vote_example_ko.mp3,초급,2
warn,경고하다,,선생님은 학생들에게 위험하다고 경고했어요.,The teacher warned the students that it was dangerous.,warn.png,warn_word_en.mp3,warn_meaning_ko.mp3,warn_example_en.mp3,warn_example_ko.mp3,위기탈출,3
warning,경고,,그 표지판에는 경고 문구가 적혀 있어요.,A warning message is written on that sign.,warning.png,warning_word_en.mp3,warning_meaning_ko.mp3,warning_example_en.mp3,warning_example_ko.mp3,위기탈출,3
waste,낭비하다,,물을 낭비하지 마세요.,Do not waste water.,waste.png,waste_word_en.mp3,waste_meaning_ko.mp3,waste_example_en.mp3,waste_example_ko.mp3,초급,2
weapon,무기,,그 무기는 박물관에 전시되어 있어요.,The weapon is displayed in the museum.,weapon.png,weapon_word_en.mp3,weapon_meaning_ko.mp3,weapon_example_en.mp3,weapon_example_ko.mp3,위기탈출,3
weigh,무게가 나가다,,이 가방은 5킬로그램의 무게가 나가요.,This bag weighs five kilograms.,weigh.png,weigh_word_en.mp3,weigh_meaning_ko.mp3,weigh_example_en.mp3,weigh_example_ko.mp3,초급,2
western,서양의,,그는 서양의 역사에 관심이 많아요.,He is very interested in Western history.,western.png,western_word_en.mp3,western_meaning_ko.mp3,western_example_en.mp3,western_example_ko.mp3,초급,2
whatever,무엇이든,,당신이 원하는 것은 무엇이든 말해 주세요.,Please tell me whatever you want.,whatever.png,whatever_word_en.mp3,whatever_meaning_ko.mp3,whatever_example_en.mp3,whatever_example_ko.mp3,초급,2
whenever,언제든지,,도움이 필요하면 언제든지 전화하세요.,Call me whenever you need help.,whenever.png,whenever_word_en.mp3,whenever_meaning_ko.mp3,whenever_example_en.mp3,whenever_example_ko.mp3,초급,2
whether,~인지 아닌지,,그가 올지 안 올지 아직 몰라요.,I still do not know whether he will come or not.,whether.png,whether_word_en.mp3,whether_meaning_ko.mp3,whether_example_en.mp3,whether_example_ko.mp3,초급,2
wing,날개,,새가 날개를 펴고 하늘로 날아갔어요.,The bird spread its wings and flew into the sky.,wing.png,wing_word_en.mp3,wing_meaning_ko.mp3,wing_example_en.mp3,wing_example_ko.mp3,초급,2
within,~이내에,,숙제를 한 시간 이내에 끝내야 해요.,You must finish the homework within one hour.,within.png,within_word_en.mp3,within_meaning_ko.mp3,within_example_en.mp3,within_example_ko.mp3,초급,2
wonder,궁금해하다,,저는 그가 왜 늦었는지 궁금해해요.,I wonder why he is late.,wonder.png,wonder_word_en.mp3,wonder_meaning_ko.mp3,wonder_example_en.mp3,wonder_example_ko.mp3,초급,2
wool,양모,,이 스웨터는 부드러운 양모로 만들었어요.,This sweater is made of soft wool.,wool.png,wool_word_en.mp3,wool_meaning_ko.mp3,wool_example_en.mp3,wool_example_ko.mp3,초급,2
worldwide,전 세계적으로,,그 노래는 전 세계적으로 유명해졌어요.,That song became famous worldwide.,worldwide.png,worldwide_word_en.mp3,worldwide_meaning_ko.mp3,worldwide_example_en.mp3,worldwide_example_ko.mp3,초급,2
worth,가치가 있는,,이 책은 읽을 가치가 있어요.,This book is worth reading.,worth.png,worth_word_en.mp3,worth_meaning_ko.mp3,worth_example_en.mp3,worth_example_ko.mp3,초급,2
written,서면의,,계약을 하려면 서면의 동의가 필요해요.,Written consent is needed to make a contract.,written.png,written_word_en.mp3,written_meaning_ko.mp3,written_example_en.mp3,written_example_ko.mp3,초급,2
yard,마당,,아이들이 마당에서 공을 차고 있어요.,The children are kicking a ball in the yard.,yard.png,yard_word_en.mp3,yard_meaning_ko.mp3,yard_example_en.mp3,yard_example_ko.mp3,초급,2
youth,청소년,,이 센터는 청소년을 위한 프로그램을 운영해요.,This center runs programs for youth.,youth.png,youth_word_en.mp3,youth_meaning_ko.mp3,youth_example_en.mp3,youth_example_ko.mp3,초급,2
abandon,버리다,B2,그들은 오래된 집을 버리고 도시로 이사했어요.,They abandoned the old house and moved to the city.,abandon.png,abandon_word_en.mp3,abandon_meaning_ko.mp3,abandon_example_en.mp3,abandon_example_ko.mp3,초급,2
absolute,절대적인,,그의 말이 항상 절대적인 진리는 아니에요.,His words are not always the absolute truth.,absolute.png,absolute_word_en.mp3,absolute_meaning_ko.mp3,absolute_example_en.mp3,absolute_example_ko.mp3,초급,2
absorb,흡수하다,,수건이 물을 빨리 흡수해요.,The towel absorbs water quickly.,absorb.png,absorb_word_en.mp3,absorb_meaning_ko.mp3,absorb_example_en.mp3,absorb_example_ko.mp3,초급,2
abstract,추상적인,,사랑은 추상적인 개념이에요.,Love is an abstract concept.,abstract.png,abstract_word_en.mp3,abstract_meaning_ko.mp3,abstract_example_en.mp3,abstract_example_ko.mp3,초급,2
accent,억양,,그는 독특한 억양으로 한국어를 말해요.,He speaks Korean with a unique accent.,accent.png,accent_word_en.mp3,accent_meaning_ko.mp3,accent_example_en.mp3,accent_example_ko.mp3,초급,2
acceptable,받아들일 수 있는,,이 정도의 실수는 받아들일 수 있는 수준이에요.,This level of mistake is acceptable.,acceptable.png,acceptable_word_en.mp3,acceptable_meaning_ko.mp3,acceptable_example_en.mp3,acceptable_example_ko.mp3,초급,2
accidentally,실수로,,제가 실수로 컵을 깨뜨렸어요.,I accidentally broke the cup.,accidentally.png,accidentally_word_en.mp3,accidentally_meaning_ko.mp3,accidentally_example_en.mp3,accidentally_example_ko.mp3,초급,2
accommodate,수용하다,,이 강당은 500명을 수용할 수 있어요.,This auditorium can accommodate 500 people.,accommodate.png,accommodate_word_en.mp3,accommodate_meaning_ko.mp3,accommodate_example_en.mp3,accommodate_example_ko.mp3,초급,2
accompany,동행하다,,저는 동생과 병원에 동행했어요.,I accompanied my younger sibling to the hospital.,accompany.png,accompany_word_en.mp3,accompany_meaning_ko.mp3,accompany_example_en.mp3,accompany_example_ko.mp3,초급,2
accomplish,달성하다,,우리는 마침내 목표를 달성했어요.,We finally accomplished our goal.,accomplish.png,accomplish_word_en.mp3,accomplish_meaning_ko.mp3,accomplish_example_en.mp3,accomplish_example_ko.mp3,초급,2
accountant,회계사,,우리 아버지는 회사에서 회계사로 일하세요.,My father works as an accountant at a company.,accountant.png,accountant_word_en.mp3,accountant_meaning_ko.mp3,accountant_example_en.mp3,accountant_example_ko.mp3,비즈니스,3
accuracy,정확성,,이 기계는 측정의 정확성이 높아요.,This machine has high accuracy in measurement.,accuracy.png,accuracy_word_en.mp3,accuracy_meaning_ko.mp3,accuracy_example_en.mp3,accuracy_example_ko.mp3,초급,2
accurate,정확한,,정확한 정보를 알려 주세요.,Please give me accurate information.,accurate.png,accurate_word_en.mp3,accurate_meaning_ko.mp3,accurate_example_en.mp3,accurate_example_ko.mp3,초급,2
accurately,정확히,,주소를 정확히 적어 주세요.,Please write the address accurately.,accurately.png,accurately_word_en.mp3,accurately_meaning_ko.mp3,accurately_example_en.mp3,accurately_example_ko.mp3,초급,2
accuse,고발하다,,그들은 회사를 환경 오염으로 고발했어요.,They accused the company of environmental pollution.,accuse.png,accuse_word_en.mp3,accuse_meaning_ko.mp3,accuse_example_en.mp3,accuse_example_ko.mp3,초급,2
acid,산,,이 용액에는 강한 산이 들어 있어요.,This solution contains a strong acid.,acid.png,acid_word_en.mp3,acid_meaning_ko.mp3,acid_example_en.mp3,acid_example_ko.mp3,초급,2
acknowledge,인정하다,,그는 자신의 실수를 인정했어요.,He acknowledged his mistake.,acknowledge.png,acknowledge_word_en.mp3,acknowledge_meaning_ko.mp3,acknowledge_example_en.mp3,acknowledge_example_ko.mp3,초급,2
acquire,얻다,,그녀는 열심히 공부해서 새로운 기술을 얻었어요.,She acquired a new skill by studying hard.,acquire.png,acquire_word_en.mp3,acquire_meaning_ko.mp3,acquire_example_en.mp3,acquire_example_ko.mp3,비즈니스,3
activate,작동시키다,,이 버튼을 누르면 알람을 작동시킬 수 있어요.,You can activate the alarm by pressing this button.,activate.png,activate_word_en.mp3,activate_meaning_ko.mp3,activate_example_en.mp3,activate_example_ko.mp3,초급,2
actual,실제의,,이 영화는 실제의 사건을 바탕으로 했어요.,This movie was based on an actual event.,actual.png,actual_word_en.mp3,actual_meaning_ko.mp3,actual_example_en.mp3,actual_example_ko.mp3,초급,2
adapt,적응하다,,그는 새로운 학교생활에 빨리 적응했어요.,He adapted quickly to life at the new school.,adapt.png,adapt_word_en.mp3,adapt_meaning_ko.mp3,adapt_example_en.mp3,adapt_example_ko.mp3,초급,2
addiction,중독,,스마트폰 중독은 건강에 좋지 않아요.,Smartphone addiction is not good for your health.,addiction.png,addiction_word_en.mp3,addiction_meaning_ko.mp3,addiction_example_en.mp3,addiction_example_ko.mp3,초급,2
additional,추가적인,,추가적인 도움이 필요하면 말해 주세요.,Please tell me if you need additional help.,additional.png,additional_word_en.mp3,additional_meaning_ko.mp3,additional_example_en.mp3,additional_example_ko.mp3,초급,2
additionally,추가로,,추가로 자료를 이메일로 보내 드릴게요.,"Additionally, I will send you the materials by email.",additionally.png,additionally_word_en.mp3,additionally_meaning_ko.mp3,additionally_example_en.mp3,additionally_example_ko.mp3,초급,2
adequate,적절한,,건강을 위해 적절한 휴식이 필요해요.,Adequate rest is needed for good health.,adequate.png,adequate_word_en.mp3,adequate_meaning_ko.mp3,adequate_example_en.mp3,adequate_example_ko.mp3,초급,2
adequately,적절히,,문제를 해결하려면 상황을 적절히 이해해야 해요.,"To solve the problem, you must understand the situation adequately.",adequately.png,adequately_word_en.mp3,adequately_meaning_ko.mp3,adequately_example_en.mp3,adequately_example_ko.mp3,초급,2
adjust,조절하다,,날씨에 맞게 에어컨 온도를 조절했어요.,I adjusted the air conditioner temperature according to the weather.,adjust.png,adjust_word_en.mp3,adjust_meaning_ko.mp3,adjust_example_en.mp3,adjust_example_ko.mp3,초급,2
administration,관리,,이 건물의 관리는 전문 회사가 맡고 있어요.,A professional company is in charge of the administration of this building.,administration.png,administration_word_en.mp3,administration_meaning_ko.mp3,administration_example_en.mp3,administration_example_ko.mp3,초급,2
adopt,채택하다,,우리 회사는 새로운 규칙을 채택했어요.,Our company adopted a new rule.,adopt.png,adopt_word_en.mp3,adopt_meaning_ko.mp3,adopt_example_en.mp3,adopt_example_ko.mp3,초급,2
advance,전진하다,,군인들은 조심스럽게 앞으로 전진했다.,The soldiers carefully advanced forward.,advance.png,advance_word_en.mp3,advance_meaning_ko.mp3,advance_example_en.mp3,advance_example_ko.mp3,초급,2
affair,일,,그 일은 생각보다 빨리 끝났다.,That affair was finished faster than expected.,affair.png,affair_word_en.mp3,affair_meaning_ko.mp3,affair_example_en.mp3,affair_example_ko.mp3,초급,2
affordable,감당할 만한,,이 식당은 가격이 감당할 만해서 자주 간다.,"This restaurant is affordable, so I go there often.",affordable.png,affordable_word_en.mp3,affordable_meaning_ko.mp3,affordable_example_en.mp3,affordable_example_ko.mp3,쇼핑,2
afterwards,그 후에,,우리는 영화를 보고 그 후에 저녁을 먹었다.,We watched a movie and afterwards had dinner.,afterwards.png,afterwards_word_en.mp3,afterwards_meaning_ko.mp3,afterwards_example_en.mp3,afterwards_example_ko.mp3,초급,2
agency,대행사,,그 회사는 광고 대행사와 함께 일한다.,The company works with an advertising agency.,agency.png,agency_word_en.mp3,agency_meaning_ko.mp3,agency_example_en.mp3,agency_example_ko.mp3,초급,2
agenda,의제,,오늘 회의의 첫 번째 의제는 예산입니다.,The first item on today's agenda is the budget.,agenda.png,agenda_word_en.mp3,agenda_meaning_ko.mp3,agenda_example_en.mp3,agenda_example_ko.mp3,초급,2
aggressive,공격적인,,그 선수는 매우 공격적인 경기 방식을 보였다.,The player showed a very aggressive style of play.,aggressive.png,aggressive_word_en.mp3,aggressive_meaning_ko.mp3,aggressive_example_en.mp3,aggressive_example_ko.mp3,초급,2
agriculture,농업,,이 지역 사람들은 주로 농업에 종사한다.,People in this area mainly work in agriculture.,agriculture.png,agriculture_word_en.mp3,agriculture_meaning_ko.mp3,agriculture_example_en.mp3,agriculture_example_ko.mp3,초급,2
aid,도움,,많은 사람들이 홍수 피해자들에게 도움을 주었다.,Many people gave aid to the flood victims.,aid.png,aid_word_en.mp3,aid_meaning_ko.mp3,aid_example_en.mp3,aid_example_ko.mp3,초급,2
AIDS,에이즈,,에이즈는 예방과 치료가 중요한 질병이다.,AIDS is a disease for which prevention and treatment are important.,AIDS.png,AIDS_word_en.mp3,AIDS_meaning_ko.mp3,AIDS_example_en.mp3,AIDS_example_ko.mp3,초급,2
aircraft,항공기,,공항에는 여러 대의 항공기가 서 있었다.,Several aircraft were parked at the airport.,aircraft.png,aircraft_word_en.mp3,aircraft_meaning_ko.mp3,aircraft_example_en.mp3,aircraft_example_ko.mp3,초급,2
alien,외계인,,그 영화에는 지구에 온 외계인이 나온다.,An alien who comes to Earth appears in the movie.,alien.png,alien_word_en.mp3,alien_meaning_ko.mp3,alien_example_en.mp3,alien_example_ko.mp3,초급,2
alongside,옆에,,그는 친구 옆에 앉았다.,He sat alongside his friend.,alongside.png,alongside_word_en.mp3,alongside_meaning_ko.mp3,alongside_example_en.mp3,alongside_example_ko.mp3,초급,2
alter,바꾸다,,우리는 여행 계획을 조금 바꾸었다.,We altered our travel plan a little.,alter.png,alter_word_en.mp3,alter_meaning_ko.mp3,alter_example_en.mp3,alter_example_ko.mp3,초급,2
altogether,모두,,교실에는 학생이 모두 스무 명 있었다.,There were twenty students altogether in the classroom.,altogether.png,altogether_word_en.mp3,altogether_meaning_ko.mp3,altogether_example_en.mp3,altogether_example_ko.mp3,초급,2
ambulance,구급차,,사고가 나자 구급차가 바로 도착했다.,"When the accident happened, an ambulance arrived right away.",ambulance.png,ambulance_word_en.mp3,ambulance_meaning_ko.mp3,ambulance_example_en.mp3,ambulance_example_ko.mp3,위기탈출,3
amusing,재미있는,,그의 이야기는 정말 재미있는 이야기였다.,His story was really amusing.,amusing.png,amusing_word_en.mp3,amusing_meaning_ko.mp3,amusing_example_en.mp3,amusing_example_ko.mp3,초급,2
analyst,분석가,,그 분석가는 시장 변화를 자세히 설명했다.,The analyst explained the market changes in detail.,analyst.png,analyst_word_en.mp3,analyst_meaning_ko.mp3,analyst_example_en.mp3,analyst_example_ko.mp3,비즈니스,3
ancestor,조상,,우리는 명절에 조상에게 감사하는 마음을 가진다.,"During the holiday, we feel grateful to our ancestors.",ancestor.png,ancestor_word_en.mp3,ancestor_meaning_ko.mp3,ancestor_example_en.mp3,ancestor_example_ko.mp3,초급,2
anger,분노,,그는 분노를 참으려고 깊게 숨을 쉬었다.,He took a deep breath to control his anger.,anger.png,anger_word_en.mp3,anger_meaning_ko.mp3,anger_example_en.mp3,anger_example_ko.mp3,초급,2
angle,각도,,사진을 찍을 때 각도를 조금 바꿔 보세요.,Try changing the angle a little when taking the photo.,angle.png,angle_word_en.mp3,angle_meaning_ko.mp3,angle_example_en.mp3,angle_example_ko.mp3,초급,2
animation,애니메이션,,아이들은 주말마다 애니메이션을 본다.,The children watch animation every weekend.,animation.png,animation_word_en.mp3,animation_meaning_ko.mp3,animation_example_en.mp3,animation_example_ko.mp3,초급,2
anniversary,기념일,,오늘은 우리 부모님의 결혼기념일이다.,Today is my parents' wedding anniversary.,anniversary.png,anniversary_word_en.mp3,anniversary_meaning_ko.mp3,anniversary_example_en.mp3,anniversary_example_ko.mp3,초급,2
annual,연례의,,우리 학교는 연례 축제를 준비하고 있다.,Our school is preparing for the annual festival.,annual.png,annual_word_en.mp3,annual_meaning_ko.mp3,annual_example_en.mp3,annual_example_ko.mp3,초급,2
annually,매년,,이 행사는 매년 봄에 열린다.,This event is held annually in spring.,annually.png,annually_word_en.mp3,annually_meaning_ko.mp3,annually_example_en.mp3,annually_example_ko.mp3,초급,2
anticipate,예상하다,,전문가들은 올해 물가가 오를 것으로 예상한다.,Experts anticipate that prices will rise this year.,anticipate.png,anticipate_word_en.mp3,anticipate_meaning_ko.mp3,anticipate_example_en.mp3,anticipate_example_ko.mp3,초급,2
anxiety,불안,,시험 전에는 누구나 약간의 불안을 느낀다.,Everyone feels some anxiety before an exam.,anxiety.png,anxiety_word_en.mp3,anxiety_meaning_ko.mp3,anxiety_example_en.mp3,anxiety_example_ko.mp3,초급,2
anxious,불안한,,그녀는 면접 결과를 기다리며 불안한 표정을 지었다.,She looked anxious while waiting for the interview result.,anxious.png,anxious_word_en.mp3,anxious_meaning_ko.mp3,anxious_example_en.mp3,anxious_example_ko.mp3,위기탈출,3
apology,사과,,그는 늦은 것에 대해 진심 어린 사과를 했다.,He gave a sincere apology for being late.,apology.png,apology_word_en.mp3,apology_meaning_ko.mp3,apology_example_en.mp3,apology_example_ko.mp3,초급,2
apparent,분명한,,그의 실수는 모두에게 분명한 사실이었다.,His mistake was apparent to everyone.,apparent.png,apparent_word_en.mp3,apparent_meaning_ko.mp3,apparent_example_en.mp3,apparent_example_ko.mp3,초급,2
apparently,보아하니,,보아하니 그는 오늘 회의에 오지 않을 것 같다.,"Apparently, he will not come to the meeting today.",apparently.png,apparently_word_en.mp3,apparently_meaning_ko.mp3,apparently_example_en.mp3,apparently_example_ko.mp3,초급,2
appeal,호소하다,,그 단체는 시민들에게 기부를 호소했다.,The organization appealed to citizens for donations.,appeal.png,appeal_word_en.mp3,appeal_meaning_ko.mp3,appeal_example_en.mp3,appeal_example_ko.mp3,초급,2
applicant,지원자,,그 회사에는 많은 지원자가 몰렸다.,Many applicants applied to the company.,applicant.png,applicant_word_en.mp3,applicant_meaning_ko.mp3,applicant_example_en.mp3,applicant_example_ko.mp3,비즈니스,3
approach,접근하다,,낯선 사람이 우리에게 천천히 접근했다.,A stranger slowly approached us.,approach.png,approach_word_en.mp3,approach_meaning_ko.mp3,approach_example_en.mp3,approach_example_ko.mp3,초급,2
appropriate,적절한,,면접에는 적절한 옷을 입는 것이 좋다.,It is good to wear appropriate clothes for an interview.,appropriate.png,appropriate_word_en.mp3,appropriate_meaning_ko.mp3,appropriate_example_en.mp3,appropriate_example_ko.mp3,초급,2
appropriately,알맞게,,상황에 맞게 알맞게 행동해야 한다.,You should behave appropriately according to the situation.,appropriately.png,appropriately_word_en.mp3,appropriately_meaning_ko.mp3,appropriately_example_en.mp3,appropriately_example_ko.mp3,초급,2
approval,승인,,그 계획은 교장 선생님의 승인을 받았다.,The plan received the principal's approval.,approval.png,approval_word_en.mp3,approval_meaning_ko.mp3,approval_example_en.mp3,approval_example_ko.mp3,초급,2
approve,승인하다,,위원회는 새 프로젝트를 승인했다.,The committee approved the new project.,approve.png,approve_word_en.mp3,approve_meaning_ko.mp3,approve_example_en.mp3,approve_example_ko.mp3,초급,2
arise,발생하다,,문제가 발생하면 바로 저에게 알려 주세요.,"If a problem arises, please let me know right away.",arise.png,arise_word_en.mp3,arise_meaning_ko.mp3,arise_example_en.mp3,arise_example_ko.mp3,초급,2
armed,무장한,,무장한 경찰들이 건물 앞에 서 있었다.,Armed police officers were standing in front of the building.,armed.png,armed_word_en.mp3,armed_meaning_ko.mp3,armed_example_en.mp3,armed_example_ko.mp3,초급,2
arms,무기,,그 나라는 더 이상 무기를 수출하지 않기로 했다.,The country decided not to export arms anymore.,arms.png,arms_word_en.mp3,arms_meaning_ko.mp3,arms_example_en.mp3,arms_example_ko.mp3,초급,2
arrow,화살,,화살이 과녁의 가운데에 맞았다.,The arrow hit the center of the target.,arrow.png,arrow_word_en.mp3,arrow_meaning_ko.mp3,arrow_example_en.mp3,arrow_example_ko.mp3,초급,2
artificial,인공의,,이 꽃은 진짜가 아니라 인공의 꽃이다.,This flower is not real; it is an artificial flower.,artificial.png,artificial_word_en.mp3,artificial_meaning_ko.mp3,artificial_example_en.mp3,artificial_example_ko.mp3,초급,2
artistic,예술적인,,그 건물은 매우 예술적인 디자인을 가지고 있다.,The building has a very artistic design.,artistic.png,artistic_word_en.mp3,artistic_meaning_ko.mp3,artistic_example_en.mp3,artistic_example_ko.mp3,초급,2
artwork,예술품,,미술관에는 유명한 예술품이 많이 있다.,There are many famous artworks in the museum.,,artwork_word_en.mp3,artwork_meaning_ko.mp3,artwork_example_en.mp3,artwork_example_ko.mp3,초급,2
ashamed,부끄러운,,그는 거짓말을 한 것이 부끄러웠다.,He was ashamed that he had lied.,ashamed.png,ashamed_word_en.mp3,ashamed_meaning_ko.mp3,ashamed_example_en.mp3,ashamed_example_ko.mp3,초급,2
aside,한쪽으로,,그녀는 의자를 한쪽으로 밀었다.,She pushed the chair aside.,aside.png,aside_word_en.mp3,aside_meaning_ko.mp3,aside_example_en.mp3,aside_example_ko.mp3,초급,2
aspect,측면,,이 문제는 여러 측면에서 생각해야 한다.,This problem should be considered from several aspects.,aspect.png,aspect_word_en.mp3,aspect_meaning_ko.mp3,aspect_example_en.mp3,aspect_example_ko.mp3,초급,2
assess,평가하다,,선생님은 학생들의 발표를 공정하게 평가했다.,The teacher assessed the students' presentations fairly.,assess.png,assess_word_en.mp3,assess_meaning_ko.mp3,assess_example_en.mp3,assess_example_ko.mp3,초급,2
assessment,평가,,이번 평가 결과는 다음 주에 나옵니다.,The results of this assessment will come out next week.,assessment.png,assessment_word_en.mp3,assessment_meaning_ko.mp3,assessment_example_en.mp3,assessment_example_ko.mp3,초급,2
asset,자산,,건강은 가장 중요한 자산 중 하나이다.,Health is one of the most important assets.,asset.png,asset_word_en.mp3,asset_meaning_ko.mp3,asset_example_en.mp3,asset_example_ko.mp3,비즈니스,3
assign,할당하다,,팀장은 각 사람에게 일을 할당했다.,The team leader assigned tasks to each person.,assign.png,assign_word_en.mp3,assign_meaning_ko.mp3,assign_example_en.mp3,assign_example_ko.mp3,초급,2
assistance,도움,,도움이 필요하시면 직원에게 요청하세요.,"If you need assistance, please ask a staff member.",assistance.png,assistance_word_en.mp3,assistance_meaning_ko.mp3,assistance_example_en.mp3,assistance_example_ko.mp3,초급,2
associate,관련짓다,,사람들은 빨간색을 열정과 관련짓는다.,People associate the color red with passion.,associate.png,associate_word_en.mp3,associate_meaning_ko.mp3,associate_example_en.mp3,associate_example_ko.mp3,초급,2
associated,관련된,,흡연은 여러 질병과 관련된 습관이다.,Smoking is a habit associated with several diseases.,associated.png,associated_word_en.mp3,associated_meaning_ko.mp3,associated_example_en.mp3,associated_example_ko.mp3,초급,2
association,협회,,그는 한국 의사 협회의 회원이다.,He is a member of the Korean Medical Association.,association.png,association_word_en.mp3,association_meaning_ko.mp3,association_example_en.mp3,association_example_ko.mp3,초급,2
assume,가정하다,,우리는 그가 이미 알고 있다고 가정했다.,We assumed that he already knew.,assume.png,assume_word_en.mp3,assume_meaning_ko.mp3,assume_example_en.mp3,assume_example_ko.mp3,초급,2
assumption,가정,,그 가정이 틀리면 계획을 바꿔야 한다.,"If that assumption is wrong, we must change the plan.",assumption.png,assumption_word_en.mp3,assumption_meaning_ko.mp3,assumption_example_en.mp3,assumption_example_ko.mp3,초급,2
assure,보장하다,,회사는 제품의 품질을 보장했다.,The company assured the quality of the product.,assure.png,assure_word_en.mp3,assure_meaning_ko.mp3,assure_example_en.mp3,assure_example_ko.mp3,초급,2
astonishing,놀라운,,그 마술사의 공연은 정말 놀라웠다.,The magician's performance was truly astonishing.,astonishing.png,astonishing_word_en.mp3,astonishing_meaning_ko.mp3,astonishing_example_en.mp3,astonishing_example_ko.mp3,초급,2
attachment,첨부 파일,,이메일에 첨부 파일을 넣는 것을 잊지 마세요.,Don't forget to include the attachment in the email.,attachment.png,attachment_word_en.mp3,attachment_meaning_ko.mp3,attachment_example_en.mp3,attachment_example_ko.mp3,초급,2
attempt,시도,,그의 첫 번째 시도는 실패했지만 포기하지 않았어요.,"His first attempt failed, but he did not give up.",attempt.png,attempt_word_en.mp3,attempt_meaning_ko.mp3,attempt_example_en.mp3,attempt_example_ko.mp3,초급,2
auction,경매,,그 그림은 경매에서 아주 비싸게 팔렸어요.,That painting was sold for a very high price at the auction.,auction.png,auction_word_en.mp3,auction_meaning_ko.mp3,auction_example_en.mp3,auction_example_ko.mp3,쇼핑,2
audio,오디오,,이 수업에는 오디오 파일이 포함되어 있어요.,This lesson includes an audio file.,audio.png,audio_word_en.mp3,audio_meaning_ko.mp3,audio_example_en.mp3,audio_example_ko.mp3,초급,2
automatic,자동의,,이 문은 자동의 시스템으로 열립니다.,This door opens with an automatic system.,automatic.png,automatic_word_en.mp3,automatic_meaning_ko.mp3,automatic_example_en.mp3,automatic_example_ko.mp3,초급,2
automatically,자동으로,,컴퓨터가 자동으로 업데이트를 시작했어요.,The computer automatically started the update.,automatically.png,automatically_word_en.mp3,automatically_meaning_ko.mp3,automatically_example_en.mp3,automatically_example_ko.mp3,초급,2
awareness,인식,,환경 보호에 대한 인식이 높아지고 있어요.,Awareness of environmental protection is increasing.,awareness.png,awareness_word_en.mp3,awareness_meaning_ko.mp3,awareness_example_en.mp3,awareness_example_ko.mp3,초급,2
awkward,어색한,,처음 만난 사람과 대화하는 것이 조금 어색했어요.,Talking with someone I met for the first time was a little awkward.,awkward.png,awkward_word_en.mp3,awkward_meaning_ko.mp3,awkward_example_en.mp3,awkward_example_ko.mp3,초급,2
bacteria,세균,,손을 자주 씻으면 세균을 줄일 수 있어요.,"If you wash your hands often, you can reduce bacteria.",bacteria.png,bacteria_word_en.mp3,bacteria_meaning_ko.mp3,bacteria_example_en.mp3,bacteria_example_ko.mp3,초급,2
badge,배지,,직원들은 모두 이름이 적힌 배지를 달고 있어요.,All the employees are wearing badges with their names on them.,badge.png,badge_word_en.mp3,badge_meaning_ko.mp3,badge_example_en.mp3,badge_example_ko.mp3,초급,2
balanced,균형 잡힌,,건강을 위해 균형 잡힌 식사를 해야 해요.,You should eat balanced meals for your health.,balanced.png,balanced_word_en.mp3,balanced_meaning_ko.mp3,balanced_example_en.mp3,balanced_example_ko.mp3,초급,2
ballet,발레,,제 동생은 매주 토요일에 발레를 배워요.,My younger sibling learns ballet every Saturday.,ballet.png,ballet_word_en.mp3,ballet_meaning_ko.mp3,ballet_example_en.mp3,ballet_example_ko.mp3,초급,2
balloon,풍선,,아이들이 빨간 풍선을 들고 뛰어다녔어요.,The children ran around holding red balloons.,balloon.png,balloon_word_en.mp3,balloon_meaning_ko.mp3,balloon_example_en.mp3,balloon_example_ko.mp3,초급,2
barely,간신히,,저는 버스가 떠나기 전에 간신히 도착했어요.,I barely arrived before the bus left.,barely.png,barely_word_en.mp3,barely_meaning_ko.mp3,barely_example_en.mp3,barely_example_ko.mp3,초급,2
bargain,특가품,,이 코트는 가격이 싸서 정말 좋은 특가품이에요.,"This coat is cheap, so it is a really good bargain.",bargain.png,bargain_word_en.mp3,bargain_meaning_ko.mp3,bargain_example_en.mp3,bargain_example_ko.mp3,쇼핑,2
barrier,장벽,,언어는 때때로 사람들 사이의 장벽이 됩니다.,Language sometimes becomes a barrier between people.,barrier.png,barrier_word_en.mp3,barrier_meaning_ko.mp3,barrier_example_en.mp3,barrier_example_ko.mp3,초급,2
basement,지하실,,우리는 지하실에 오래된 책들을 보관해요.,We keep old books in the basement.,basement.png,basement_word_en.mp3,basement_meaning_ko.mp3,basement_example_en.mp3,basement_example_ko.mp3,초급,2
basically,기본적으로,,이 계획은 기본적으로 좋은 생각이에요.,This plan is basically a good idea.,basically.png,basically_word_en.mp3,basically_meaning_ko.mp3,basically_example_en.mp3,basically_example_ko.mp3,초급,2
basket,바구니,,엄마는 바구니에 과일을 담았어요.,Mom put fruit in the basket.,basket.png,basket_word_en.mp3,basket_meaning_ko.mp3,basket_example_en.mp3,basket_example_ko.mp3,쇼핑,2
bat,박쥐,,밤에 박쥐가 동굴에서 날아나왔어요.,A bat flew out of the cave at night.,bat.png,bat_word_en.mp3,bat_meaning_ko.mp3,bat_example_en.mp3,bat_example_ko.mp3,초급,2
beg,간청하다,,아이는 엄마에게 강아지를 키우게 해 달라고 간청했어요.,The child begged his mother to let him have a puppy.,beg.png,beg_word_en.mp3,beg_meaning_ko.mp3,beg_example_en.mp3,beg_example_ko.mp3,초급,2
being,존재,,인간은 생각하는 존재입니다.,Humans are thinking beings.,,being_word_en.mp3,being_meaning_ko.mp3,being_example_en.mp3,being_example_ko.mp3,초급,2
beneficial,유익한,,규칙적인 운동은 건강에 유익한 습관이에요.,Regular exercise is a beneficial habit for health.,beneficial.png,beneficial_word_en.mp3,beneficial_meaning_ko.mp3,beneficial_example_en.mp3,beneficial_example_ko.mp3,초급,2
bent,구부러진,,구부러진 나뭇가지에 새가 앉아 있었어요.,A bird was sitting on the bent tree branch.,bent.png,bent_word_en.mp3,bent_meaning_ko.mp3,bent_example_en.mp3,bent_example_ko.mp3,초급,2
beside,옆에,,제 가방은 의자 옆에 있어요.,My bag is beside the chair.,beside.png,beside_word_en.mp3,beside_meaning_ko.mp3,beside_example_en.mp3,beside_example_ko.mp3,초급,2
besides,게다가,,이 식당은 음식이 맛있어요. 게다가 가격도 싸요.,"This restaurant has delicious food. Besides, the prices are cheap.",besides.png,besides_word_en.mp3,besides_meaning_ko.mp3,besides_example_en.mp3,besides_example_ko.mp3,초급,2
bet,내기하다,,우리는 누가 이길지 내기했어요.,We bet on who would win.,bet.png,bet_word_en.mp3,bet_meaning_ko.mp3,bet_example_en.mp3,bet_example_ko.mp3,초급,2
beyond,너머,,산 너머에 작은 마을이 있어요.,There is a small village beyond the mountain.,beyond.png,beyond_word_en.mp3,beyond_meaning_ko.mp3,beyond_example_en.mp3,beyond_example_ko.mp3,초급,2
bias,편견,,우리는 편견 없이 사람을 대해야 해요.,We should treat people without bias.,bias.png,bias_word_en.mp3,bias_meaning_ko.mp3,bias_example_en.mp3,bias_example_ko.mp3,초급,2
bid,입찰하다,,그 회사는 새 건물 공사에 입찰했어요.,The company bid on the construction of the new building.,bid.png,bid_word_en.mp3,bid_meaning_ko.mp3,bid_example_en.mp3,bid_example_ko.mp3,비즈니스,3
biological,생물학의,,학생들은 생물학의 기본 개념을 배웠어요.,The students learned the basic concepts of biological science.,biological.png,biological_word_en.mp3,biological_meaning_ko.mp3,biological_example_en.mp3,biological_example_ko.mp3,초급,2
bitter,쓴,,이 커피는 설탕이 없어서 아주 써요.,This coffee is very bitter because it has no sugar.,bitter.png,bitter_word_en.mp3,bitter_meaning_ko.mp3,bitter_example_en.mp3,bitter_example_ko.mp3,초급,2
blame,비난하다,,실수했다고 친구를 비난하지 마세요.,Don't blame your friend for making a mistake.,blame.png,blame_word_en.mp3,blame_meaning_ko.mp3,blame_example_en.mp3,blame_example_ko.mp3,초급,2
blanket,담요,,추워서 두꺼운 담요를 덮었어요.,I covered myself with a thick blanket because it was cold.,blanket.png,blanket_word_en.mp3,blanket_meaning_ko.mp3,blanket_example_en.mp3,blanket_example_ko.mp3,초급,2
blind,눈이 먼,,그 눈이 먼 남자는 안내견과 함께 걸었어요.,The blind man walked with a guide dog.,blind.png,blind_word_en.mp3,blind_meaning_ko.mp3,blind_example_en.mp3,blind_example_ko.mp3,초급,2
bold,대담한,,그는 모두 앞에서 대담한 결정을 발표했어요.,He announced a bold decision in front of everyone.,bold.png,bold_word_en.mp3,bold_meaning_ko.mp3,bold_example_en.mp3,bold_example_ko.mp3,초급,2
bombing,폭격,,전쟁 중에 그 도시는 심한 폭격을 받았어요.,The city suffered heavy bombing during the war.,bombing.png,bombing_word_en.mp3,bombing_meaning_ko.mp3,bombing_example_en.mp3,bombing_example_ko.mp3,초급,2
bond,유대,,함께 여행하면서 우리 사이의 유대가 깊어졌어요.,Our bond grew stronger while traveling together.,bond.png,bond_word_en.mp3,bond_meaning_ko.mp3,bond_example_en.mp3,bond_example_ko.mp3,비즈니스,3
booking,예약,,호텔 예약을 확인해 주세요.,Please check the hotel booking.,booking.png,booking_word_en.mp3,booking_meaning_ko.mp3,booking_example_en.mp3,booking_example_ko.mp3,여행,2
boost,증대,,새 광고는 판매 증대에 도움이 되었어요.,The new advertisement helped boost sales.,boost.png,boost_word_en.mp3,boost_meaning_ko.mp3,boost_example_en.mp3,boost_example_ko.mp3,초급,2
bound,향하는,,이 기차는 부산으로 향하는 기차입니다.,This train is bound for Busan.,bound.png,bound_word_en.mp3,bound_meaning_ko.mp3,bound_example_en.mp3,bound_example_ko.mp3,중급,3
breast,가슴,,그녀는 가슴에 손을 얹고 깊게 숨을 쉬었어요.,She put her hand on her breast and took a deep breath.,breast.png,breast_word_en.mp3,breast_meaning_ko.mp3,breast_example_en.mp3,breast_example_ko.mp3,중급,3
brick,벽돌,,그 집은 빨간 벽돌로 지어졌어요.,The house was built with red bricks.,brick.png,brick_word_en.mp3,brick_meaning_ko.mp3,brick_example_en.mp3,brick_example_ko.mp3,중급,3
brief,짧은,,회의 전에 짧은 설명이 있었어요.,There was a brief explanation before the meeting.,brief.png,brief_word_en.mp3,brief_meaning_ko.mp3,brief_example_en.mp3,brief_example_ko.mp3,중급,3
briefly,간단히,,선생님은 문제를 간단히 설명했어요.,The teacher briefly explained the problem.,briefly.png,briefly_word_en.mp3,briefly_meaning_ko.mp3,briefly_example_en.mp3,briefly_example_ko.mp3,중급,3
broad,넓은,,우리는 넓은 길을 따라 걸었어요.,We walked along a broad road.,broad.png,broad_word_en.mp3,broad_meaning_ko.mp3,broad_example_en.mp3,broad_example_ko.mp3,중급,3
broadcast,방송,,오늘 밤 축구 경기 방송을 볼 거예요.,I will watch the broadcast of the soccer game tonight.,broadcast.png,broadcast_word_en.mp3,broadcast_meaning_ko.mp3,broadcast_example_en.mp3,broadcast_example_ko.mp3,중급,3
broadcaster,방송인,,그 방송인은 뉴스를 아주 또렷하게 전달했어요.,The broadcaster delivered the news very clearly.,broadcaster.png,broadcaster_word_en.mp3,broadcaster_meaning_ko.mp3,broadcaster_example_en.mp3,broadcaster_example_ko.mp3,중급,3
broadly,전반적으로,,전반적으로 이번 행사는 성공적이었어요.,"Broadly, this event was successful.",broadly.png,broadly_word_en.mp3,broadly_meaning_ko.mp3,broadly_example_en.mp3,broadly_example_ko.mp3,중급,3
budget,예산,,우리는 여행 예산을 먼저 정했어요.,We decided on the travel budget first.,budget.png,budget_word_en.mp3,budget_meaning_ko.mp3,budget_example_en.mp3,budget_example_ko.mp3,비즈니스,3
bug,벌레,,방 안에 작은 벌레가 들어왔어요.,A small bug came into the room.,bug.png,bug_word_en.mp3,bug_meaning_ko.mp3,bug_example_en.mp3,bug_example_ko.mp3,중급,3
bullet,총알,,경찰은 현장에서 총알을 발견했어요.,The police found a bullet at the scene.,bullet.png,bullet_word_en.mp3,bullet_meaning_ko.mp3,bullet_example_en.mp3,bullet_example_ko.mp3,중급,3
bunch,다발,,그는 꽃 한 다발을 들고 왔어요.,He came with a bunch of flowers.,bunch.png,bunch_word_en.mp3,bunch_meaning_ko.mp3,bunch_example_en.mp3,bunch_example_ko.mp3,중급,3
bush,관목,,고양이가 관목 뒤에 숨어 있었어요.,The cat was hiding behind a bush.,bush.png,bush_word_en.mp3,bush_meaning_ko.mp3,bush_example_en.mp3,bush_example_ko.mp3,중급,3
cabin,오두막집,,우리는 숲속의 작은 오두막집에서 하룻밤을 보냈어요.,We spent one night in a small cabin in the forest.,cabin.png,cabin_word_en.mp3,cabin_meaning_ko.mp3,cabin_example_en.mp3,cabin_example_ko.mp3,여행,2
cable,케이블,,컴퓨터에 케이블을 연결해 주세요.,Please connect the cable to the computer.,cable.png,cable_word_en.mp3,cable_meaning_ko.mp3,cable_example_en.mp3,cable_example_ko.mp3,중급,3
calculate,계산하다,,계산기로 총금액을 계산했어요.,I calculated the total amount with a calculator.,calculate.png,calculate_word_en.mp3,calculate_meaning_ko.mp3,calculate_example_en.mp3,calculate_example_ko.mp3,중급,3
canal,운하,,배가 좁은 운하를 천천히 지나갔어요.,The boat slowly passed through the narrow canal.,canal.png,canal_word_en.mp3,canal_meaning_ko.mp3,canal_example_en.mp3,canal_example_ko.mp3,중급,3
cancel,취소하다,,비가 많이 와서 소풍을 취소했어요.,We canceled the picnic because it rained heavily.,cancel.png,cancel_word_en.mp3,cancel_meaning_ko.mp3,cancel_example_en.mp3,cancel_example_ko.mp3,중급,3
cancer,암,,그 병원은 암 치료로 유명해요.,That hospital is famous for cancer treatment.,cancer.png,cancer_word_en.mp3,cancer_meaning_ko.mp3,cancer_example_en.mp3,cancer_example_ko.mp3,위기탈출,3
candle,양초,,생일 케이크 위에 양초를 꽂았어요.,I put candles on the birthday cake.,candle.png,candle_word_en.mp3,candle_meaning_ko.mp3,candle_example_en.mp3,candle_example_ko.mp3,중급,3
capable,유능한,,지민 씨는 문제를 잘 해결하는 유능한 직원이에요.,Jimin is a capable employee who solves problems well.,capable.png,capable_word_en.mp3,capable_meaning_ko.mp3,capable_example_en.mp3,capable_example_ko.mp3,중급,3
capacity,용량,,이 물병의 용량은 1리터예요.,The capacity of this water bottle is one liter.,capacity.png,capacity_word_en.mp3,capacity_meaning_ko.mp3,capacity_example_en.mp3,capacity_example_ko.mp3,중급,3
capture,붙잡다,,경찰이 도망가는 도둑을 붙잡았어요.,The police captured the thief who was running away.,capture.png,capture_word_en.mp3,capture_meaning_ko.mp3,capture_example_en.mp3,capture_example_ko.mp3,중급,3
carbon,탄소,,탄소는 모든 생명체에 중요한 원소예요.,Carbon is an important element for all living things.,carbon.png,carbon_word_en.mp3,carbon_meaning_ko.mp3,carbon_example_en.mp3,carbon_example_ko.mp3,중급,3
cast,배역,,그 배우는 새 드라마에서 중요한 배역을 맡았어요.,The actor got an important role in the new drama.,cast.png,cast_word_en.mp3,cast_meaning_ko.mp3,cast_example_en.mp3,cast_example_ko.mp3,중급,3
casual,편한,,오늘은 편한 옷을 입고 학교에 갔어요.,Today I wore casual clothes to school.,casual.png,casual_word_en.mp3,casual_meaning_ko.mp3,casual_example_en.mp3,casual_example_ko.mp3,중급,3
cave,동굴,,우리는 산속의 어두운 동굴에 들어갔어요.,We entered a dark cave in the mountains.,cave.png,cave_word_en.mp3,cave_meaning_ko.mp3,cave_example_en.mp3,cave_example_ko.mp3,중급,3
cell,세포,,우리 몸은 많은 세포로 이루어져 있어요.,Our body is made up of many cells.,cell.png,cell_word_en.mp3,cell_meaning_ko.mp3,cell_example_en.mp3,cell_example_ko.mp3,위기탈출,3
certainty,확실성,,그 소식의 확실성을 아직 확인하지 못했어요.,I have not confirmed the certainty of that news yet.,certainty.png,certainty_word_en.mp3,certainty_meaning_ko.mp3,certainty_example_en.mp3,certainty_example_ko.mp3,중급,3
certificate,증명서,,졸업 후에 학교에서 증명서를 받았어요.,I received a certificate from the school after graduation.,certificate.png,certificate_word_en.mp3,certificate_meaning_ko.mp3,certificate_example_en.mp3,certificate_example_ko.mp3,중급,3
chairman,회장,,회장이 회의를 시작했어요.,The chairman started the meeting.,chairman.png,chairman_word_en.mp3,chairman_meaning_ko.mp3,chairman_example_en.mp3,chairman_example_ko.mp3,비즈니스,3
challenging,어려운,,이 수학 문제는 정말 어려운 문제예요.,This math problem is a really challenging problem.,challenging.png,challenging_word_en.mp3,challenging_meaning_ko.mp3,challenging_example_en.mp3,challenging_example_ko.mp3,중급,3
championship,선수권 대회,,우리 팀은 전국 선수권 대회에 참가했어요.,Our team participated in the national championship.,championship.png,championship_word_en.mp3,championship_meaning_ko.mp3,championship_example_en.mp3,championship_example_ko.mp3,중급,3
characteristic,특징,,이 새의 가장 큰 특징은 긴 꼬리예요.,The main characteristic of this bird is its long tail.,characteristic.png,characteristic_word_en.mp3,characteristic_meaning_ko.mp3,characteristic_example_en.mp3,characteristic_example_ko.mp3,중급,3
charming,매력적인,,그 카페는 작지만 매력적인 곳이에요.,That cafe is small but charming.,charming.png,charming_word_en.mp3,charming_meaning_ko.mp3,charming_example_en.mp3,charming_example_ko.mp3,중급,3
chase,쫓아가다,,강아지가 공을 쫓아갔어요.,The dog chased the ball.,chase.png,chase_word_en.mp3,chase_meaning_ko.mp3,chase_example_en.mp3,chase_example_ko.mp3,중급,3
cheek,뺨,,아기의 뺨이 빨갛게 변했어요.,The baby's cheeks turned red.,cheek.png,cheek_word_en.mp3,cheek_meaning_ko.mp3,cheek_example_en.mp3,cheek_example_ko.mp3,중급,3
cheer,응원하다,,친구들이 경기장에서 우리 팀을 응원했어요.,My friends cheered for our team at the stadium.,cheer.png,cheer_word_en.mp3,cheer_meaning_ko.mp3,cheer_example_en.mp3,cheer_example_ko.mp3,중급,3
chief,장,,소방서장이 사고 현장에 도착했어요.,The fire chief arrived at the accident scene.,chief.png,chief_word_en.mp3,chief_meaning_ko.mp3,chief_example_en.mp3,chief_example_ko.mp3,중급,3
choir,합창단,,학교 합창단이 축제에서 노래를 불렀어요.,The school choir sang at the festival.,choir.png,choir_word_en.mp3,choir_meaning_ko.mp3,choir_example_en.mp3,choir_example_ko.mp3,중급,3
chop,자르다,,엄마가 저녁을 위해 채소를 잘랐어요.,Mom chopped vegetables for dinner.,chop.png,chop_word_en.mp3,chop_meaning_ko.mp3,chop_example_en.mp3,chop_example_ko.mp3,중급,3
circuit,회로,,전기 회로가 고장 나서 불이 켜지지 않아요.,"The electric circuit is broken, so the light does not turn on.",circuit.png,circuit_word_en.mp3,circuit_meaning_ko.mp3,circuit_example_en.mp3,circuit_example_ko.mp3,중급,3
circumstance,상황,,지금 상황에서는 기다리는 것이 좋아요.,"In this circumstance, it is better to wait.",circumstance.png,circumstance_word_en.mp3,circumstance_meaning_ko.mp3,circumstance_example_en.mp3,circumstance_example_ko.mp3,중급,3
cite,인용하다,,학생은 보고서에 유명한 책의 문장을 인용했어요.,The student cited a sentence from a famous book in the report.,cite.png,cite_word_en.mp3,cite_meaning_ko.mp3,cite_example_en.mp3,cite_example_ko.mp3,중급,3
citizen,시민,,모든 시민은 깨끗한 도시를 만들기 위해 노력해야 해요.,Every citizen should try to make the city clean.,citizen.png,citizen_word_en.mp3,citizen_meaning_ko.mp3,citizen_example_en.mp3,citizen_example_ko.mp3,중급,3
civil,시민의,,시민의 권리는 법으로 보호받아요.,Civil rights are protected by law.,civil.png,civil_word_en.mp3,civil_meaning_ko.mp3,civil_example_en.mp3,civil_example_ko.mp3,중급,3
civilization,문명,,고대 이집트 문명은 매우 오래되었어요.,Ancient Egyptian civilization is very old.,civilization.png,civilization_word_en.mp3,civilization_meaning_ko.mp3,civilization_example_en.mp3,civilization_example_ko.mp3,중급,3
clarify,명확하게 하다,,선생님이 어려운 내용을 명확하게 했어요.,The teacher clarified the difficult content.,clarify.png,clarify_word_en.mp3,clarify_meaning_ko.mp3,clarify_example_en.mp3,clarify_example_ko.mp3,중급,3
classic,고전적인,,그 식당은 고전적인 분위기로 유명해요.,That restaurant is famous for its classic atmosphere.,classic.png,classic_word_en.mp3,classic_meaning_ko.mp3,classic_example_en.mp3,classic_example_ko.mp3,중급,3
classify,분류하다,,도서관에서는 책을 주제별로 분류해요.,The library classifies books by subject.,classify.png,classify_word_en.mp3,classify_meaning_ko.mp3,classify_example_en.mp3,classify_example_ko.mp3,중급,3
clerk,점원,,점원이 손님에게 가격을 알려 주었어요.,The clerk told the customer the price.,clerk.png,clerk_word_en.mp3,clerk_meaning_ko.mp3,clerk_example_en.mp3,clerk_example_ko.mp3,중급,3
cliff,절벽,,절벽 아래로 파도가 세게 쳤어요.,The waves hit strongly below the cliff.,cliff.png,cliff_word_en.mp3,cliff_meaning_ko.mp3,cliff_example_en.mp3,cliff_example_ko.mp3,중급,3
clinic,진료소,,감기에 걸려서 동네 진료소에 갔어요.,"I caught a cold, so I went to the local clinic.",clinic.png,clinic_word_en.mp3,clinic_meaning_ko.mp3,clinic_example_en.mp3,clinic_example_ko.mp3,중급,3
clip,클립,,나는 종이들을 클립으로 묶었어요.,I fastened the papers with a clip.,clip.png,clip_word_en.mp3,clip_meaning_ko.mp3,clip_example_en.mp3,clip_example_ko.mp3,중급,3
closely,자세히,,경찰은 사건의 단서를 자세히 살펴보았어요.,The police looked closely at the clues of the case.,closely.png,closely_word_en.mp3,closely_meaning_ko.mp3,closely_example_en.mp3,closely_example_ko.mp3,중급,3
coincidence,우연의 일치,,같은 옷을 입고 온 것은 우연의 일치였어요.,It was a coincidence that we came wearing the same clothes.,coincidence.png,coincidence_word_en.mp3,coincidence_meaning_ko.mp3,coincidence_example_en.mp3,coincidence_example_ko.mp3,중급,3
collapse,무너지다,,오래된 건물이 갑자기 무너졌어요.,The old building suddenly collapsed.,collapse.png,collapse_word_en.mp3,collapse_meaning_ko.mp3,collapse_example_en.mp3,collapse_example_ko.mp3,위기탈출,3
collector,수집가,,그는 오래된 우표를 모으는 수집가예요.,He is a collector of old stamps.,collector.png,collector_word_en.mp3,collector_meaning_ko.mp3,collector_example_en.mp3,collector_example_ko.mp3,중급,3
colony,식민지,,그 나라는 과거에 다른 나라의 식민지였어요.,That country was a colony of another country in the past.,colony.png,colony_word_en.mp3,colony_meaning_ko.mp3,colony_example_en.mp3,colony_example_ko.mp3,중급,3
colourful,다채로운,,아이들은 다채로운 풍선을 들고 있었어요.,The children were holding colourful balloons.,colourful.png,colourful_word_en.mp3,colourful_meaning_ko.mp3,colourful_example_en.mp3,colourful_example_ko.mp3,중급,3
combination,조합,,파란색과 흰색의 조합이 아주 예뻐요.,The combination of blue and white is very pretty.,combination.png,combination_word_en.mp3,combination_meaning_ko.mp3,combination_example_en.mp3,combination_example_ko.mp3,중급,3
comfort,편안함,,이 의자는 편안함을 줘요.,This chair gives comfort.,comfort.png,comfort_word_en.mp3,comfort_meaning_ko.mp3,comfort_example_en.mp3,comfort_example_ko.mp3,중급,3
comic,만화책,,동생은 주말마다 만화책을 읽어요.,My younger sibling reads comic books every weekend.,comic.png,comic_word_en.mp3,comic_meaning_ko.mp3,comic_example_en.mp3,comic_example_ko.mp3,중급,3
command,명령,,군인은 사령관의 명령을 따랐어요.,The soldier followed the command of the commander.,command.png,command_word_en.mp3,command_meaning_ko.mp3,command_example_en.mp3,command_example_ko.mp3,중급,3
commander,사령관,,사령관은 병사들에게 안전하게 이동하라고 말했어요.,The commander told the soldiers to move safely.,commander.png,commander_word_en.mp3,commander_meaning_ko.mp3,commander_example_en.mp3,commander_example_ko.mp3,중급,3
commission,수수료,,그 회사는 판매 금액의 5퍼센트를 수수료로 받아요.,The company takes five percent of the sales amount as commission.,commission.png,commission_word_en.mp3,commission_meaning_ko.mp3,commission_example_en.mp3,commission_example_ko.mp3,비즈니스,3
commitment,헌신,,그 의사는 환자들에 대한 헌신으로 존경받아요.,The doctor is respected for her commitment to patients.,commitment.png,commitment_word_en.mp3,commitment_meaning_ko.mp3,commitment_example_en.mp3,commitment_example_ko.mp3,중급,3
committee,위원회,,위원회는 다음 주에 새 계획을 발표할 거예요.,The committee will announce a new plan next week.,committee.png,committee_word_en.mp3,committee_meaning_ko.mp3,committee_example_en.mp3,committee_example_ko.mp3,비즈니스,3
commonly,일반적으로,,한국에서는 일반적으로 밥을 숟가락으로 먹어요.,"In Korea, people commonly eat rice with a spoon.",commonly.png,commonly_word_en.mp3,commonly_meaning_ko.mp3,commonly_example_en.mp3,commonly_example_ko.mp3,중급,3
comparative,비교의,,이 글은 두 나라 문화에 대한 비교의 내용을 담고 있어요.,This writing contains comparative content about the cultures of two countries.,comparative.png,comparative_word_en.mp3,comparative_meaning_ko.mp3,comparative_example_en.mp3,comparative_example_ko.mp3,중급,3
completion,완성,,건물의 완성까지 6개월이 남았어요.,Six months remain until the completion of the building.,completion.png,completion_word_en.mp3,completion_meaning_ko.mp3,completion_example_en.mp3,completion_example_ko.mp3,중급,3
complicated,복잡한,,이 기계의 사용 방법은 조금 복잡해요.,The way to use this machine is a little complicated.,complicated.png,complicated_word_en.mp3,complicated_meaning_ko.mp3,complicated_example_en.mp3,complicated_example_ko.mp3,중급,3
component,구성 요소,,배터리는 휴대폰의 중요한 구성 요소예요.,The battery is an important component of a cell phone.,component.png,component_word_en.mp3,component_meaning_ko.mp3,component_example_en.mp3,component_example_ko.mp3,중급,3
compose,작곡하다,,그 음악가는 아름다운 노래를 작곡했어요.,The musician composed a beautiful song.,compose.png,compose_word_en.mp3,compose_meaning_ko.mp3,compose_example_en.mp3,compose_example_ko.mp3,중급,3
composer,작곡가,,베토벤은 유명한 작곡가예요.,Beethoven is a famous composer.,composer.png,composer_word_en.mp3,composer_meaning_ko.mp3,composer_example_en.mp3,composer_example_ko.mp3,중급,3
compound,화합물,,물은 수소와 산소로 이루어진 화합물이에요.,Water is a compound made of hydrogen and oxygen.,compound.png,compound_word_en.mp3,compound_meaning_ko.mp3,compound_example_en.mp3,compound_example_ko.mp3,중급,3
comprehensive,포괄적인,,선생님은 시험 전에 포괄적인 복습 자료를 주셨어요.,The teacher gave us comprehensive review materials before the test.,comprehensive.png,comprehensive_word_en.mp3,comprehensive_meaning_ko.mp3,comprehensive_example_en.mp3,comprehensive_example_ko.mp3,중급,3
comprise,구성하다,,다섯 명의 학생이 우리 모둠을 구성해요.,Five students comprise our group.,comprise.png,comprise_word_en.mp3,comprise_meaning_ko.mp3,comprise_example_en.mp3,comprise_example_ko.mp3,중급,3
compulsory,의무적인,,이 학교에서는 체육 수업이 의무적인 과목이에요.,"At this school, physical education is a compulsory subject.",compulsory.png,compulsory_word_en.mp3,compulsory_meaning_ko.mp3,compulsory_example_en.mp3,compulsory_example_ko.mp3,중급,3
concentration,집중,,시험을 볼 때는 집중이 필요해요.,Concentration is necessary when taking a test.,concentration.png,concentration_word_en.mp3,concentration_meaning_ko.mp3,concentration_example_en.mp3,concentration_example_ko.mp3,중급,3
concept,개념,,이 개념은 처음에는 조금 어려워요.,This concept is a little difficult at first.,concept.png,concept_word_en.mp3,concept_meaning_ko.mp3,concept_example_en.mp3,concept_example_ko.mp3,중급,3
concern,걱정,,부모님의 걱정은 모두 나를 위한 것이에요.,My parents' concern is all for me.,concern.png,concern_word_en.mp3,concern_meaning_ko.mp3,concern_example_en.mp3,concern_example_ko.mp3,중급,3
concerned,걱정하는,,선생님은 아픈 학생을 걱정하는 표정으로 바라보셨어요.,The teacher looked at the sick student with a concerned expression.,concerned.png,concerned_word_en.mp3,concerned_meaning_ko.mp3,concerned_example_en.mp3,concerned_example_ko.mp3,중급,3
concrete,콘크리트,,이 건물은 콘크리트로 지어졌어요.,This building was built with concrete.,concrete.png,concrete_word_en.mp3,concrete_meaning_ko.mp3,concrete_example_en.mp3,concrete_example_ko.mp3,중급,3
conduct,수행하다,,회사는 다음 달에 설문 조사를 수행할 예정이에요.,The company plans to conduct a survey next month.,conduct.png,conduct_word_en.mp3,conduct_meaning_ko.mp3,conduct_example_en.mp3,conduct_example_ko.mp3,중급,3
confess,고백하다,,그는 친구에게 자신의 실수를 고백했어요.,He confessed his mistake to his friend.,confess.png,confess_word_en.mp3,confess_meaning_ko.mp3,confess_example_en.mp3,confess_example_ko.mp3,중급,3
confidence,자신감,,발표를 많이 연습하니 자신감이 생겼어요.,"After practicing the presentation a lot, I gained confidence.",confidence.png,confidence_word_en.mp3,confidence_meaning_ko.mp3,confidence_example_en.mp3,confidence_example_ko.mp3,중급,3
conflict,분쟁,,두 나라 사이에 긴 분쟁이 계속되고 있어요.,A long conflict continues between the two countries.,conflict.png,conflict_word_en.mp3,conflict_meaning_ko.mp3,conflict_example_en.mp3,conflict_example_ko.mp3,중급,3
confusing,헷갈리는,,이 설명은 너무 헷갈리는 것 같아요.,This explanation seems too confusing.,confusing.png,confusing_word_en.mp3,confusing_meaning_ko.mp3,confusing_example_en.mp3,confusing_example_ko.mp3,중급,3
confusion,혼란,,갑작스러운 일정 변경으로 혼란이 생겼어요.,Confusion arose because of the sudden schedule change.,confusion.png,confusion_word_en.mp3,confusion_meaning_ko.mp3,confusion_example_en.mp3,confusion_example_ko.mp3,중급,3
conscious,의식이 있는,,사고 후에도 그는 의식이 있는 상태였어요.,"Even after the accident, he was conscious.",conscious.png,conscious_word_en.mp3,conscious_meaning_ko.mp3,conscious_example_en.mp3,conscious_example_ko.mp3,중급,3
consequently,그 결과로,,"비가 많이 왔고, 그 결과로 경기가 취소되었어요.","It rained a lot, and consequently the game was canceled.",consequently.png,consequently_word_en.mp3,consequently_meaning_ko.mp3,consequently_example_en.mp3,consequently_example_ko.mp3,중급,3
conservation,보호,,우리는 자연 보호를 위해 쓰레기를 줄여야 해요.,We should reduce trash for the conservation of nature.,conservation.png,conservation_word_en.mp3,conservation_meaning_ko.mp3,conservation_example_en.mp3,conservation_example_ko.mp3,중급,3
conservative,보수적인,,할아버지는 옷차림에 대해 보수적인 생각을 가지고 계세요.,My grandfather has conservative ideas about clothing.,conservative.png,conservative_word_en.mp3,conservative_meaning_ko.mp3,conservative_example_en.mp3,conservative_example_ko.mp3,중급,3
considerable,상당한,,그 프로젝트에는 상당한 시간이 필요해요.,That project requires considerable time.,considerable.png,considerable_word_en.mp3,considerable_meaning_ko.mp3,considerable_example_en.mp3,considerable_example_ko.mp3,중급,3
considerably,상당히,,새 약을 먹은 후 통증이 상당히 줄었어요.,"After taking the new medicine, the pain decreased considerably.",considerably.png,considerably_word_en.mp3,considerably_meaning_ko.mp3,considerably_example_en.mp3,considerably_example_ko.mp3,중급,3
consideration,고려,,결정을 하기 전에 여러 가지 고려가 필요해요.,Several considerations are needed before making a decision.,consideration.png,consideration_word_en.mp3,consideration_meaning_ko.mp3,consideration_example_en.mp3,consideration_example_ko.mp3,중급,3
consistent,일관된,,그는 항상 일관된 태도로 사람들을 대해요.,He always treats people with a consistent attitude.,consistent.png,consistent_word_en.mp3,consistent_meaning_ko.mp3,consistent_example_en.mp3,consistent_example_ko.mp3,중급,3
consistently,일관되게,,그 학생은 일관되게 좋은 성적을 받았어요.,That student consistently received good grades.,consistently.png,consistently_word_en.mp3,consistently_meaning_ko.mp3,consistently_example_en.mp3,consistently_example_ko.mp3,중급,3
conspiracy,음모,,그 사건 뒤에는 큰 음모가 있었다고 해요.,They say there was a big conspiracy behind the incident.,conspiracy.png,conspiracy_word_en.mp3,conspiracy_meaning_ko.mp3,conspiracy_example_en.mp3,conspiracy_example_ko.mp3,중급,3
constant,끊임없는,,끊임없는 연습이 실력을 키워 줘요.,Constant practice improves your skills.,constant.png,constant_word_en.mp3,constant_meaning_ko.mp3,constant_example_en.mp3,constant_example_ko.mp3,중급,3
constantly,끊임없이,,그 아이는 끊임없이 질문을 해요.,That child constantly asks questions.,constantly.png,constantly_word_en.mp3,constantly_meaning_ko.mp3,constantly_example_en.mp3,constantly_example_ko.mp3,중급,3
construct,건설하다,,시는 강 위에 새 다리를 건설할 계획이에요.,The city plans to construct a new bridge over the river.,construct.png,construct_word_en.mp3,construct_meaning_ko.mp3,construct_example_en.mp3,construct_example_ko.mp3,중급,3
construction,건설,,학교 앞에서 건설 공사가 진행 중이에요.,Construction work is in progress in front of the school.,construction.png,construction_word_en.mp3,construction_meaning_ko.mp3,construction_example_en.mp3,construction_example_ko.mp3,중급,3
consult,상의하다,,중요한 문제는 가족과 상의하는 것이 좋아요.,It is good to consult with your family about important problems.,consult.png,consult_word_en.mp3,consult_meaning_ko.mp3,consult_example_en.mp3,consult_example_ko.mp3,중급,3
consultant,컨설턴트,,그 회사는 새로운 컨설턴트를 고용했어요.,The company hired a new consultant.,consultant.png,consultant_word_en.mp3,consultant_meaning_ko.mp3,consultant_example_en.mp3,consultant_example_ko.mp3,비즈니스,3
consumption,소비,,전기 소비를 줄이면 돈을 절약할 수 있어요.,"If you reduce electricity consumption, you can save money.",consumption.png,consumption_word_en.mp3,consumption_meaning_ko.mp3,consumption_example_en.mp3,consumption_example_ko.mp3,중급,3
contemporary,현대의,,이 미술관에는 현대의 작품이 많이 있어요.,This art museum has many contemporary works.,contemporary.png,contemporary_word_en.mp3,contemporary_meaning_ko.mp3,contemporary_example_en.mp3,contemporary_example_ko.mp3,중급,3
contest,대회,,저는 노래 대회에 참가했어요.,I participated in a singing contest.,contest.png,contest_word_en.mp3,contest_meaning_ko.mp3,contest_example_en.mp3,contest_example_ko.mp3,중급,3
contract,계약,,우리는 집을 사기 전에 계약을 확인했어요.,We checked the contract before buying the house.,contract.png,contract_word_en.mp3,contract_meaning_ko.mp3,contract_example_en.mp3,contract_example_ko.mp3,비즈니스,3
contribute,기여하다,,작은 도움이 큰 변화에 기여할 수 있어요.,Small help can contribute to a big change.,contribute.png,contribute_word_en.mp3,contribute_meaning_ko.mp3,contribute_example_en.mp3,contribute_example_ko.mp3,중급,3
contribution,기여,,그의 기여 덕분에 프로젝트가 성공했어요.,"Thanks to his contribution, the project succeeded.",contribution.png,contribution_word_en.mp3,contribution_meaning_ko.mp3,contribution_example_en.mp3,contribution_example_ko.mp3,중급,3
controversial,논란의 여지가 있는,,그 영화는 논란의 여지가 있는 주제를 다뤘어요.,The movie dealt with a controversial topic.,controversial.png,controversial_word_en.mp3,controversial_meaning_ko.mp3,controversial_example_en.mp3,controversial_example_ko.mp3,중급,3
controversy,논란,,그 발언은 큰 논란을 일으켰어요.,That remark caused a big controversy.,controversy.png,controversy_word_en.mp3,controversy_meaning_ko.mp3,controversy_example_en.mp3,controversy_example_ko.mp3,중급,3
convenience,편리,,이 앱은 사용자의 편리를 위해 만들어졌어요.,This app was made for users' convenience.,convenience.png,convenience_word_en.mp3,convenience_meaning_ko.mp3,convenience_example_en.mp3,convenience_example_ko.mp3,중급,3
convention,관습,,한국에는 명절에 가족이 모이는 관습이 있어요.,"In Korea, there is a convention of families gathering on holidays.",convention.png,convention_word_en.mp3,convention_meaning_ko.mp3,convention_example_en.mp3,convention_example_ko.mp3,중급,3
conventional,전통적인,,그 식당은 전통적인 방식으로 음식을 만들어요.,That restaurant makes food in a conventional way.,conventional.png,conventional_word_en.mp3,conventional_meaning_ko.mp3,conventional_example_en.mp3,conventional_example_ko.mp3,중급,3
convert,전환하다,,이 프로그램은 파일 형식을 쉽게 전환해 줘요.,This program easily converts file formats.,convert.png,convert_word_en.mp3,convert_meaning_ko.mp3,convert_example_en.mp3,convert_example_ko.mp3,중급,3
convey,전달하다,,그 편지는 그의 마음을 잘 전달했어요.,The letter conveyed his feelings well.,convey.png,convey_word_en.mp3,convey_meaning_ko.mp3,convey_example_en.mp3,convey_example_ko.mp3,중급,3
convinced,확신하는,,저는 그가 성공할 것이라고 확신하는 마음이 있어요.,I am convinced that he will succeed.,convinced.png,convinced_word_en.mp3,convinced_meaning_ko.mp3,convinced_example_en.mp3,convinced_example_ko.mp3,중급,3
convincing,설득력 있는,,그의 설명은 매우 설득력 있는 답변이었어요.,His explanation was a very convincing answer.,convincing.png,convincing_word_en.mp3,convincing_meaning_ko.mp3,convincing_example_en.mp3,convincing_example_ko.mp3,중급,3
cope,대처하다,,스트레스에 잘 대처하는 방법을 배워야 해요.,You should learn how to cope well with stress.,cope.png,cope_word_en.mp3,cope_meaning_ko.mp3,cope_example_en.mp3,cope_example_ko.mp3,중급,3
core,핵심,,이 문제의 핵심은 시간 부족이에요.,The core of this problem is a lack of time.,core.png,core_word_en.mp3,core_meaning_ko.mp3,core_example_en.mp3,core_example_ko.mp3,중급,3
corporate,회사의,,그는 회사의 중요한 결정을 맡고 있어요.,He is in charge of important corporate decisions.,corporate.png,corporate_word_en.mp3,corporate_meaning_ko.mp3,corporate_example_en.mp3,corporate_example_ko.mp3,비즈니스,3
corporation,회사,,그 회사는 전 세계에 지사가 있어요.,That corporation has branches all over the world.,corporation.png,corporation_word_en.mp3,corporation_meaning_ko.mp3,corporation_example_en.mp3,corporation_example_ko.mp3,비즈니스,3
corridor,복도,,학생들이 복도에서 조용히 걸어갔어요.,The students walked quietly in the corridor.,corridor.png,corridor_word_en.mp3,corridor_meaning_ko.mp3,corridor_example_en.mp3,corridor_example_ko.mp3,중급,3
council,의회,,시 의회는 새로운 법안을 논의했어요.,The city council discussed a new bill.,council.png,council_word_en.mp3,council_meaning_ko.mp3,council_example_en.mp3,council_example_ko.mp3,중급,3
counter,계산대,,계산대에서 영수증을 받았어요.,I received a receipt at the counter.,counter.png,counter_word_en.mp3,counter_meaning_ko.mp3,counter_example_en.mp3,counter_example_ko.mp3,중급,3
county,군,,그는 작은 군에서 태어났어요.,He was born in a small county.,county.png,county_word_en.mp3,county_meaning_ko.mp3,county_example_en.mp3,county_example_ko.mp3,중급,3
courage,용기,,그녀는 용기를 내서 사람들 앞에서 말했어요.,She gathered her courage and spoke in front of people.,courage.png,courage_word_en.mp3,courage_meaning_ko.mp3,courage_example_en.mp3,courage_example_ko.mp3,중급,3
coverage,보도,,그 사건에 대한 뉴스 보도가 계속되고 있어요.,News coverage of the incident is continuing.,coverage.png,coverage_word_en.mp3,coverage_meaning_ko.mp3,coverage_example_en.mp3,coverage_example_ko.mp3,중급,3
crack,금,,벽에 작은 금이 생겼어요.,A small crack appeared in the wall.,crack.png,crack_word_en.mp3,crack_meaning_ko.mp3,crack_example_en.mp3,crack_example_ko.mp3,중급,3
craft,수공예,,아이들은 수공예 시간에 종이 꽃을 만들었어요.,The children made paper flowers during craft class.,craft.png,craft_word_en.mp3,craft_meaning_ko.mp3,craft_example_en.mp3,craft_example_ko.mp3,중급,3
crash,충돌하다,,두 차가 교차로에서 충돌했어요.,Two cars crashed at the intersection.,crash.png,crash_word_en.mp3,crash_meaning_ko.mp3,crash_example_en.mp3,crash_example_ko.mp3,위기탈출,3
creation,창작,,이 작품은 작가의 창작에서 시작되었어요.,This work began with the artist's creation.,creation.png,creation_word_en.mp3,creation_meaning_ko.mp3,creation_example_en.mp3,creation_example_ko.mp3,중급,3
creativity,창조성,,그 수업은 학생들의 창조성을 키워 줘요.,That class develops students' creativity.,creativity.png,creativity_word_en.mp3,creativity_meaning_ko.mp3,creativity_example_en.mp3,creativity_example_ko.mp3,중급,3
creature,생물,,바다에는 신기한 생물이 많이 살아요.,Many amazing creatures live in the sea.,creature.png,creature_word_en.mp3,creature_meaning_ko.mp3,creature_example_en.mp3,creature_example_ko.mp3,중급,3
crew,승무원,,승무원이 승객들에게 안전 안내를 했어요.,The crew gave safety instructions to the passengers.,crew.png,crew_word_en.mp3,crew_meaning_ko.mp3,crew_example_en.mp3,crew_example_ko.mp3,중급,3
crisis,위기,,회사는 큰 위기를 잘 극복했어요.,The company overcame a major crisis well.,crisis.png,crisis_word_en.mp3,crisis_meaning_ko.mp3,crisis_example_en.mp3,crisis_example_ko.mp3,중급,3
criterion,기준,,이 시험의 합격 기준은 70점입니다.,The passing criterion for this test is 70 points.,criterion.png,criterion_word_en.mp3,criterion_meaning_ko.mp3,criterion_example_en.mp3,criterion_example_ko.mp3,중급,3
critic,비평가,,그 비평가는 새 영화를 좋게 평가했습니다.,The critic reviewed the new movie positively.,critic.png,critic_word_en.mp3,critic_meaning_ko.mp3,critic_example_en.mp3,critic_example_ko.mp3,중급,3
critical,중대한,,지금은 회사의 미래를 결정할 중대한 시기입니다.,Now is a critical time that will decide the company's future.,critical.png,critical_word_en.mp3,critical_meaning_ko.mp3,critical_example_en.mp3,critical_example_ko.mp3,중급,3
critically,비판적으로,,우리는 그 문제를 비판적으로 생각해야 합니다.,We should think about that issue critically.,critically.png,critically_word_en.mp3,critically_meaning_ko.mp3,critically_example_en.mp3,critically_example_ko.mp3,중급,3
criticism,비판,,그의 말에는 날카로운 비판이 담겨 있었습니다.,His words contained sharp criticism.,criticism.png,criticism_word_en.mp3,criticism_meaning_ko.mp3,criticism_example_en.mp3,criticism_example_ko.mp3,중급,3
criticize,비판하다,,선생님은 학생을 비판하기보다 도와주려고 했습니다.,The teacher tried to help the student rather than criticize him.,criticize.png,criticize_word_en.mp3,criticize_meaning_ko.mp3,criticize_example_en.mp3,criticize_example_ko.mp3,중급,3
crop,작물,,올해는 비가 많이 와서 작물이 잘 자랐습니다.,"This year, the crops grew well because it rained a lot.",crop.png,crop_word_en.mp3,crop_meaning_ko.mp3,crop_example_en.mp3,crop_example_ko.mp3,중급,3
crucial,아주 중요한,,충분한 연습은 성공에 아주 중요한 요소입니다.,Enough practice is a crucial factor for success.,crucial.png,crucial_word_en.mp3,crucial_meaning_ko.mp3,crucial_example_en.mp3,crucial_example_ko.mp3,중급,3
cruise,유람선 여행,,부모님은 결혼기념일에 유람선 여행을 가셨습니다.,My parents went on a cruise for their wedding anniversary.,cruise.png,cruise_word_en.mp3,cruise_meaning_ko.mp3,cruise_example_en.mp3,cruise_example_ko.mp3,여행,2
cue,신호,,불이 꺼지는 것이 공연 시작의 신호입니다.,The lights going off is the cue for the performance to begin.,cue.png,cue_word_en.mp3,cue_meaning_ko.mp3,cue_example_en.mp3,cue_example_ko.mp3,중급,3
cure,치료법,,과학자들은 그 병의 치료법을 찾고 있습니다.,Scientists are looking for a cure for the disease.,cure.png,cure_word_en.mp3,cure_meaning_ko.mp3,cure_example_en.mp3,cure_example_ko.mp3,위기탈출,3
curious,호기심이 많은,,그 아이는 호기심이 많은 성격입니다.,The child has a curious personality.,curious.png,curious_word_en.mp3,curious_meaning_ko.mp3,curious_example_en.mp3,curious_example_ko.mp3,중급,3
curriculum,교과 과정,,우리 학교의 교과 과정에는 한국 역사 수업이 포함되어 있습니다.,Our school's curriculum includes Korean history classes.,curriculum.png,curriculum_word_en.mp3,curriculum_meaning_ko.mp3,curriculum_example_en.mp3,curriculum_example_ko.mp3,중급,3
curve,곡선,,종이에 부드러운 곡선을 그려 보세요.,Try drawing a smooth curve on the paper.,curve.png,curve_word_en.mp3,curve_meaning_ko.mp3,curve_example_en.mp3,curve_example_ko.mp3,중급,3
curved,구부러진,,그 길은 산을 따라 구부러진 모양입니다.,The road is curved along the mountain.,curved.png,curved_word_en.mp3,curved_meaning_ko.mp3,curved_example_en.mp3,curved_example_ko.mp3,중급,3
cute,귀여운,,그 강아지는 정말 귀여운 얼굴을 하고 있습니다.,The puppy has a really cute face.,cute.png,cute_word_en.mp3,cute_meaning_ko.mp3,cute_example_en.mp3,cute_example_ko.mp3,중급,3
dairy,유제품,,우유와 치즈 같은 유제품을 냉장고에 넣었습니다.,I put dairy products like milk and cheese in the refrigerator.,dairy.png,dairy_word_en.mp3,dairy_meaning_ko.mp3,dairy_example_en.mp3,dairy_example_ko.mp3,중급,3
dare,감히 하다,,나는 감히 선생님께 거짓말을 하지 못했습니다.,I did not dare to lie to the teacher.,dare.png,dare_word_en.mp3,dare_meaning_ko.mp3,dare_example_en.mp3,dare_example_ko.mp3,중급,3
darkness,어둠,,정전이 되자 방 안은 어둠으로 가득 찼습니다.,"When the power went out, the room was filled with darkness.",darkness.png,darkness_word_en.mp3,darkness_meaning_ko.mp3,darkness_example_en.mp3,darkness_example_ko.mp3,중급,3
database,데이터베이스,,회사는 고객 정보를 데이터베이스에 저장합니다.,The company stores customer information in a database.,database.png,database_word_en.mp3,database_meaning_ko.mp3,database_example_en.mp3,database_example_ko.mp3,중급,3
deadline,마감일,,보고서 마감일은 이번 금요일입니다.,The deadline for the report is this Friday.,deadline.png,deadline_word_en.mp3,deadline_meaning_ko.mp3,deadline_example_en.mp3,deadline_example_ko.mp3,비즈니스,3
deadly,치명적인,,그 독은 사람에게 치명적인 영향을 줄 수 있습니다.,That poison can have a deadly effect on people.,deadly.png,deadly_word_en.mp3,deadly_meaning_ko.mp3,deadly_example_en.mp3,deadly_example_ko.mp3,중급,3
dealer,판매업자,,그는 중고차 판매업자로 일합니다.,He works as a used car dealer.,dealer.png,dealer_word_en.mp3,dealer_meaning_ko.mp3,dealer_example_en.mp3,dealer_example_ko.mp3,중급,3
debate,토론,,학생들은 환경 문제에 대해 토론을 했습니다.,The students had a debate about environmental issues.,debate.png,debate_word_en.mp3,debate_meaning_ko.mp3,debate_example_en.mp3,debate_example_ko.mp3,중급,3
debt,빚,,그는 빚을 갚기 위해 열심히 일했습니다.,He worked hard to pay off his debt.,debt.png,debt_word_en.mp3,debt_meaning_ko.mp3,debt_example_en.mp3,debt_example_ko.mp3,비즈니스,3
decent,괜찮은,,가격에 비해 음식이 꽤 괜찮은 편입니다.,The food is quite decent for the price.,decent.png,decent_word_en.mp3,decent_meaning_ko.mp3,decent_example_en.mp3,decent_example_ko.mp3,중급,3
deck,갑판,,승객들은 배의 갑판에서 바다를 바라보았습니다.,The passengers looked at the sea from the ship's deck.,deck.png,deck_word_en.mp3,deck_meaning_ko.mp3,deck_example_en.mp3,deck_example_ko.mp3,중급,3
declare,선언하다,,대통령은 새로운 계획을 공식적으로 선언했습니다.,The president officially declared a new plan.,declare.png,declare_word_en.mp3,declare_meaning_ko.mp3,declare_example_en.mp3,declare_example_ko.mp3,중급,3
decline,감소하다,,최근 이 도시의 인구가 감소하고 있습니다.,"Recently, the population of this city has been declining.",decline.png,decline_word_en.mp3,decline_meaning_ko.mp3,decline_example_en.mp3,decline_example_ko.mp3,중급,3
decoration,장식,,크리스마스 장식이 거실을 밝게 만들었습니다.,The Christmas decorations made the living room bright.,decoration.png,decoration_word_en.mp3,decoration_meaning_ko.mp3,decoration_example_en.mp3,decoration_example_ko.mp3,중급,3
decrease,감소하다,,운동을 시작한 후 체중이 조금씩 감소했습니다.,"After I started exercising, my weight decreased little by little.",decrease.png,decrease_word_en.mp3,decrease_meaning_ko.mp3,decrease_example_en.mp3,decrease_example_ko.mp3,중급,3
deeply,깊이,,그녀는 친구의 말에 깊이 감동했습니다.,She was deeply moved by her friend's words.,deeply.png,deeply_word_en.mp3,deeply_meaning_ko.mp3,deeply_example_en.mp3,deeply_example_ko.mp3,중급,3
defeat,패배시키다,,우리 팀은 결승전에서 상대 팀을 패배시켰습니다.,Our team defeated the opposing team in the final.,defeat.png,defeat_word_en.mp3,defeat_meaning_ko.mp3,defeat_example_en.mp3,defeat_example_ko.mp3,중급,3
defence,방어,,좋은 방어는 경기에서 이기는 데 중요합니다.,Good defence is important for winning a game.,defence.png,defence_word_en.mp3,defence_meaning_ko.mp3,defence_example_en.mp3,defence_example_ko.mp3,중급,3
defend,보호하다,,경찰은 시민을 보호하기 위해 노력합니다.,The police work to defend citizens.,defend.png,defend_word_en.mp3,defend_meaning_ko.mp3,defend_example_en.mp3,defend_example_ko.mp3,중급,3
defender,방어자,,그 선수는 팀의 가장 믿음직한 방어자입니다.,That player is the team's most reliable defender.,defender.png,defender_word_en.mp3,defender_meaning_ko.mp3,defender_example_en.mp3,defender_example_ko.mp3,중급,3
delay,지연,,눈 때문에 기차 지연이 발생했습니다.,A train delay occurred because of the snow.,delay.png,delay_word_en.mp3,delay_meaning_ko.mp3,delay_example_en.mp3,delay_example_ko.mp3,여행,2
delete,삭제하다,,실수로 중요한 파일을 삭제했습니다.,I accidentally deleted an important file.,delete.png,delete_word_en.mp3,delete_meaning_ko.mp3,delete_example_en.mp3,delete_example_ko.mp3,중급,3
deliberate,의도적인,,그의 실수는 의도적인 행동이 아니었습니다.,His mistake was not a deliberate action.,deliberate.png,deliberate_word_en.mp3,deliberate_meaning_ko.mp3,deliberate_example_en.mp3,deliberate_example_ko.mp3,중급,3
deliberately,일부러,,그는 친구를 놀리려고 일부러 문을 닫았습니다.,He deliberately closed the door to tease his friend.,deliberately.png,deliberately_word_en.mp3,deliberately_meaning_ko.mp3,deliberately_example_en.mp3,deliberately_example_ko.mp3,중급,3
delight,기쁨,,아이들의 웃음소리는 큰 기쁨을 주었습니다.,The children's laughter gave me great delight.,delight.png,delight_word_en.mp3,delight_meaning_ko.mp3,delight_example_en.mp3,delight_example_ko.mp3,중급,3
delighted,기쁜,,그녀는 선물을 받고 매우 기쁜 표정을 지었습니다.,She looked very delighted after receiving the gift.,delighted.png,delighted_word_en.mp3,delighted_meaning_ko.mp3,delighted_example_en.mp3,delighted_example_ko.mp3,중급,3
delivery,배달,,피자 배달이 예상보다 빨리 도착했습니다.,The pizza delivery arrived earlier than expected.,delivery.png,delivery_word_en.mp3,delivery_meaning_ko.mp3,delivery_example_en.mp3,delivery_example_ko.mp3,비즈니스,3
demand,요구하다,,직원들은 더 안전한 근무 환경을 요구했습니다.,The workers demanded a safer work environment.,demand.png,demand_word_en.mp3,demand_meaning_ko.mp3,demand_example_en.mp3,demand_example_ko.mp3,비즈니스,3
democracy,민주주의,,민주주의에서는 국민의 의견이 중요합니다.,"In a democracy, the people's opinions are important.",democracy.png,democracy_word_en.mp3,democracy_meaning_ko.mp3,democracy_example_en.mp3,democracy_example_ko.mp3,중급,3
democratic,민주주의의,,그 나라는 민주주의의 가치를 지키려고 노력합니다.,That country tries to protect democratic values.,democratic.png,democratic_word_en.mp3,democratic_meaning_ko.mp3,democratic_example_en.mp3,democratic_example_ko.mp3,중급,3
demonstrate,보여주다,,선생님은 실험 방법을 학생들에게 보여주었습니다.,The teacher demonstrated the experiment method to the students.,demonstrate.png,demonstrate_word_en.mp3,demonstrate_meaning_ko.mp3,demonstrate_example_en.mp3,demonstrate_example_ko.mp3,중급,3
demonstration,시위,,시민들은 평화로운 시위에 참여했습니다.,The citizens took part in a peaceful demonstration.,demonstration.png,demonstration_word_en.mp3,demonstration_meaning_ko.mp3,demonstration_example_en.mp3,demonstration_example_ko.mp3,중급,3
deny,부정하다,,그는 자신의 잘못을 끝까지 부정했습니다.,He denied his mistake until the end.,deny.png,deny_word_en.mp3,deny_meaning_ko.mp3,deny_example_en.mp3,deny_example_ko.mp3,중급,3
depart,출발하다,,비행기는 오전 9시에 출발합니다.,The plane departs at 9 a.m.,depart.png,depart_word_en.mp3,depart_meaning_ko.mp3,depart_example_en.mp3,depart_example_ko.mp3,여행,2
dependent,의존적인,,어린아이는 부모에게 의존적인 경우가 많습니다.,Young children are often dependent on their parents.,dependent.png,dependent_word_en.mp3,dependent_meaning_ko.mp3,dependent_example_en.mp3,dependent_example_ko.mp3,중급,3
deposit,보증금,,집을 빌릴 때 보증금을 먼저 냈습니다.,I paid the deposit first when I rented the house.,deposit.png,deposit_word_en.mp3,deposit_meaning_ko.mp3,deposit_example_en.mp3,deposit_example_ko.mp3,비즈니스,3
depressed,우울한,,그는 시험에 떨어져서 며칠 동안 우울한 기분이었습니다.,He felt depressed for several days because he failed the exam.,depressed.png,depressed_word_en.mp3,depressed_meaning_ko.mp3,depressed_example_en.mp3,depressed_example_ko.mp3,중급,3
depressing,우울한,,비가 계속 오는 날씨가 조금 우울하게 느껴졌습니다.,The weather with continuous rain felt a little depressing.,depressing.png,depressing_word_en.mp3,depressing_meaning_ko.mp3,depressing_example_en.mp3,depressing_example_ko.mp3,중급,3
depression,우울증,,그녀는 우울증을 치료하기 위해 병원에 다니고 있습니다.,She is going to the hospital to treat her depression.,depression.png,depression_word_en.mp3,depression_meaning_ko.mp3,depression_example_en.mp3,depression_example_ko.mp3,중급,3
depth,깊이,,이 수영장의 깊이는 2미터입니다.,The depth of this swimming pool is two meters.,depth.png,depth_word_en.mp3,depth_meaning_ko.mp3,depth_example_en.mp3,depth_example_ko.mp3,중급,3
derive,유래하다,,이 단어는 라틴어에서 유래했습니다.,This word derives from Latin.,derive.png,derive_word_en.mp3,derive_meaning_ko.mp3,derive_example_en.mp3,derive_example_ko.mp3,중급,3
deserve,받을 만하다,,열심히 노력한 그는 상을 받을 만합니다.,He deserves to receive an award because he worked hard.,deserve.png,deserve_word_en.mp3,deserve_meaning_ko.mp3,deserve_example_en.mp3,deserve_example_ko.mp3,중급,3
desire,욕망,,그는 성공에 대한 강한 욕망을 가지고 있습니다.,He has a strong desire for success.,desire.png,desire_word_en.mp3,desire_meaning_ko.mp3,desire_example_en.mp3,desire_example_ko.mp3,중급,3
desperate,절박한,,그들은 물을 찾기 위해 절박한 상황에 놓였습니다.,They were in a desperate situation as they searched for water.,desperate.png,desperate_word_en.mp3,desperate_meaning_ko.mp3,desperate_example_en.mp3,desperate_example_ko.mp3,중급,3
desperately,필사적으로,,그는 잃어버린 아이를 필사적으로 찾았다.,He desperately searched for the lost child.,desperately.png,desperately_word_en.mp3,desperately_meaning_ko.mp3,desperately_example_en.mp3,desperately_example_ko.mp3,중급,3
destruction,파괴,,전쟁은 많은 도시의 파괴를 가져왔다.,The war brought the destruction of many cities.,destruction.png,destruction_word_en.mp3,destruction_meaning_ko.mp3,destruction_example_en.mp3,destruction_example_ko.mp3,위기탈출,3
detailed,상세한,,선생님은 상세한 설명을 해 주셨다.,The teacher gave a detailed explanation.,detailed.png,detailed_word_en.mp3,detailed_meaning_ko.mp3,detailed_example_en.mp3,detailed_example_ko.mp3,중급,3
detect,탐지하다,,이 기계는 작은 움직임도 탐지할 수 있다.,This machine can detect even small movements.,detect.png,detect_word_en.mp3,detect_meaning_ko.mp3,detect_example_en.mp3,detect_example_ko.mp3,중급,3
determination,결심,,그녀는 성공하겠다는 결심이 강했다.,She had a strong determination to succeed.,determination.png,determination_word_en.mp3,determination_meaning_ko.mp3,determination_example_en.mp3,determination_example_ko.mp3,중급,3
devote,헌신하다,,그는 평생을 가난한 사람들을 돕는 일에 헌신했다.,He devoted his life to helping poor people.,devote.png,devote_word_en.mp3,devote_meaning_ko.mp3,devote_example_en.mp3,devote_example_ko.mp3,중급,3
differ,다르다,,우리의 의견은 조금 다르다.,Our opinions differ a little.,differ.png,differ_word_en.mp3,differ_meaning_ko.mp3,differ_example_en.mp3,differ_example_ko.mp3,중급,3
dig,파다,,아이들은 모래밭에 구멍을 팠다.,The children dug a hole in the sand.,dig.png,dig_word_en.mp3,dig_meaning_ko.mp3,dig_example_en.mp3,dig_example_ko.mp3,중급,3
disability,장애,,그는 장애가 있지만 혼자서 생활한다.,"He has a disability, but he lives on his own.",disability.png,disability_word_en.mp3,disability_meaning_ko.mp3,disability_example_en.mp3,disability_example_ko.mp3,중급,3
disabled,장애가 있는,,이 건물에는 장애가 있는 사람들을 위한 엘리베이터가 있다.,This building has an elevator for disabled people.,disabled.png,disabled_word_en.mp3,disabled_meaning_ko.mp3,disabled_example_en.mp3,disabled_example_ko.mp3,중급,3
disagreement,의견 불일치,,두 사람 사이에 의견 불일치가 있었다.,There was a disagreement between the two people.,disagreement.png,disagreement_word_en.mp3,disagreement_meaning_ko.mp3,disagreement_example_en.mp3,disagreement_example_ko.mp3,중급,3
disappoint,실망시키다,,나는 부모님을 실망시키고 싶지 않다.,I do not want to disappoint my parents.,disappoint.png,disappoint_word_en.mp3,disappoint_meaning_ko.mp3,disappoint_example_en.mp3,disappoint_example_ko.mp3,중급,3
disappointment,실망,,시험 결과를 보고 큰 실망을 느꼈다.,I felt great disappointment after seeing the test result.,disappointment.png,disappointment_word_en.mp3,disappointment_meaning_ko.mp3,disappointment_example_en.mp3,disappointment_example_ko.mp3,중급,3
disc,디스크,,그는 음악 디스크를 컴퓨터에 넣었다.,He put the music disc into the computer.,disc.png,disc_word_en.mp3,disc_meaning_ko.mp3,disc_example_en.mp3,disc_example_ko.mp3,중급,3
discipline,훈육,,부모의 따뜻한 훈육은 아이에게 중요하다.,Warm discipline from parents is important for a child.,discipline.png,discipline_word_en.mp3,discipline_meaning_ko.mp3,discipline_example_en.mp3,discipline_example_ko.mp3,중급,3
discourage,말리다,,친구들은 내가 위험한 여행을 가지 못하게 말렸다.,My friends discouraged me from going on a dangerous trip.,discourage.png,discourage_word_en.mp3,discourage_meaning_ko.mp3,discourage_example_en.mp3,discourage_example_ko.mp3,중급,3
dishonest,부정직한,,부정직한 행동은 신뢰를 잃게 만든다.,Dishonest behavior makes people lose trust.,dishonest.png,dishonest_word_en.mp3,dishonest_meaning_ko.mp3,dishonest_example_en.mp3,dishonest_example_ko.mp3,중급,3
disk,디스크,,파일을 저장하려면 디스크 공간이 필요하다.,You need disk space to save the file.,disk.png,disk_word_en.mp3,disk_meaning_ko.mp3,disk_example_en.mp3,disk_example_ko.mp3,중급,3
dismiss,해고하다,,회사는 규칙을 어긴 직원을 해고했다.,The company dismissed the employee who broke the rules.,dismiss.png,dismiss_word_en.mp3,dismiss_meaning_ko.mp3,dismiss_example_en.mp3,dismiss_example_ko.mp3,중급,3
disorder,장애,,그는 수면 장애 때문에 병원에 갔다.,He went to the hospital because of a sleep disorder.,disorder.png,disorder_word_en.mp3,disorder_meaning_ko.mp3,disorder_example_en.mp3,disorder_example_ko.mp3,중급,3
display,표시하다,,화면에 현재 시간이 표시된다.,The current time is displayed on the screen.,display.png,display_word_en.mp3,display_meaning_ko.mp3,display_example_en.mp3,display_example_ko.mp3,쇼핑,2
distant,먼,,먼 산 위에 눈이 쌓여 있었다.,Snow was piled on the distant mountain.,distant.png,distant_word_en.mp3,distant_meaning_ko.mp3,distant_example_en.mp3,distant_example_ko.mp3,중급,3
distinct,뚜렷한,,그 두 색은 뚜렷한 차이가 있다.,The two colors have a distinct difference.,distinct.png,distinct_word_en.mp3,distinct_meaning_ko.mp3,distinct_example_en.mp3,distinct_example_ko.mp3,중급,3
distinguish,구별하다,,아이들은 빨간색과 주황색을 구별할 수 있었다.,The children could distinguish red from orange.,distinguish.png,distinguish_word_en.mp3,distinguish_meaning_ko.mp3,distinguish_example_en.mp3,distinguish_example_ko.mp3,중급,3
distract,주의를 돌리다,,시끄러운 소리가 내 주의를 돌렸다.,The loud noise distracted me.,distract.png,distract_word_en.mp3,distract_meaning_ko.mp3,distract_example_en.mp3,distract_example_ko.mp3,중급,3
distribute,분배하다,,선생님은 학생들에게 시험지를 분배했다.,The teacher distributed the test papers to the students.,distribute.png,distribute_word_en.mp3,distribute_meaning_ko.mp3,distribute_example_en.mp3,distribute_example_ko.mp3,비즈니스,3
distribution,분배,,음식의 공정한 분배가 필요하다.,Fair distribution of food is necessary.,distribution.png,distribution_word_en.mp3,distribution_meaning_ko.mp3,distribution_example_en.mp3,distribution_example_ko.mp3,비즈니스,3
district,지역,,이 지역에는 작은 가게가 많다.,There are many small shops in this district.,district.png,district_word_en.mp3,district_meaning_ko.mp3,district_example_en.mp3,district_example_ko.mp3,중급,3
disturb,방해하다,,공부하는 친구를 방해하지 마세요.,Please do not disturb your friend who is studying.,disturb.png,disturb_word_en.mp3,disturb_meaning_ko.mp3,disturb_example_en.mp3,disturb_example_ko.mp3,중급,3
dive,다이빙하다,,그는 바다에서 다이빙했다.,He dived in the sea.,dive.png,dive_word_en.mp3,dive_meaning_ko.mp3,dive_example_en.mp3,dive_example_ko.mp3,중급,3
diverse,다양한,,이 학교에는 다양한 나라에서 온 학생들이 있다.,This school has students from diverse countries.,diverse.png,diverse_word_en.mp3,diverse_meaning_ko.mp3,diverse_example_en.mp3,diverse_example_ko.mp3,중급,3
diversity,다양성,,우리는 문화의 다양성을 존중해야 한다.,We should respect cultural diversity.,diversity.png,diversity_word_en.mp3,diversity_meaning_ko.mp3,diversity_example_en.mp3,diversity_example_ko.mp3,중급,3
division,구분,,이 표는 나이에 따른 구분을 보여 준다.,This chart shows the division by age.,division.png,division_word_en.mp3,division_meaning_ko.mp3,division_example_en.mp3,division_example_ko.mp3,중급,3
divorce,이혼,,그 부부는 오랜 대화 끝에 이혼을 결정했다.,The couple decided on divorce after a long conversation.,divorce.png,divorce_word_en.mp3,divorce_meaning_ko.mp3,divorce_example_en.mp3,divorce_example_ko.mp3,중급,3
domestic,국내의,,국내의 여행지가 요즘 인기가 많다.,Domestic travel destinations are very popular these days.,domestic.png,domestic_word_en.mp3,domestic_meaning_ko.mp3,domestic_example_en.mp3,domestic_example_ko.mp3,여행,2
dominant,지배적인,,그 회사는 시장에서 지배적인 위치에 있다.,The company is in a dominant position in the market.,dominant.png,dominant_word_en.mp3,dominant_meaning_ko.mp3,dominant_example_en.mp3,dominant_example_ko.mp3,중급,3
dominate,지배하다,,큰 기업들이 그 산업을 지배하고 있다.,Large companies dominate that industry.,dominate.png,dominate_word_en.mp3,dominate_meaning_ko.mp3,dominate_example_en.mp3,dominate_example_ko.mp3,중급,3
donation,기부,,그녀는 병원에 큰 기부를 했다.,She made a large donation to the hospital.,donation.png,donation_word_en.mp3,donation_meaning_ko.mp3,donation_example_en.mp3,donation_example_ko.mp3,중급,3
dot,점,,종이에 작은 점을 찍었다.,I made a small dot on the paper.,dot.png,dot_word_en.mp3,dot_meaning_ko.mp3,dot_example_en.mp3,dot_example_ko.mp3,중급,3
downtown,시내,,우리는 주말에 시내에서 만났다.,We met downtown on the weekend.,downtown.png,downtown_word_en.mp3,downtown_meaning_ko.mp3,downtown_example_en.mp3,downtown_example_ko.mp3,중급,3
downwards,아래로,,비가 창문을 따라 아래로 흘렀다.,The rain flowed downwards along the window.,downwards.png,downwards_word_en.mp3,downwards_meaning_ko.mp3,downwards_example_en.mp3,downwards_example_ko.mp3,중급,3
dozen,열두 개,,나는 달걀 열두 개를 샀다.,I bought a dozen eggs.,dozen.png,dozen_word_en.mp3,dozen_meaning_ko.mp3,dozen_example_en.mp3,dozen_example_ko.mp3,중급,3
draft,초안,,그는 보고서의 초안을 작성했다.,He wrote a draft of the report.,draft.png,draft_word_en.mp3,draft_meaning_ko.mp3,draft_example_en.mp3,draft_example_ko.mp3,중급,3
drag,끌다,,그는 무거운 상자를 문까지 끌었다.,He dragged the heavy box to the door.,drag.png,drag_word_en.mp3,drag_meaning_ko.mp3,drag_example_en.mp3,drag_example_ko.mp3,중급,3
dramatic,극적인,,경기 마지막에 극적인 변화가 있었다.,There was a dramatic change at the end of the game.,dramatic.png,dramatic_word_en.mp3,dramatic_meaning_ko.mp3,dramatic_example_en.mp3,dramatic_example_ko.mp3,중급,3
dramatically,극적으로,,새로운 약 덕분에 환자의 상태가 극적으로 좋아졌다.,"Thanks to the new medicine, the patient's condition improved dramatically.",dramatically.png,dramatically_word_en.mp3,dramatically_meaning_ko.mp3,dramatically_example_en.mp3,dramatically_example_ko.mp3,중급,3
drought,가뭄,,오랜 가뭄으로 농작물이 말랐다.,The crops dried up because of the long drought.,drought.png,drought_word_en.mp3,drought_meaning_ko.mp3,drought_example_en.mp3,drought_example_ko.mp3,중급,3
dull,지루한,,그 영화는 너무 지루해서 중간에 나왔다.,The movie was so dull that I left in the middle.,dull.png,dull_word_en.mp3,dull_meaning_ko.mp3,dull_example_en.mp3,dull_example_ko.mp3,중급,3
dump,버리다,,쓰레기를 길에 버리지 마세요.,Please do not dump trash on the street.,dump.png,dump_word_en.mp3,dump_meaning_ko.mp3,dump_example_en.mp3,dump_example_ko.mp3,중급,3
duration,기간,,수업 기간은 한 시간이다.,The duration of the class is one hour.,duration.png,duration_word_en.mp3,duration_meaning_ko.mp3,duration_example_en.mp3,duration_example_ko.mp3,중급,3
dynamic,역동적인,,그 팀은 역동적인 공연을 보여 주었다.,The team gave a dynamic performance.,dynamic.png,dynamic_word_en.mp3,dynamic_meaning_ko.mp3,dynamic_example_en.mp3,dynamic_example_ko.mp3,중급,3
economics,경제학,,그는 대학에서 경제학을 공부한다.,He studies economics at university.,economics.png,economics_word_en.mp3,economics_meaning_ko.mp3,economics_example_en.mp3,economics_example_ko.mp3,중급,3
economist,경제학자,,그 경제학자는 물가 상승을 설명했다.,The economist explained the rise in prices.,economist.png,economist_word_en.mp3,economist_meaning_ko.mp3,economist_example_en.mp3,economist_example_ko.mp3,중급,3
edit,편집하다,,나는 친구의 글을 편집했다.,I edited my friend's writing.,edit.png,edit_word_en.mp3,edit_meaning_ko.mp3,edit_example_en.mp3,edit_example_ko.mp3,중급,3
edition,판,,이 책의 새 판이 다음 달에 나온다.,A new edition of this book will come out next month.,edition.png,edition_word_en.mp3,edition_meaning_ko.mp3,edition_example_en.mp3,edition_example_ko.mp3,중급,3
editorial,사설,,오늘 신문 사설은 교육 문제를 다루었다.,Today's newspaper editorial dealt with education issues.,editorial.png,editorial_word_en.mp3,editorial_meaning_ko.mp3,editorial_example_en.mp3,editorial_example_ko.mp3,중급,3
efficient,효율적인,,이 방법은 시간과 돈을 아끼는 효율적인 방법이다.,This method is an efficient way to save time and money.,efficient.png,efficient_word_en.mp3,efficient_meaning_ko.mp3,efficient_example_en.mp3,efficient_example_ko.mp3,비즈니스,3
efficiently,효율적으로,,그는 일을 효율적으로 처리했다.,He handled the work efficiently.,efficiently.png,efficiently_word_en.mp3,efficiently_meaning_ko.mp3,efficiently_example_en.mp3,efficiently_example_ko.mp3,중급,3
elbow,팔꿈치,,나는 책상에 팔꿈치를 부딪쳤다.,I hit my elbow on the desk.,elbow.png,elbow_word_en.mp3,elbow_meaning_ko.mp3,elbow_example_en.mp3,elbow_example_ko.mp3,중급,3
elderly,나이 드신,,버스에서 나이 드신 분께 자리를 양보했다.,I gave up my seat to an elderly person on the bus.,elderly.png,elderly_word_en.mp3,elderly_meaning_ko.mp3,elderly_example_en.mp3,elderly_example_ko.mp3,중급,3
elect,선출하다,,학생들은 민수를 반장으로 선출했다.,The students elected Minsu as class president.,elect.png,elect_word_en.mp3,elect_meaning_ko.mp3,elect_example_en.mp3,elect_example_ko.mp3,중급,3
electronics,전자 공학,,그는 대학에서 전자 공학을 공부하고 있다.,He is studying electronics at university.,electronics.png,electronics_word_en.mp3,electronics_meaning_ko.mp3,electronics_example_en.mp3,electronics_example_ko.mp3,중급,3
elegant,우아한,,그녀는 우아한 드레스를 입고 파티에 갔다.,She wore an elegant dress to the party.,elegant.png,elegant_word_en.mp3,elegant_meaning_ko.mp3,elegant_example_en.mp3,elegant_example_ko.mp3,중급,3
elementary,기초적인,,이 책은 기초적인 문법을 쉽게 설명한다.,This book explains elementary grammar easily.,elementary.png,elementary_word_en.mp3,elementary_meaning_ko.mp3,elementary_example_en.mp3,elementary_example_ko.mp3,중급,3
eliminate,제거하다,,우리는 문제의 원인을 제거해야 한다.,We need to eliminate the cause of the problem.,eliminate.png,eliminate_word_en.mp3,eliminate_meaning_ko.mp3,eliminate_example_en.mp3,eliminate_example_ko.mp3,중급,3
elsewhere,다른 곳에서,,이 가게에 없으면 다른 곳에서 찾아보자.,"If it is not in this store, let's look elsewhere.",elsewhere.png,elsewhere_word_en.mp3,elsewhere_meaning_ko.mp3,elsewhere_example_en.mp3,elsewhere_example_ko.mp3,중급,3
embrace,껴안다,,아이는 엄마를 꼭 껴안았다.,The child embraced his mother tightly.,embrace.png,embrace_word_en.mp3,embrace_meaning_ko.mp3,embrace_example_en.mp3,embrace_example_ko.mp3,중급,3
emerge,나타나다,,구름 사이로 해가 나타났다.,The sun emerged from between the clouds.,emerge.png,emerge_word_en.mp3,emerge_meaning_ko.mp3,emerge_example_en.mp3,emerge_example_ko.mp3,중급,3
emission,배출,,그 회사는 탄소 배출을 줄이려고 노력한다.,The company is trying to reduce carbon emissions.,emission.png,emission_word_en.mp3,emission_meaning_ko.mp3,emission_example_en.mp3,emission_example_ko.mp3,중급,3
emotional,감정적인,,그는 감정적인 결정을 피하려고 했다.,He tried to avoid an emotional decision.,emotional.png,emotional_word_en.mp3,emotional_meaning_ko.mp3,emotional_example_en.mp3,emotional_example_ko.mp3,중급,3
emotionally,감정적으로,,그 소식은 나를 감정적으로 힘들게 했다.,The news affected me emotionally.,emotionally.png,emotionally_word_en.mp3,emotionally_meaning_ko.mp3,emotionally_example_en.mp3,emotionally_example_ko.mp3,중급,3
emphasis,강조,,선생님은 발음의 중요성에 강조를 두었다.,The teacher placed emphasis on the importance of pronunciation.,emphasis.png,emphasis_word_en.mp3,emphasis_meaning_ko.mp3,emphasis_example_en.mp3,emphasis_example_ko.mp3,중급,3
emphasize,강조하다,,그는 안전의 중요성을 여러 번 강조했다.,He emphasized the importance of safety several times.,emphasize.png,emphasize_word_en.mp3,emphasize_meaning_ko.mp3,emphasize_example_en.mp3,emphasize_example_ko.mp3,중급,3
empire,제국,,로마 제국은 매우 넓은 땅을 지배했다.,The Roman Empire ruled a very large territory.,empire.png,empire_word_en.mp3,empire_meaning_ko.mp3,empire_example_en.mp3,empire_example_ko.mp3,중급,3
enable,가능하게 하다,,이 앱은 사람들이 쉽게 길을 찾을 수 있게 한다.,This app enables people to find their way easily.,enable.png,enable_word_en.mp3,enable_meaning_ko.mp3,enable_example_en.mp3,enable_example_ko.mp3,중급,3
encounter,마주치다,,나는 길에서 옛 친구와 마주쳤다.,I encountered an old friend on the street.,encounter.png,encounter_word_en.mp3,encounter_meaning_ko.mp3,encounter_example_en.mp3,encounter_example_ko.mp3,중급,3
engage,관여하다,,그는 새 프로젝트에 깊이 관여하고 있다.,He is deeply engaged in the new project.,engage.png,engage_word_en.mp3,engage_meaning_ko.mp3,engage_example_en.mp3,engage_example_ko.mp3,중급,3
enhance,개선하다,,규칙적인 운동은 건강을 개선한다.,Regular exercise enhances health.,enhance.png,enhance_word_en.mp3,enhance_meaning_ko.mp3,enhance_example_en.mp3,enhance_example_ko.mp3,중급,3
enjoyable,즐거운,,친구들과의 여행은 정말 즐거운 경험이었다.,The trip with my friends was a very enjoyable experience.,enjoyable.png,enjoyable_word_en.mp3,enjoyable_meaning_ko.mp3,enjoyable_example_en.mp3,enjoyable_example_ko.mp3,중급,3
enquiry,질문,,학생은 수업 후에 선생님께 질문을 했다.,The student made an enquiry to the teacher after class.,enquiry.png,enquiry_word_en.mp3,enquiry_meaning_ko.mp3,enquiry_example_en.mp3,enquiry_example_ko.mp3,중급,3
ensure,보장하다,,우리는 모든 학생의 안전을 보장해야 한다.,We must ensure the safety of all students.,ensure.png,ensure_word_en.mp3,ensure_meaning_ko.mp3,ensure_example_en.mp3,ensure_example_ko.mp3,중급,3
entertaining,재미있는,,그 영화는 재미있는 장면이 많았다.,The movie had many entertaining scenes.,entertaining.png,entertaining_word_en.mp3,entertaining_meaning_ko.mp3,entertaining_example_en.mp3,entertaining_example_ko.mp3,중급,3
enthusiasm,열정,,그녀는 큰 열정으로 한국어를 배운다.,She learns Korean with great enthusiasm.,enthusiasm.png,enthusiasm_word_en.mp3,enthusiasm_meaning_ko.mp3,enthusiasm_example_en.mp3,enthusiasm_example_ko.mp3,중급,3
enthusiastic,열정적인,,그는 새로운 일에 항상 열정적인 태도를 보인다.,He always shows an enthusiastic attitude toward new work.,enthusiastic.png,enthusiastic_word_en.mp3,enthusiastic_meaning_ko.mp3,enthusiastic_example_en.mp3,enthusiastic_example_ko.mp3,중급,3
entire,전체의,,전체의 계획을 다시 확인해 봅시다.,Let's check the entire plan again.,entire.png,entire_word_en.mp3,entire_meaning_ko.mp3,entire_example_en.mp3,entire_example_ko.mp3,중급,3
entirely,완전히,,그 이야기는 완전히 사실이 아니다.,That story is not entirely true.,entirely.png,entirely_word_en.mp3,entirely_meaning_ko.mp3,entirely_example_en.mp3,entirely_example_ko.mp3,중급,3
entrepreneur,사업가,,그 사업가는 작은 아이디어로 회사를 시작했다.,The entrepreneur started a company with a small idea.,entrepreneur.png,entrepreneur_word_en.mp3,entrepreneur_meaning_ko.mp3,entrepreneur_example_en.mp3,entrepreneur_example_ko.mp3,비즈니스,3
envelope,봉투,,나는 편지를 봉투에 넣었다.,I put the letter in an envelope.,envelope.png,envelope_word_en.mp3,envelope_meaning_ko.mp3,envelope_example_en.mp3,envelope_example_ko.mp3,중급,3
equip,갖추다,,새 교실은 최신 컴퓨터를 갖추었다.,The new classroom is equipped with the latest computers.,equip.png,equip_word_en.mp3,equip_meaning_ko.mp3,equip_example_en.mp3,equip_example_ko.mp3,중급,3
equivalent,동등한,,이 두 자격증은 동등한 가치를 가진다.,These two certificates have equivalent value.,equivalent.png,equivalent_word_en.mp3,equivalent_meaning_ko.mp3,equivalent_example_en.mp3,equivalent_example_ko.mp3,중급,3
era,시대,,우리는 디지털 시대에 살고 있다.,We live in the digital era.,era.png,era_word_en.mp3,era_meaning_ko.mp3,era_example_en.mp3,era_example_ko.mp3,중급,3
erupt,분출하다,,화산이 갑자기 분출했다.,The volcano suddenly erupted.,erupt.png,erupt_word_en.mp3,erupt_meaning_ko.mp3,erupt_example_en.mp3,erupt_example_ko.mp3,중급,3
essentially,본질적으로,,이 문제는 본질적으로 시간 부족 때문에 생겼다.,This problem essentially occurred because of a lack of time.,essentially.png,essentially_word_en.mp3,essentially_meaning_ko.mp3,essentially_example_en.mp3,essentially_example_ko.mp3,중급,3
establish,설립하다,,그들은 작년에 새 회사를 설립했다.,They established a new company last year.,establish.png,establish_word_en.mp3,establish_meaning_ko.mp3,establish_example_en.mp3,establish_example_ko.mp3,중급,3
estate,재산,,그는 많은 재산을 가족에게 남겼다.,He left a large estate to his family.,estate.png,estate_word_en.mp3,estate_meaning_ko.mp3,estate_example_en.mp3,estate_example_ko.mp3,중급,3
estimate,추정하다,,전문가들은 비용을 백만 원으로 추정했다.,Experts estimated the cost at one million won.,estimate.png,estimate_word_en.mp3,estimate_meaning_ko.mp3,estimate_example_en.mp3,estimate_example_ko.mp3,비즈니스,3
ethic,윤리,,의사는 높은 직업 윤리를 가져야 한다.,Doctors should have a high professional ethic.,ethic.png,ethic_word_en.mp3,ethic_meaning_ko.mp3,ethic_example_en.mp3,ethic_example_ko.mp3,중급,3
ethical,윤리적인,,회사는 윤리적인 결정을 내려야 한다.,The company must make ethical decisions.,ethical.png,ethical_word_en.mp3,ethical_meaning_ko.mp3,ethical_example_en.mp3,ethical_example_ko.mp3,중급,3
ethnic,민족의,,이 축제는 다양한 민족의 문화를 소개한다.,This festival introduces the cultures of various ethnic groups.,ethnic.png,ethnic_word_en.mp3,ethnic_meaning_ko.mp3,ethnic_example_en.mp3,ethnic_example_ko.mp3,중급,3
evaluate,평가하다,,선생님은 학생들의 발표를 평가했다.,The teacher evaluated the students' presentations.,evaluate.png,evaluate_word_en.mp3,evaluate_meaning_ko.mp3,evaluate_example_en.mp3,evaluate_example_ko.mp3,중급,3
evaluation,평가,,프로젝트가 끝난 후 평가가 진행되었다.,An evaluation was conducted after the project ended.,evaluation.png,evaluation_word_en.mp3,evaluation_meaning_ko.mp3,evaluation_example_en.mp3,evaluation_example_ko.mp3,중급,3
evident,분명한,,그의 피곤한 표정은 분명한 증거였다.,His tired expression was evident proof.,evident.png,evident_word_en.mp3,evident_meaning_ko.mp3,evident_example_en.mp3,evident_example_ko.mp3,중급,3
evil,악,,그 영화는 선과 악의 싸움을 다룬다.,The movie deals with the fight between good and evil.,evil.png,evil_word_en.mp3,evil_meaning_ko.mp3,evil_example_en.mp3,evil_example_ko.mp3,위기탈출,3
evolve,진화하다,,언어는 시간이 지나면서 계속 진화한다.,Language continues to evolve over time.,evolve.png,evolve_word_en.mp3,evolve_meaning_ko.mp3,evolve_example_en.mp3,evolve_example_ko.mp3,중급,3
examination,시험,,내일 중요한 시험이 있다.,I have an important examination tomorrow.,examination.png,examination_word_en.mp3,examination_meaning_ko.mp3,examination_example_en.mp3,examination_example_ko.mp3,중급,3
exceed,초과하다,,비용이 예산을 초과했다.,The cost exceeded the budget.,exceed.png,exceed_word_en.mp3,exceed_meaning_ko.mp3,exceed_example_en.mp3,exceed_example_ko.mp3,중급,3
exception,예외,,모든 학생이 참석해야 하며 예외는 없다.,"All students must attend, and there is no exception.",exception.png,exception_word_en.mp3,exception_meaning_ko.mp3,exception_example_en.mp3,exception_example_ko.mp3,중급,3
excessive,과도한,,과도한 스트레스는 건강에 좋지 않다.,Excessive stress is bad for your health.,excessive.png,excessive_word_en.mp3,excessive_meaning_ko.mp3,excessive_example_en.mp3,excessive_example_ko.mp3,중급,3
exclude,제외하다,,그들은 명단에서 내 이름을 제외했다.,They excluded my name from the list.,exclude.png,exclude_word_en.mp3,exclude_meaning_ko.mp3,exclude_example_en.mp3,exclude_example_ko.mp3,중급,3
excuse,변명,,늦은 것에 대한 변명은 필요 없다.,There is no need for an excuse for being late.,excuse.png,excuse_word_en.mp3,excuse_meaning_ko.mp3,excuse_example_en.mp3,excuse_example_ko.mp3,중급,3
executive,임원,,그 회사의 임원이 회의에 참석했다.,An executive of the company attended the meeting.,executive.png,executive_word_en.mp3,executive_meaning_ko.mp3,executive_example_en.mp3,executive_example_ko.mp3,비즈니스,3
exhibit,전시하다,,박물관은 오래된 그림을 전시했다.,The museum exhibited old paintings.,exhibit.png,exhibit_word_en.mp3,exhibit_meaning_ko.mp3,exhibit_example_en.mp3,exhibit_example_ko.mp3,중급,3
existence,존재,,많은 사람들은 외계 생명체의 존재를 궁금해한다.,Many people wonder about the existence of alien life.,existence.png,existence_word_en.mp3,existence_meaning_ko.mp3,existence_example_en.mp3,existence_example_ko.mp3,중급,3
exit,출구,,화재가 나면 가까운 출구로 나가세요.,"If there is a fire, leave through the nearest exit.",exit.png,exit_word_en.mp3,exit_meaning_ko.mp3,exit_example_en.mp3,exit_example_ko.mp3,여행,2
exotic,이국적인,,그 식당은 이국적인 음식을 판다.,The restaurant sells exotic food.,exotic.png,exotic_word_en.mp3,exotic_meaning_ko.mp3,exotic_example_en.mp3,exotic_example_ko.mp3,중급,3
expansion,확장,,회사의 빠른 확장은 많은 일자리를 만들었다.,The company's rapid expansion created many jobs.,expansion.png,expansion_word_en.mp3,expansion_meaning_ko.mp3,expansion_example_en.mp3,expansion_example_ko.mp3,비즈니스,3
expectation,기대,,부모님의 기대가 나에게 큰 힘이 되었다.,My parents' expectation gave me great strength.,expectation.png,expectation_word_en.mp3,expectation_meaning_ko.mp3,expectation_example_en.mp3,expectation_example_ko.mp3,중급,3
expense,비용,,여행 비용이 생각보다 많이 들었다.,The travel expense was higher than I expected.,expense.png,expense_word_en.mp3,expense_meaning_ko.mp3,expense_example_en.mp3,expense_example_ko.mp3,비즈니스,3
expertise,전문 지식,,그녀는 컴퓨터 보안에 대한 전문 지식이 있다.,She has expertise in computer security.,expertise.png,expertise_word_en.mp3,expertise_meaning_ko.mp3,expertise_example_en.mp3,expertise_example_ko.mp3,중급,3
exploit,착취하다,,그 회사는 값싼 임금으로 노동자들을 착취했다.,The company exploited the workers with low wages.,exploit.png,exploit_word_en.mp3,exploit_meaning_ko.mp3,exploit_example_en.mp3,exploit_example_ko.mp3,중급,3
exploration,탐험,,우리는 동굴 탐험을 떠났다.,We went on a cave exploration.,exploration.png,exploration_word_en.mp3,exploration_meaning_ko.mp3,exploration_example_en.mp3,exploration_example_ko.mp3,중급,3
expose,노출하다,,강한 햇빛에 피부를 오래 노출하면 안 된다.,You should not expose your skin to strong sunlight for a long time.,expose.png,expose_word_en.mp3,expose_meaning_ko.mp3,expose_example_en.mp3,expose_example_ko.mp3,중급,3
exposure,노출,,추운 날씨에 오래 노출되면 감기에 걸릴 수 있다.,Long exposure to cold weather can make you catch a cold.,exposure.png,exposure_word_en.mp3,exposure_meaning_ko.mp3,exposure_example_en.mp3,exposure_example_ko.mp3,중급,3
extend,연장하다,,학교는 도서관 이용 시간을 연장했다.,The school extended the library hours.,extend.png,extend_word_en.mp3,extend_meaning_ko.mp3,extend_example_en.mp3,extend_example_ko.mp3,중급,3
extension,연장,,회의 시간의 연장이 필요했다.,An extension of the meeting time was needed.,extension.png,extension_word_en.mp3,extension_meaning_ko.mp3,extension_example_en.mp3,extension_example_ko.mp3,중급,3
extensive,광범위한,,그 박사는 광범위한 연구를 진행했다.,The doctor conducted extensive research.,extensive.png,extensive_word_en.mp3,extensive_meaning_ko.mp3,extensive_example_en.mp3,extensive_example_ko.mp3,중급,3
extensively,광범위하게,,이 문제는 여러 나라에서 광범위하게 논의되었다.,This issue was discussed extensively in many countries.,extensively.png,extensively_word_en.mp3,extensively_meaning_ko.mp3,extensively_example_en.mp3,extensively_example_ko.mp3,중급,3
extent,정도,,피해의 정도는 아직 정확히 모른다.,We still do not know the exact extent of the damage.,extent.png,extent_word_en.mp3,extent_meaning_ko.mp3,extent_example_en.mp3,extent_example_ko.mp3,중급,3
external,외부의,,외부의 소음 때문에 집중하기 어려웠다.,It was hard to concentrate because of external noise.,external.png,external_word_en.mp3,external_meaning_ko.mp3,external_example_en.mp3,external_example_ko.mp3,중급,3
extract,추출하다,,과학자들은 식물에서 약 성분을 추출했다.,The scientists extracted a medicinal ingredient from the plant.,extract.png,extract_word_en.mp3,extract_meaning_ko.mp3,extract_example_en.mp3,extract_example_ko.mp3,중급,3
extraordinary,놀랄 만한,,그 아이는 놀랄 만한 기억력을 가지고 있다.,The child has an extraordinary memory.,extraordinary.png,extraordinary_word_en.mp3,extraordinary_meaning_ko.mp3,extraordinary_example_en.mp3,extraordinary_example_ko.mp3,중급,3
fabric,직물,,이 직물은 부드럽고 가볍다.,This fabric is soft and light.,fabric.png,fabric_word_en.mp3,fabric_meaning_ko.mp3,fabric_example_en.mp3,fabric_example_ko.mp3,쇼핑,2
fabulous,굉장한,,어젯밤 공연은 정말 굉장했다.,Last night's performance was truly fabulous.,fabulous.png,fabulous_word_en.mp3,fabulous_meaning_ko.mp3,fabulous_example_en.mp3,fabulous_example_ko.mp3,중급,3
facility,시설,,이 호텔에는 운동 시설이 있다.,This hotel has exercise facilities.,facility.png,facility_word_en.mp3,facility_meaning_ko.mp3,facility_example_en.mp3,facility_example_ko.mp3,중급,3
failed,실패한,,그는 실패한 계획을 다시 검토했다.,He reviewed the failed plan again.,failed.png,failed_word_en.mp3,failed_meaning_ko.mp3,failed_example_en.mp3,failed_example_ko.mp3,중급,3
failure,실패,,실패는 배움의 기회가 될 수 있다.,Failure can be a chance to learn.,failure.png,failure_word_en.mp3,failure_meaning_ko.mp3,failure_example_en.mp3,failure_example_ko.mp3,위기탈출,3
faith,믿음,,그녀는 친구에 대한 믿음을 잃지 않았다.,She did not lose faith in her friend.,faith.png,faith_word_en.mp3,faith_meaning_ko.mp3,faith_example_en.mp3,faith_example_ko.mp3,중급,3
fake,가짜,,그 가방은 진짜가 아니라 가짜였다.,That bag was not real but fake.,fake.png,fake_word_en.mp3,fake_meaning_ko.mp3,fake_example_en.mp3,fake_example_ko.mp3,중급,3
fame,명성,,그 배우는 젊은 나이에 큰 명성을 얻었다.,The actor gained great fame at a young age.,fame.png,fame_word_en.mp3,fame_meaning_ko.mp3,fame_example_en.mp3,fame_example_ko.mp3,중급,3
fantasy,환상,,그 영화는 마법의 세계를 그린 환상 이야기이다.,The movie is a fantasy story about a magical world.,fantasy.png,fantasy_word_en.mp3,fantasy_meaning_ko.mp3,fantasy_example_en.mp3,fantasy_example_ko.mp3,중급,3
fare,요금,,버스 요금이 다음 달부터 오른다.,The bus fare will go up starting next month.,fare.png,fare_word_en.mp3,fare_meaning_ko.mp3,fare_example_en.mp3,fare_example_ko.mp3,중급,3
fault,잘못,,이번 사고는 내 잘못이 아니다.,This accident is not my fault.,fault.png,fault_word_en.mp3,fault_meaning_ko.mp3,fault_example_en.mp3,fault_example_ko.mp3,중급,3
feather,깃털,,새의 깃털이 바람에 날렸다.,The bird's feather flew in the wind.,feather.png,feather_word_en.mp3,feather_meaning_ko.mp3,feather_example_en.mp3,feather_example_ko.mp3,중급,3
federal,연방의,,연방의 법은 모든 주에 적용된다.,Federal law applies to all states.,federal.png,federal_word_en.mp3,federal_meaning_ko.mp3,federal_example_en.mp3,federal_example_ko.mp3,중급,3
fee,수수료,,은행에서 송금 수수료를 냈다.,I paid a transfer fee at the bank.,fee.png,fee_word_en.mp3,fee_meaning_ko.mp3,fee_example_en.mp3,fee_example_ko.mp3,쇼핑,2
feedback,피드백,,선생님은 내 글에 자세한 피드백을 주셨다.,The teacher gave detailed feedback on my writing.,feedback.png,feedback_word_en.mp3,feedback_meaning_ko.mp3,feedback_example_en.mp3,feedback_example_ko.mp3,중급,3
fellow,동료,,그는 믿을 수 있는 동료이다.,He is a reliable fellow worker.,fellow.png,fellow_word_en.mp3,fellow_meaning_ko.mp3,fellow_example_en.mp3,fellow_example_ko.mp3,중급,3
fever,열,,아이가 열이 나서 병원에 갔다.,"The child had a fever, so we went to the hospital.",fever.png,fever_word_en.mp3,fever_meaning_ko.mp3,fever_example_en.mp3,fever_example_ko.mp3,중급,3
finance,재정,,정부는 재정 문제를 해결하려고 노력하고 있다.,The government is trying to solve financial problems.,finance.png,finance_word_en.mp3,finance_meaning_ko.mp3,finance_example_en.mp3,finance_example_ko.mp3,비즈니스,3
finding,발견,,이번 발견은 과학계에 큰 영향을 주었다.,This finding had a big impact on the scientific community.,finding.png,finding_word_en.mp3,finding_meaning_ko.mp3,finding_example_en.mp3,finding_example_ko.mp3,중급,3
firefighter,소방관,,소방관이 불길 속에서 사람을 구했다.,The firefighter saved a person from the flames.,firefighter.png,firefighter_word_en.mp3,firefighter_meaning_ko.mp3,firefighter_example_en.mp3,firefighter_example_ko.mp3,위기탈출,3
firework,폭죽,,밤하늘에 폭죽이 아름답게 터졌다.,Fireworks burst beautifully in the night sky.,firework.png,firework_word_en.mp3,firework_meaning_ko.mp3,firework_example_en.mp3,firework_example_ko.mp3,중급,3
firm,회사,,그는 큰 회사에서 일한다.,He works at a large firm.,firm.png,firm_word_en.mp3,firm_meaning_ko.mp3,firm_example_en.mp3,firm_example_ko.mp3,비즈니스,3
firmly,확고히,,그녀는 자신의 의견을 확고히 말했다.,She stated her opinion firmly.,firmly.png,firmly_word_en.mp3,firmly_meaning_ko.mp3,firmly_example_en.mp3,firmly_example_ko.mp3,중급,3
flame,불꽃,,촛불의 불꽃이 조용히 흔들렸다.,The flame of the candle moved quietly.,flame.png,flame_word_en.mp3,flame_meaning_ko.mp3,flame_example_en.mp3,flame_example_ko.mp3,중급,3
flash,섬광,,하늘에서 밝은 섬광이 보였다.,A bright flash was seen in the sky.,flash.png,flash_word_en.mp3,flash_meaning_ko.mp3,flash_example_en.mp3,flash_example_ko.mp3,중급,3
flavour,맛,,이 아이스크림은 딸기 맛이 난다.,This ice cream has a strawberry flavour.,flavour.png,flavour_word_en.mp3,flavour_meaning_ko.mp3,flavour_example_en.mp3,flavour_example_ko.mp3,중급,3
flexible,유연한,,이 고무줄은 매우 유연하다.,This rubber band is very flexible.,flexible.png,flexible_word_en.mp3,flexible_meaning_ko.mp3,flexible_example_en.mp3,flexible_example_ko.mp3,중급,3
float,뜨다,,나뭇잎이 물 위에 떠 있다.,A leaf is floating on the water.,float.png,float_word_en.mp3,float_meaning_ko.mp3,float_example_en.mp3,float_example_ko.mp3,중급,3
folding,접는,,우리는 캠핑에 접는 의자를 가져갔다.,We took folding chairs to the camping trip.,folding.png,folding_word_en.mp3,folding_meaning_ko.mp3,folding_example_en.mp3,folding_example_ko.mp3,중급,3
fond,좋아하는,,나는 어릴 때부터 고양이를 좋아했다.,I have been fond of cats since I was young.,fond.png,fond_word_en.mp3,fond_meaning_ko.mp3,fond_example_en.mp3,fond_example_ko.mp3,중급,3
fool,바보,,그런 말을 믿다니 내가 바보였다.,I was a fool to believe such words.,fool.png,fool_word_en.mp3,fool_meaning_ko.mp3,fool_example_en.mp3,fool_example_ko.mp3,중급,3
forbid,금지하다,,학교는 교실에서 휴대폰 사용을 금지했다.,The school forbade the use of cell phones in the classroom.,forbid.png,forbid_word_en.mp3,forbid_meaning_ko.mp3,forbid_example_en.mp3,forbid_example_ko.mp3,중급,3
forecast,예보,,오늘 일기 예보는 비가 온다고 했다.,Today's weather forecast said it would rain.,forecast.png,forecast_word_en.mp3,forecast_meaning_ko.mp3,forecast_example_en.mp3,forecast_example_ko.mp3,중급,3
forgive,용서하다,,나는 친구의 실수를 용서했다.,I forgave my friend's mistake.,forgive.png,forgive_word_en.mp3,forgive_meaning_ko.mp3,forgive_example_en.mp3,forgive_example_ko.mp3,중급,3
format,형식,,보고서의 형식을 잘 지켜 주세요.,Please follow the format of the report.,format.png,format_word_en.mp3,format_meaning_ko.mp3,format_example_en.mp3,format_example_ko.mp3,중급,3
formation,형성,,구름의 형성 과정은 매우 흥미롭다.,The process of cloud formation is very interesting.,formation.png,formation_word_en.mp3,formation_meaning_ko.mp3,formation_example_en.mp3,formation_example_ko.mp3,중급,3
former,이전의,,그는 이전의 사무실로 돌아갔다.,He returned to his former office.,former.png,former_word_en.mp3,former_meaning_ko.mp3,former_example_en.mp3,former_example_ko.mp3,중급,3
formerly,이전에,,이 건물은 이전에 학교로 쓰였다.,This building was formerly used as a school.,formerly.png,formerly_word_en.mp3,formerly_meaning_ko.mp3,formerly_example_en.mp3,formerly_example_ko.mp3,중급,3
fortunate,운이 좋은,,나는 좋은 선생님을 만나서 운이 좋았다.,I was fortunate to meet a good teacher.,fortunate.png,fortunate_word_en.mp3,fortunate_meaning_ko.mp3,fortunate_example_en.mp3,fortunate_example_ko.mp3,중급,3
fortune,운,,그는 운이 좋아서 마지막 표를 샀다.,He had the fortune to buy the last ticket.,fortune.png,fortune_word_en.mp3,fortune_meaning_ko.mp3,fortune_example_en.mp3,fortune_example_ko.mp3,중급,3
forum,회의,,환경 문제에 대한 국제 회의가 열렸다.,An international forum on environmental issues was held.,forum.png,forum_word_en.mp3,forum_meaning_ko.mp3,forum_example_en.mp3,forum_example_ko.mp3,중급,3
fossil,화석,,박물관에서 공룡 화석을 보았다.,I saw a dinosaur fossil at the museum.,fossil.png,fossil_word_en.mp3,fossil_meaning_ko.mp3,fossil_example_en.mp3,fossil_example_ko.mp3,중급,3
found,설립하다,,그들은 작은 회사를 설립했다.,They founded a small company.,found.png,found_word_en.mp3,found_meaning_ko.mp3,found_example_en.mp3,found_example_ko.mp3,중급,3
foundation,기초,,튼튼한 기초가 있어야 건물이 안전하다.,A building is safe only when it has a strong foundation.,foundation.png,foundation_word_en.mp3,foundation_meaning_ko.mp3,foundation_example_en.mp3,foundation_example_ko.mp3,중급,3
founder,설립자,,그는 이 학교의 설립자이다.,He is the founder of this school.,founder.png,founder_word_en.mp3,founder_meaning_ko.mp3,founder_example_en.mp3,founder_example_ko.mp3,중급,3
fraction,분수,,수학 시간에 분수를 배웠다.,We learned fractions in math class.,fraction.png,fraction_word_en.mp3,fraction_meaning_ko.mp3,fraction_example_en.mp3,fraction_example_ko.mp3,중급,3
fragment,파편,,깨진 유리 파편을 조심해서 치웠다.,I carefully cleaned up the fragments of broken glass.,fragment.png,fragment_word_en.mp3,fragment_meaning_ko.mp3,fragment_example_en.mp3,fragment_example_ko.mp3,중급,3
framework,틀,,우리는 새 계획의 기본 틀을 만들었다.,We made the basic framework of the new plan.,framework.png,framework_word_en.mp3,framework_meaning_ko.mp3,framework_example_en.mp3,framework_example_ko.mp3,중급,3
fraud,사기,,그 회사는 사기 혐의로 조사를 받고 있어요.,The company is being investigated for fraud.,fraud.png,fraud_word_en.mp3,fraud_meaning_ko.mp3,fraud_example_en.mp3,fraud_example_ko.mp3,중급,3
freedom,자유,,우리는 모두 자유를 소중히 여겨야 해요.,We should all value freedom.,freedom.png,freedom_word_en.mp3,freedom_meaning_ko.mp3,freedom_example_en.mp3,freedom_example_ko.mp3,중급,3
freely,자유롭게,,아이들은 공원에서 자유롭게 뛰어놀았어요.,The children played freely in the park.,freely.png,freely_word_en.mp3,freely_meaning_ko.mp3,freely_example_en.mp3,freely_example_ko.mp3,중급,3
frequency,빈도,,운동 빈도를 조금 늘려 보세요.,Try increasing the frequency of your exercise a little.,frequency.png,frequency_word_en.mp3,frequency_meaning_ko.mp3,frequency_example_en.mp3,frequency_example_ko.mp3,중급,3
frequent,빈번한,,그 지역은 비가 빈번한 편이에요.,Rain is frequent in that area.,frequent.png,frequent_word_en.mp3,frequent_meaning_ko.mp3,frequent_example_en.mp3,frequent_example_ko.mp3,중급,3
fulfil,이행하다,,그는 계약 내용을 성실히 이행했어요.,He faithfully fulfilled the terms of the contract.,fulfil.png,fulfil_word_en.mp3,fulfil_meaning_ko.mp3,fulfil_example_en.mp3,fulfil_example_ko.mp3,중급,3
full-time,풀타임,,그녀는 풀타임 직원으로 일하고 있어요.,She is working as a full-time employee.,full-time.png,full-time_word_en.mp3,full-time_meaning_ko.mp3,full-time_example_en.mp3,full-time_example_ko.mp3,중급,3
fully,완전히,,문제를 완전히 이해했어요.,I fully understood the problem.,fully.png,fully_word_en.mp3,fully_meaning_ko.mp3,fully_example_en.mp3,fully_example_ko.mp3,중급,3
fund,기금,,학교는 장학 기금을 만들었어요.,The school created a scholarship fund.,fund.png,fund_word_en.mp3,fund_meaning_ko.mp3,fund_example_en.mp3,fund_example_ko.mp3,비즈니스,3
fundamental,기본적인,,이것은 수학의 기본적인 개념이에요.,This is a fundamental concept in mathematics.,fundamental.png,fundamental_word_en.mp3,fundamental_meaning_ko.mp3,fundamental_example_en.mp3,fundamental_example_ko.mp3,중급,3
fundamentally,근본적으로,,두 사람의 생각은 근본적으로 달라요.,The two people's ideas are fundamentally different.,fundamentally.png,fundamentally_word_en.mp3,fundamentally_meaning_ko.mp3,fundamentally_example_en.mp3,fundamentally_example_ko.mp3,중급,3
funding,자금,,새 프로젝트에는 더 많은 자금이 필요해요.,The new project needs more funding.,funding.png,funding_word_en.mp3,funding_meaning_ko.mp3,funding_example_en.mp3,funding_example_ko.mp3,비즈니스,3
furious,격분한,,그는 거짓말을 듣고 격분한 표정을 지었어요.,He looked furious after hearing the lie.,furious.png,furious_word_en.mp3,furious_meaning_ko.mp3,furious_example_en.mp3,furious_example_ko.mp3,중급,3
furthermore,게다가,,이 집은 넓어요. 게다가 역에서 가까워요.,"This house is spacious. Furthermore, it is close to the station.",furthermore.png,furthermore_word_en.mp3,furthermore_meaning_ko.mp3,furthermore_example_en.mp3,furthermore_example_ko.mp3,중급,3
gain,얻다,,그는 노력으로 많은 경험을 얻었어요.,He gained a lot of experience through effort.,gain.png,gain_word_en.mp3,gain_meaning_ko.mp3,gain_example_en.mp3,gain_example_ko.mp3,비즈니스,3
gaming,게임하기,,그는 주말에 게임하기를 좋아해요.,He likes gaming on weekends.,gaming.png,gaming_word_en.mp3,gaming_meaning_ko.mp3,gaming_example_en.mp3,gaming_example_ko.mp3,중급,3
gang,갱단,,경찰은 그 갱단을 체포했어요.,The police arrested the gang.,gang.png,gang_word_en.mp3,gang_meaning_ko.mp3,gang_example_en.mp3,gang_example_ko.mp3,중급,3
gay,동성애자,,그는 자신이 동성애자라고 말했어요.,He said that he is gay.,gay.png,gay_word_en.mp3,gay_meaning_ko.mp3,gay_example_en.mp3,gay_example_ko.mp3,중급,3
gender,성별,,이 양식에는 성별을 쓰는 칸이 있어요.,This form has a section for writing gender.,gender.png,gender_word_en.mp3,gender_meaning_ko.mp3,gender_example_en.mp3,gender_example_ko.mp3,중급,3
gene,유전자,,눈 색깔은 유전자의 영향을 받을 수 있어요.,Eye color can be influenced by genes.,gene.png,gene_word_en.mp3,gene_meaning_ko.mp3,gene_example_en.mp3,gene_example_ko.mp3,중급,3
generate,생성하다,,이 프로그램은 자동으로 보고서를 생성해요.,This program automatically generates reports.,generate.png,generate_word_en.mp3,generate_meaning_ko.mp3,generate_example_en.mp3,generate_example_ko.mp3,중급,3
genetic,유전적인,,그 병은 유전적인 원인이 있을 수 있어요.,The disease may have a genetic cause.,genetic.png,genetic_word_en.mp3,genetic_meaning_ko.mp3,genetic_example_en.mp3,genetic_example_ko.mp3,중급,3
genius,천재,,모두가 그 아이를 음악 천재라고 불러요.,Everyone calls the child a musical genius.,genius.png,genius_word_en.mp3,genius_meaning_ko.mp3,genius_example_en.mp3,genius_example_ko.mp3,중급,3
genre,장르,,제가 가장 좋아하는 영화 장르는 코미디예요.,My favorite movie genre is comedy.,genre.png,genre_word_en.mp3,genre_meaning_ko.mp3,genre_example_en.mp3,genre_example_ko.mp3,중급,3
genuine,진짜의,,이 가방은 진짜의 가죽으로 만들었어요.,This bag is made of genuine leather.,genuine.png,genuine_word_en.mp3,genuine_meaning_ko.mp3,genuine_example_en.mp3,genuine_example_ko.mp3,중급,3
genuinely,진정으로,,그녀는 친구의 성공을 진정으로 기뻐했어요.,She was genuinely happy about her friend's success.,genuinely.png,genuinely_word_en.mp3,genuinely_meaning_ko.mp3,genuinely_example_en.mp3,genuinely_example_ko.mp3,중급,3
gesture,제스처,,그는 손 제스처로 조용히 하라고 했어요.,He used a hand gesture to tell us to be quiet.,gesture.png,gesture_word_en.mp3,gesture_meaning_ko.mp3,gesture_example_en.mp3,gesture_example_ko.mp3,중급,3
gig,공연,,그 밴드는 금요일에 작은 공연을 해요.,The band is doing a small gig on Friday.,gig.png,gig_word_en.mp3,gig_meaning_ko.mp3,gig_example_en.mp3,gig_example_ko.mp3,중급,3
globalization,세계화,,세계화 때문에 여러 나라의 문화가 더 가까워졌어요.,"Because of globalization, the cultures of many countries have become closer.",globalization.png,globalization_word_en.mp3,globalization_meaning_ko.mp3,globalization_example_en.mp3,globalization_example_ko.mp3,중급,3
globe,지구본,,선생님은 지구본으로 나라의 위치를 보여 주셨어요.,The teacher showed the locations of countries with a globe.,globe.png,globe_word_en.mp3,globe_meaning_ko.mp3,globe_example_en.mp3,globe_example_ko.mp3,중급,3
golden,황금색의,,하늘에 황금색의 노을이 펼쳐졌어요.,A golden sunset spread across the sky.,golden.png,golden_word_en.mp3,golden_meaning_ko.mp3,golden_example_en.mp3,golden_example_ko.mp3,중급,3
goodness,선함,,그의 행동에서 선함이 느껴졌어요.,I felt goodness in his actions.,goodness.png,goodness_word_en.mp3,goodness_meaning_ko.mp3,goodness_example_en.mp3,goodness_example_ko.mp3,중급,3
gorgeous,멋진,,그녀는 파티에서 멋진 드레스를 입었어요.,She wore a gorgeous dress at the party.,gorgeous.png,gorgeous_word_en.mp3,gorgeous_meaning_ko.mp3,gorgeous_example_en.mp3,gorgeous_example_ko.mp3,중급,3
govern,통치하다,,왕은 오랫동안 그 나라를 통치했어요.,The king governed the country for a long time.,govern.png,govern_word_en.mp3,govern_meaning_ko.mp3,govern_example_en.mp3,govern_example_ko.mp3,중급,3
governor,주지사,,주지사는 새로운 법안을 발표했어요.,The governor announced a new bill.,governor.png,governor_word_en.mp3,governor_meaning_ko.mp3,governor_example_en.mp3,governor_example_ko.mp3,중급,3
grab,잡아채다,,그는 떨어지는 컵을 빨리 잡아챘어요.,He quickly grabbed the falling cup.,grab.png,grab_word_en.mp3,grab_meaning_ko.mp3,grab_example_en.mp3,grab_example_ko.mp3,중급,3
gradually,점차,,날씨가 점차 따뜻해지고 있어요.,The weather is gradually getting warmer.,gradually.png,gradually_word_en.mp3,gradually_meaning_ko.mp3,gradually_example_en.mp3,gradually_example_ko.mp3,중급,3
grand,웅장한,,우리는 웅장한 궁전을 구경했어요.,We looked around the grand palace.,grand.png,grand_word_en.mp3,grand_meaning_ko.mp3,grand_example_en.mp3,grand_example_ko.mp3,중급,3
grant,부여하다,,학교는 그에게 장학금을 부여했어요.,The school granted him a scholarship.,grant.png,grant_word_en.mp3,grant_meaning_ko.mp3,grant_example_en.mp3,grant_example_ko.mp3,중급,3
graphic,그래픽의,,이 프로그램은 그래픽의 품질이 좋아요.,This program has good graphic quality.,graphic.png,graphic_word_en.mp3,graphic_meaning_ko.mp3,graphic_example_en.mp3,graphic_example_ko.mp3,중급,3
graphics,그래픽,,이 게임의 그래픽은 아주 선명해요.,The graphics of this game are very clear.,graphics.png,graphics_word_en.mp3,graphics_meaning_ko.mp3,graphics_example_en.mp3,graphics_example_ko.mp3,중급,3
greatly,매우,,여러분의 도움에 매우 감사드립니다.,I greatly appreciate your help.,greatly.png,greatly_word_en.mp3,greatly_meaning_ko.mp3,greatly_example_en.mp3,greatly_example_ko.mp3,중급,3
greenhouse,온실,,농부는 온실에서 토마토를 키워요.,The farmer grows tomatoes in a greenhouse.,greenhouse.png,greenhouse_word_en.mp3,greenhouse_meaning_ko.mp3,greenhouse_example_en.mp3,greenhouse_example_ko.mp3,중급,3
grocery,식료품점,,저는 집 앞 식료품점에서 우유를 샀어요.,I bought milk at the grocery store in front of my house.,grocery.png,grocery_word_en.mp3,grocery_meaning_ko.mp3,grocery_example_en.mp3,grocery_example_ko.mp3,쇼핑,2
guarantee,보증,,이 제품에는 1년 보증이 있어요.,This product has a one-year guarantee.,guarantee.png,guarantee_word_en.mp3,guarantee_meaning_ko.mp3,guarantee_example_en.mp3,guarantee_example_ko.mp3,중급,3
guideline,지침,,직원들은 안전 지침을 따라야 해요.,Employees must follow the safety guidelines.,guideline.png,guideline_word_en.mp3,guideline_meaning_ko.mp3,guideline_example_en.mp3,guideline_example_ko.mp3,중급,3
habitat,서식지,,숲은 많은 동물의 서식지예요.,The forest is the habitat of many animals.,habitat.png,habitat_word_en.mp3,habitat_meaning_ko.mp3,habitat_example_en.mp3,habitat_example_ko.mp3,중급,3
handle,처리하다,,그는 어려운 문제를 잘 처리했어요.,He handled the difficult problem well.,handle.png,handle_word_en.mp3,handle_meaning_ko.mp3,handle_example_en.mp3,handle_example_ko.mp3,중급,3
harbour,항구,,배들이 항구에 조용히 정박해 있어요.,The boats are quietly anchored in the harbour.,harbour.png,harbour_word_en.mp3,harbour_meaning_ko.mp3,harbour_example_en.mp3,harbour_example_ko.mp3,중급,3
harm,해,,담배는 건강에 해를 줄 수 있어요.,Smoking can cause harm to your health.,harm.png,harm_word_en.mp3,harm_meaning_ko.mp3,harm_example_en.mp3,harm_example_ko.mp3,위기탈출,3
harmful,해로운,,이 화학 물질은 사람에게 해로운 물질이에요.,This chemical is harmful to people.,harmful.png,harmful_word_en.mp3,harmful_meaning_ko.mp3,harmful_example_en.mp3,harmful_example_ko.mp3,위기탈출,3
headquarters,본부,,그 회사의 본부는 서울에 있어요.,The company's headquarters is in Seoul.,headquarters.png,headquarters_word_en.mp3,headquarters_meaning_ko.mp3,headquarters_example_en.mp3,headquarters_example_ko.mp3,중급,3
heal,치유하다,,시간이 지나면 상처가 치유될 거예요.,The wound will heal over time.,heal.png,heal_word_en.mp3,heal_meaning_ko.mp3,heal_example_en.mp3,heal_example_ko.mp3,위기탈출,3
healthcare,건강 관리,,정부는 건강 관리 서비스를 개선하고 있어요.,The government is improving healthcare services.,healthcare.png,healthcare_word_en.mp3,healthcare_meaning_ko.mp3,healthcare_example_en.mp3,healthcare_example_ko.mp3,중급,3
hearing,청력,,할머니는 나이가 들면서 청력이 약해졌어요.,My grandmother's hearing became weaker as she got older.,hearing.png,hearing_word_en.mp3,hearing_meaning_ko.mp3,hearing_example_en.mp3,hearing_example_ko.mp3,중급,3
heaven,천국,,그녀는 천국이 평화로운 곳이라고 믿어요.,She believes heaven is a peaceful place.,heaven.png,heaven_word_en.mp3,heaven_meaning_ko.mp3,heaven_example_en.mp3,heaven_example_ko.mp3,중급,3
heel,발뒤꿈치,,새 신발 때문에 발뒤꿈치가 아파요.,My heel hurts because of my new shoes.,heel.png,heel_word_en.mp3,heel_meaning_ko.mp3,heel_example_en.mp3,heel_example_ko.mp3,쇼핑,2
hell,지옥,,그는 전쟁을 지옥 같은 경험이라고 말했어요.,He described the war as a hell-like experience.,,hell_word_en.mp3,hell_meaning_ko.mp3,hell_example_en.mp3,hell_example_ko.mp3,중급,3
helmet,헬멧,,자전거를 탈 때는 헬멧을 써야 해요.,You should wear a helmet when riding a bicycle.,helmet.png,helmet_word_en.mp3,helmet_meaning_ko.mp3,helmet_example_en.mp3,helmet_example_ko.mp3,중급,3
hence,그러므로,,비가 많이 왔어요. 그러므로 경기가 취소됐어요.,"It rained a lot. Hence, the game was canceled.",hence.png,hence_word_en.mp3,hence_meaning_ko.mp3,hence_example_en.mp3,hence_example_ko.mp3,중급,3
herb,허브,,나는 파스타에 신선한 허브를 넣었어요.,I put fresh herbs in the pasta.,herb.png,herb_word_en.mp3,herb_meaning_ko.mp3,herb_example_en.mp3,herb_example_ko.mp3,중급,3
hesitate,망설이다,,그는 대답하기 전에 잠시 망설였어요.,He hesitated for a moment before answering.,hesitate.png,hesitate_word_en.mp3,hesitate_meaning_ko.mp3,hesitate_example_en.mp3,hesitate_example_ko.mp3,중급,3
hidden,숨겨진,,상자 안에는 숨겨진 편지가 있었어요.,There was a hidden letter inside the box.,hidden.png,hidden_word_en.mp3,hidden_meaning_ko.mp3,hidden_example_en.mp3,hidden_example_ko.mp3,중급,3
highway,고속도로,,우리는 고속도로를 타고 부산에 갔어요.,We took the highway to Busan.,highway.png,highway_word_en.mp3,highway_meaning_ko.mp3,highway_example_en.mp3,highway_example_ko.mp3,중급,3
hilarious,매우 웃긴,,그 영화는 매우 웃긴 장면이 많았어요.,That movie had many hilarious scenes.,hilarious.png,hilarious_word_en.mp3,hilarious_meaning_ko.mp3,hilarious_example_en.mp3,hilarious_example_ko.mp3,중급,3
hip,엉덩이,,그녀는 넘어져서 엉덩이를 다쳤어요.,She fell and hurt her hip.,hip.png,hip_word_en.mp3,hip_meaning_ko.mp3,hip_example_en.mp3,hip_example_ko.mp3,중급,3
historian,역사가,,그 역사가는 조선 시대에 대해 연구해요.,The historian studies the Joseon period.,historian.png,historian_word_en.mp3,historian_meaning_ko.mp3,historian_example_en.mp3,historian_example_ko.mp3,중급,3
hollow,속이 빈,,이 나무는 오래되어 속이 빈 상태예요.,This tree is old and hollow inside.,hollow.png,hollow_word_en.mp3,hollow_meaning_ko.mp3,hollow_example_en.mp3,hollow_example_ko.mp3,중급,3
holy,신성한,,이곳은 많은 사람들에게 신성한 장소예요.,This is a holy place for many people.,holy.png,holy_word_en.mp3,holy_meaning_ko.mp3,holy_example_en.mp3,holy_example_ko.mp3,중급,3
homeless,노숙자,,그 단체는 노숙자에게 따뜻한 음식을 나누어 줘요.,The organization gives warm food to homeless people.,homeless.png,homeless_word_en.mp3,homeless_meaning_ko.mp3,homeless_example_en.mp3,homeless_example_ko.mp3,중급,3
honesty,정직함,,정직함은 좋은 친구에게 중요한 덕목이에요.,Honesty is an important quality in a good friend.,honesty.png,honesty_word_en.mp3,honesty_meaning_ko.mp3,honesty_example_en.mp3,honesty_example_ko.mp3,중급,3
honour,명예,,그는 가족의 명예를 지키려고 노력했어요.,He tried to protect his family's honour.,honour.png,honour_word_en.mp3,honour_meaning_ko.mp3,honour_example_en.mp3,honour_example_ko.mp3,중급,3
hook,갈고리,,나는 벽의 갈고리에 가방을 걸었어요.,I hung my bag on the hook on the wall.,hook.png,hook_word_en.mp3,hook_meaning_ko.mp3,hook_example_en.mp3,hook_example_ko.mp3,중급,3
hopefully,바라건대,,바라건대 내일은 날씨가 맑을 거예요.,"Hopefully, the weather will be clear tomorrow.",hopefully.png,hopefully_word_en.mp3,hopefully_meaning_ko.mp3,hopefully_example_en.mp3,hopefully_example_ko.mp3,중급,3
household,가구,,이 아파트에는 총 백 가구가 살고 있어요.,A total of one hundred households live in this apartment building.,household.png,household_word_en.mp3,household_meaning_ko.mp3,household_example_en.mp3,household_example_ko.mp3,중급,3
housing,주택,,정부는 젊은 사람들을 위한 주택을 더 지을 계획이에요.,The government plans to build more housing for young people.,housing.png,housing_word_en.mp3,housing_meaning_ko.mp3,housing_example_en.mp3,housing_example_ko.mp3,중급,3
humorous,유머러스한,,그 선생님은 유머러스한 말로 학생들을 웃게 해요.,The teacher makes students laugh with humorous remarks.,humorous.png,humorous_word_en.mp3,humorous_meaning_ko.mp3,humorous_example_en.mp3,humorous_example_ko.mp3,중급,3
humour,유머,,그의 유머 덕분에 분위기가 밝아졌어요.,His humour made the atmosphere brighter.,humour.png,humour_word_en.mp3,humour_meaning_ko.mp3,humour_example_en.mp3,humour_example_ko.mp3,중급,3
hunger,배고픔,,오랫동안 걷고 나니 배고픔을 느꼈어요.,"After walking for a long time, I felt hunger.",hunger.png,hunger_word_en.mp3,hunger_meaning_ko.mp3,hunger_example_en.mp3,hunger_example_ko.mp3,중급,3
hunting,사냥,,그 마을에서는 겨울에 사냥을 하기도 해요.,"In that village, people sometimes go hunting in winter.",hunting.png,hunting_word_en.mp3,hunting_meaning_ko.mp3,hunting_example_en.mp3,hunting_example_ko.mp3,중급,3
hypothesis,가설,,과학자는 실험으로 자신의 가설을 확인했어요.,The scientist tested his hypothesis through an experiment.,hypothesis.png,hypothesis_word_en.mp3,hypothesis_meaning_ko.mp3,hypothesis_example_en.mp3,hypothesis_example_ko.mp3,중급,3
icon,아이콘,,휴대폰 화면에서 카메라 아이콘을 눌렀어요.,I pressed the camera icon on the phone screen.,icon.png,icon_word_en.mp3,icon_meaning_ko.mp3,icon_example_en.mp3,icon_example_ko.mp3,중급,3
ID,신분증,,도서관에 들어가려면 신분증이 필요해요.,You need an ID to enter the library.,ID.png,ID_word_en.mp3,ID_meaning_ko.mp3,ID_example_en.mp3,ID_example_ko.mp3,중급,3
identical,동일한,,두 사람은 동일한 가방을 가지고 있어요.,The two people have identical bags.,identical.png,identical_word_en.mp3,identical_meaning_ko.mp3,identical_example_en.mp3,identical_example_ko.mp3,중급,3
illusion,착각,,멀리서 보니 물이 있는 것 같았지만 착각이었어요.,"From far away, it looked like there was water, but it was an illusion.",illusion.png,illusion_word_en.mp3,illusion_meaning_ko.mp3,illusion_example_en.mp3,illusion_example_ko.mp3,중급,3
illustrate,설명하다,,선생님은 그림으로 어려운 개념을 설명했어요.,The teacher illustrated the difficult concept with a picture.,illustrate.png,illustrate_word_en.mp3,illustrate_meaning_ko.mp3,illustrate_example_en.mp3,illustrate_example_ko.mp3,중급,3
illustration,삽화,,이 책에는 예쁜 삽화가 많이 있어요.,This book has many beautiful illustrations.,illustration.png,illustration_word_en.mp3,illustration_meaning_ko.mp3,illustration_example_en.mp3,illustration_example_ko.mp3,중급,3
imagination,상상력,,아이들은 풍부한 상상력으로 이야기를 만들었어요.,The children made a story with their rich imagination.,imagination.png,imagination_word_en.mp3,imagination_meaning_ko.mp3,imagination_example_en.mp3,imagination_example_ko.mp3,중급,3
immigration,이민,,그 가족은 이민을 준비하고 있어요.,The family is preparing for immigration.,immigration.png,immigration_word_en.mp3,immigration_meaning_ko.mp3,immigration_example_en.mp3,immigration_example_ko.mp3,여행,2
immune,면역의,,건강한 식사는 면역의 기능을 높이는 데 도움이 돼요.,A healthy diet helps improve immune function.,immune.png,immune_word_en.mp3,immune_meaning_ko.mp3,immune_example_en.mp3,immune_example_ko.mp3,중급,3
impatient,참을성 없는,,그 아이는 줄을 기다리는 동안 참을성 없는 모습을 보였어요.,The child looked impatient while waiting in line.,impatient.png,impatient_word_en.mp3,impatient_meaning_ko.mp3,impatient_example_en.mp3,impatient_example_ko.mp3,중급,3
implement,실행하다,,회사는 다음 달부터 새로운 계획을 실행할 거예요.,The company will implement the new plan starting next month.,implement.png,implement_word_en.mp3,implement_meaning_ko.mp3,implement_example_en.mp3,implement_example_ko.mp3,중급,3
implication,함의,,그 발언에는 중요한 정치적 함의가 있어요.,That statement has an important political implication.,implication.png,implication_word_en.mp3,implication_meaning_ko.mp3,implication_example_en.mp3,implication_example_ko.mp3,중급,3
imply,암시하다,,그의 표정은 그가 화가 났다는 것을 암시했어요.,His expression implied that he was angry.,imply.png,imply_word_en.mp3,imply_meaning_ko.mp3,imply_example_en.mp3,imply_example_ko.mp3,중급,3
impose,부과하다,,정부는 새 세금을 부과하기로 했어요.,The government decided to impose a new tax.,impose.png,impose_word_en.mp3,impose_meaning_ko.mp3,impose_example_en.mp3,impose_example_ko.mp3,중급,3
impress,감동시키다,,그의 친절한 행동은 모두를 감동시켰어요.,His kind action impressed everyone.,impress.png,impress_word_en.mp3,impress_meaning_ko.mp3,impress_example_en.mp3,impress_example_ko.mp3,중급,3
impressed,감명받은,,나는 그녀의 발표에 깊이 감명받았어요.,I was deeply impressed by her presentation.,impressed.png,impressed_word_en.mp3,impressed_meaning_ko.mp3,impressed_example_en.mp3,impressed_example_ko.mp3,중급,3
incentive,장려금,,회사는 직원들에게 성과 장려금을 지급했어요.,The company paid performance incentives to its employees.,incentive.png,incentive_word_en.mp3,incentive_meaning_ko.mp3,incentive_example_en.mp3,incentive_example_ko.mp3,중급,3
inch,인치,,이 화면의 크기는 십오 인치예요.,The size of this screen is fifteen inches.,inch.png,inch_word_en.mp3,inch_meaning_ko.mp3,inch_example_en.mp3,inch_example_ko.mp3,중급,3
incident,사건,,어제 학교 앞에서 작은 사건이 있었어요.,There was a small incident in front of the school yesterday.,incident.png,incident_word_en.mp3,incident_meaning_ko.mp3,incident_example_en.mp3,incident_example_ko.mp3,중급,3
income,소득,,그는 매달 소득의 일부를 저축해요.,He saves part of his income every month.,income.png,income_word_en.mp3,income_meaning_ko.mp3,income_example_en.mp3,income_example_ko.mp3,비즈니스,3
incorporate,포함하다,,우리는 회의에서 나온 의견을 계획에 포함했어요.,We incorporated the opinions from the meeting into the plan.,incorporate.png,incorporate_word_en.mp3,incorporate_meaning_ko.mp3,incorporate_example_en.mp3,incorporate_example_ko.mp3,비즈니스,3
incorrect,틀린,,이 답은 틀린 답이에요.,This answer is incorrect.,incorrect.png,incorrect_word_en.mp3,incorrect_meaning_ko.mp3,incorrect_example_en.mp3,incorrect_example_ko.mp3,중급,3
increasingly,점점 더,,요즘 전기차가 점점 더 인기를 얻고 있어요.,"These days, electric cars are becoming increasingly popular.",increasingly.png,increasingly_word_en.mp3,increasingly_meaning_ko.mp3,increasingly_example_en.mp3,increasingly_example_ko.mp3,중급,3
independence,독립,,그 나라는 오랜 투쟁 끝에 독립을 얻었어요.,The country gained independence after a long struggle.,independence.png,independence_word_en.mp3,independence_meaning_ko.mp3,independence_example_en.mp3,independence_example_ko.mp3,중급,3
index,색인,,책 뒤의 색인에서 필요한 단어를 찾았어요.,I found the word I needed in the index at the back of the book.,index.png,index_word_en.mp3,index_meaning_ko.mp3,index_example_en.mp3,index_example_ko.mp3,중급,3
indication,징후,,높은 열은 감기의 징후일 수 있어요.,A high fever can be an indication of a cold.,indication.png,indication_word_en.mp3,indication_meaning_ko.mp3,indication_example_en.mp3,indication_example_ko.mp3,중급,3
industrial,산업의,,이 도시는 산업의 중심지로 발전했어요.,This city developed as an industrial center.,industrial.png,industrial_word_en.mp3,industrial_meaning_ko.mp3,industrial_example_en.mp3,industrial_example_ko.mp3,비즈니스,3
inevitable,불가피한,,계획이 늦어져서 일정 변경은 불가피한 일이었어요.,"Because the plan was delayed, a schedule change was inevitable.",inevitable.png,inevitable_word_en.mp3,inevitable_meaning_ko.mp3,inevitable_example_en.mp3,inevitable_example_ko.mp3,중급,3
inevitably,불가피하게,,비가 많이 와서 경기는 불가피하게 취소되었어요.,"Because it rained a lot, the game was inevitably canceled.",inevitably.png,inevitably_word_en.mp3,inevitably_meaning_ko.mp3,inevitably_example_en.mp3,inevitably_example_ko.mp3,중급,3
infection,감염,,상처를 깨끗하게 씻어야 감염을 막을 수 있어요.,You must clean the wound to prevent infection.,infection.png,infection_word_en.mp3,infection_meaning_ko.mp3,infection_example_en.mp3,infection_example_ko.mp3,위기탈출,3
infer,추론하다,,우리는 그의 말에서 그가 바쁘다는 것을 추론할 수 있었어요.,We could infer from his words that he was busy.,infer.png,infer_word_en.mp3,infer_meaning_ko.mp3,infer_example_en.mp3,infer_example_ko.mp3,중급,3
inflation,인플레이션,,인플레이션 때문에 물가가 많이 올랐어요.,Prices rose a lot because of inflation.,inflation.png,inflation_word_en.mp3,inflation_meaning_ko.mp3,inflation_example_en.mp3,inflation_example_ko.mp3,비즈니스,3
info,정보,,여행 전에 호텔 정보를 확인했어요.,I checked the hotel info before the trip.,info.png,info_word_en.mp3,info_meaning_ko.mp3,info_example_en.mp3,info_example_ko.mp3,중급,3
inform,알리다,,선생님은 학생들에게 시험 날짜를 알렸어요.,The teacher informed the students of the exam date.,inform.png,inform_word_en.mp3,inform_meaning_ko.mp3,inform_example_en.mp3,inform_example_ko.mp3,중급,3
infrastructure,인프라,,이 도시는 교통 인프라가 잘 갖추어져 있어요.,This city has well-developed transportation infrastructure.,infrastructure.png,infrastructure_word_en.mp3,infrastructure_meaning_ko.mp3,infrastructure_example_en.mp3,infrastructure_example_ko.mp3,중급,3
inhabitant,거주자,,이 섬의 거주자는 대부분 어업에 종사해요.,Most inhabitants of this island work in fishing.,inhabitant.png,inhabitant_word_en.mp3,inhabitant_meaning_ko.mp3,inhabitant_example_en.mp3,inhabitant_example_ko.mp3,중급,3
inherit,물려받다,,그는 할아버지에게서 오래된 시계를 물려받았어요.,He inherited an old watch from his grandfather.,inherit.png,inherit_word_en.mp3,inherit_meaning_ko.mp3,inherit_example_en.mp3,inherit_example_ko.mp3,중급,3
initial,초기의,,초기의 계획은 나중에 많이 바뀌었어요.,The initial plan changed a lot later.,initial.png,initial_word_en.mp3,initial_meaning_ko.mp3,initial_example_en.mp3,initial_example_ko.mp3,중급,3
initially,처음에,,처음에 나는 그 일이 어려울 것이라고 생각했어요.,"Initially, I thought the work would be difficult.",initially.png,initially_word_en.mp3,initially_meaning_ko.mp3,initially_example_en.mp3,initially_example_ko.mp3,중급,3
initiative,주도권,,그 팀은 경기 초반에 주도권을 잡았다.,The team took the initiative early in the game.,initiative.png,initiative_word_en.mp3,initiative_meaning_ko.mp3,initiative_example_en.mp3,initiative_example_ko.mp3,중급,3
ink,잉크,,펜에 잉크가 없어서 글씨가 잘 안 써진다.,"The pen has no ink, so it does not write well.",ink.png,ink_word_en.mp3,ink_meaning_ko.mp3,ink_example_en.mp3,ink_example_ko.mp3,중급,3
inner,내부의,,가방의 내부의 주머니에 열쇠를 넣었다.,I put the key in the inner pocket of the bag.,inner.png,inner_word_en.mp3,inner_meaning_ko.mp3,inner_example_en.mp3,inner_example_ko.mp3,중급,3
innovation,혁신,,이 회사는 기술 혁신으로 빠르게 성장했다.,This company grew quickly through technological innovation.,innovation.png,innovation_word_en.mp3,innovation_meaning_ko.mp3,innovation_example_en.mp3,innovation_example_ko.mp3,중급,3
innovative,혁신적인,,그는 혁신적인 아이디어로 문제를 해결했다.,He solved the problem with an innovative idea.,innovative.png,innovative_word_en.mp3,innovative_meaning_ko.mp3,innovative_example_en.mp3,innovative_example_ko.mp3,중급,3
input,입력,,컴퓨터에 비밀번호를 입력하세요.,Please input the password into the computer.,input.png,input_word_en.mp3,input_meaning_ko.mp3,input_example_en.mp3,input_example_ko.mp3,중급,3
inquiry,문의,,제품에 대한 문의는 고객 센터로 해 주세요.,Please make inquiries about the product to the customer center.,inquiry.png,inquiry_word_en.mp3,inquiry_meaning_ko.mp3,inquiry_example_en.mp3,inquiry_example_ko.mp3,중급,3
insert,삽입하다,,카드를 기계에 삽입하세요.,Please insert the card into the machine.,insert.png,insert_word_en.mp3,insert_meaning_ko.mp3,insert_example_en.mp3,insert_example_ko.mp3,중급,3
insight,통찰,,그 책은 인간관계에 대한 깊은 통찰을 준다.,The book gives deep insight into human relationships.,insight.png,insight_word_en.mp3,insight_meaning_ko.mp3,insight_example_en.mp3,insight_example_ko.mp3,중급,3
insist,주장하다,,그는 자신의 의견이 맞다고 계속 주장했다.,He kept insisting that his opinion was right.,insist.png,insist_word_en.mp3,insist_meaning_ko.mp3,insist_example_en.mp3,insist_example_ko.mp3,중급,3
inspector,검사관,,검사관이 공장의 안전 상태를 확인했다.,The inspector checked the safety condition of the factory.,inspector.png,inspector_word_en.mp3,inspector_meaning_ko.mp3,inspector_example_en.mp3,inspector_example_ko.mp3,중급,3
inspire,고무하다,,선생님의 말은 학생들을 고무했다.,The teacher's words inspired the students.,inspire.png,inspire_word_en.mp3,inspire_meaning_ko.mp3,inspire_example_en.mp3,inspire_example_ko.mp3,중급,3
install,설치하다,,새 프로그램을 컴퓨터에 설치했다.,I installed a new program on the computer.,install.png,install_word_en.mp3,install_meaning_ko.mp3,install_example_en.mp3,install_example_ko.mp3,중급,3
installation,설치,,에어컨 설치는 한 시간 정도 걸렸다.,The air conditioner installation took about an hour.,installation.png,installation_word_en.mp3,installation_meaning_ko.mp3,installation_example_en.mp3,installation_example_ko.mp3,중급,3
instance,예,,"예를 들어, 물은 낮은 곳으로 흐른다.","For instance, water flows to lower places.",instance.png,instance_word_en.mp3,instance_meaning_ko.mp3,instance_example_en.mp3,instance_example_ko.mp3,중급,3
instant,순간,,그 순간 모두가 조용해졌다.,"At that instant, everyone became quiet.",instant.png,instant_word_en.mp3,instant_meaning_ko.mp3,instant_example_en.mp3,instant_example_ko.mp3,중급,3
instantly,즉시,,그는 메시지를 받고 즉시 답장했다.,He replied instantly after receiving the message.,instantly.png,instantly_word_en.mp3,instantly_meaning_ko.mp3,instantly_example_en.mp3,instantly_example_ko.mp3,중급,3
institute,기관,,그 연구 기관은 환경 문제를 연구한다.,The research institute studies environmental issues.,institute.png,institute_word_en.mp3,institute_meaning_ko.mp3,institute_example_en.mp3,institute_example_ko.mp3,중급,3
institution,기관,,이 기관은 어린이 교육을 지원한다.,This institution supports children's education.,institution.png,institution_word_en.mp3,institution_meaning_ko.mp3,institution_example_en.mp3,institution_example_ko.mp3,중급,3
insurance,보험,,여행 전에 보험에 가입했다.,I bought insurance before the trip.,insurance.png,insurance_word_en.mp3,insurance_meaning_ko.mp3,insurance_example_en.mp3,insurance_example_ko.mp3,중급,3
integrate,통합하다,,회사는 두 부서를 하나로 통합했다.,The company integrated the two departments into one.,integrate.png,integrate_word_en.mp3,integrate_meaning_ko.mp3,integrate_example_en.mp3,integrate_example_ko.mp3,중급,3
intellectual,지적인,,그는 지적인 대화를 좋아한다.,He likes intellectual conversations.,intellectual.png,intellectual_word_en.mp3,intellectual_meaning_ko.mp3,intellectual_example_en.mp3,intellectual_example_ko.mp3,중급,3
intended,의도한,,그 결과는 우리가 의도한 것이 아니었다.,That result was not what we intended.,intended.png,intended_word_en.mp3,intended_meaning_ko.mp3,intended_example_en.mp3,intended_example_ko.mp3,중급,3
intense,강렬한,,강렬한 햇빛 때문에 눈을 뜨기 어려웠다.,It was hard to open my eyes because of the intense sunlight.,intense.png,intense_word_en.mp3,intense_meaning_ko.mp3,intense_example_en.mp3,intense_example_ko.mp3,중급,3
interact,상호 작용하다,,아이들은 놀이를 통해 서로 상호 작용한다.,Children interact with each other through play.,interact.png,interact_word_en.mp3,interact_meaning_ko.mp3,interact_example_en.mp3,interact_example_ko.mp3,중급,3
interaction,상호 작용,,수업에서는 학생들 사이의 상호 작용이 중요하다.,Interaction among students is important in class.,interaction.png,interaction_word_en.mp3,interaction_meaning_ko.mp3,interaction_example_en.mp3,interaction_example_ko.mp3,중급,3
internal,내부의,,회사는 내부의 문제를 해결하려고 노력했다.,The company tried to solve its internal problems.,internal.png,internal_word_en.mp3,internal_meaning_ko.mp3,internal_example_en.mp3,internal_example_ko.mp3,중급,3
interpret,해석하다,,그는 그 말을 긍정적으로 해석했다.,He interpreted those words positively.,interpret.png,interpret_word_en.mp3,interpret_meaning_ko.mp3,interpret_example_en.mp3,interpret_example_ko.mp3,중급,3
interpretation,해석,,그 그림에 대한 해석은 사람마다 다르다.,The interpretation of that painting differs from person to person.,interpretation.png,interpretation_word_en.mp3,interpretation_meaning_ko.mp3,interpretation_example_en.mp3,interpretation_example_ko.mp3,중급,3
interrupt,방해하다,,회의 중에는 다른 사람의 말을 방해하지 마세요.,Do not interrupt others during the meeting.,interrupt.png,interrupt_word_en.mp3,interrupt_meaning_ko.mp3,interrupt_example_en.mp3,interrupt_example_ko.mp3,중급,3
interval,간격,,버스는 10분 간격으로 온다.,The bus comes at ten-minute intervals.,interval.png,interval_word_en.mp3,interval_meaning_ko.mp3,interval_example_en.mp3,interval_example_ko.mp3,중급,3
invade,침략하다,,적군이 그 나라를 침략했다.,The enemy army invaded the country.,invade.png,invade_word_en.mp3,invade_meaning_ko.mp3,invade_example_en.mp3,invade_example_ko.mp3,중급,3
invasion,침공,,그 침공은 많은 사람들에게 큰 피해를 주었다.,The invasion caused great harm to many people.,invasion.png,invasion_word_en.mp3,invasion_meaning_ko.mp3,invasion_example_en.mp3,invasion_example_ko.mp3,중급,3
investigation,조사,,경찰은 사고 원인에 대한 조사를 시작했다.,The police began an investigation into the cause of the accident.,investigation.png,investigation_word_en.mp3,investigation_meaning_ko.mp3,investigation_example_en.mp3,investigation_example_ko.mp3,중급,3
investment,투자,,그는 작은 회사에 많은 투자를 했다.,He made a large investment in a small company.,investment.png,investment_word_en.mp3,investment_meaning_ko.mp3,investment_example_en.mp3,investment_example_ko.mp3,비즈니스,3
investor,투자자,,많은 투자자가 새 사업에 관심을 보였다.,Many investors showed interest in the new business.,investor.png,investor_word_en.mp3,investor_meaning_ko.mp3,investor_example_en.mp3,investor_example_ko.mp3,비즈니스,3
isolate,격리하다,,의사는 아픈 환자를 다른 사람들과 격리했다.,The doctor isolated the sick patient from others.,isolate.png,isolate_word_en.mp3,isolate_meaning_ko.mp3,isolate_example_en.mp3,isolate_example_ko.mp3,중급,3
isolated,고립된,,그 마을은 산속에 고립된 곳이었다.,The village was an isolated place in the mountains.,isolated.png,isolated_word_en.mp3,isolated_meaning_ko.mp3,isolated_example_en.mp3,isolated_example_ko.mp3,중급,3
jail,감옥,,그 범죄자는 감옥에 갔다.,The criminal went to jail.,jail.png,jail_word_en.mp3,jail_meaning_ko.mp3,jail_example_en.mp3,jail_example_ko.mp3,위기탈출,3
jet,제트기,,제트기가 하늘을 빠르게 날아갔다.,A jet flew quickly across the sky.,jet.png,jet_word_en.mp3,jet_meaning_ko.mp3,jet_example_en.mp3,jet_example_ko.mp3,중급,3
joint,관절,,무릎 관절이 아파서 병원에 갔다.,I went to the hospital because my knee joint hurt.,joint.png,joint_word_en.mp3,joint_meaning_ko.mp3,joint_example_en.mp3,joint_example_ko.mp3,중급,3
journalism,언론,,그는 대학에서 언론을 공부하고 있다.,He is studying journalism at university.,journalism.png,journalism_word_en.mp3,journalism_meaning_ko.mp3,journalism_example_en.mp3,journalism_example_ko.mp3,중급,3
joy,기쁨,,아이의 얼굴에는 기쁨이 가득했다.,The child's face was full of joy.,joy.png,joy_word_en.mp3,joy_meaning_ko.mp3,joy_example_en.mp3,joy_example_ko.mp3,중급,3
judgement,판단,,중요한 결정을 할 때는 냉정한 판단이 필요하다.,Calm judgement is needed when making an important decision.,judgement.png,judgement_word_en.mp3,judgement_meaning_ko.mp3,judgement_example_en.mp3,judgement_example_ko.mp3,중급,3
junior,후배,,나는 회사 후배에게 일을 설명해 주었다.,I explained the work to my junior colleague at the company.,junior.png,junior_word_en.mp3,junior_meaning_ko.mp3,junior_example_en.mp3,junior_example_ko.mp3,중급,3
jury,배심원단,,배심원단은 피고가 무죄라고 판단했다.,The jury judged that the defendant was not guilty.,jury.png,jury_word_en.mp3,jury_meaning_ko.mp3,jury_example_en.mp3,jury_example_ko.mp3,중급,3
justice,정의,,사람들은 정의를 위해 함께 싸웠다.,The people fought together for justice.,justice.png,justice_word_en.mp3,justice_meaning_ko.mp3,justice_example_en.mp3,justice_example_ko.mp3,중급,3
justify,정당화하다,,그는 자신의 행동을 정당화하려고 했다.,He tried to justify his actions.,justify.png,justify_word_en.mp3,justify_meaning_ko.mp3,justify_example_en.mp3,justify_example_ko.mp3,중급,3
kit,도구 세트,,응급 처치 도구 세트를 차에 두었다.,I kept a first aid kit in the car.,kit.png,kit_word_en.mp3,kit_meaning_ko.mp3,kit_example_en.mp3,kit_example_ko.mp3,중급,3
labour,노동,,농부들은 하루 종일 힘든 노동을 했다.,The farmers did hard labour all day.,labour.png,labour_word_en.mp3,labour_meaning_ko.mp3,labour_example_en.mp3,labour_example_ko.mp3,중급,3
ladder,사다리,,그는 사다리를 타고 지붕에 올라갔다.,He climbed a ladder and went up to the roof.,ladder.png,ladder_word_en.mp3,ladder_meaning_ko.mp3,ladder_example_en.mp3,ladder_example_ko.mp3,중급,3
landing,착륙,,비행기의 착륙은 매우 부드러웠다.,The airplane's landing was very smooth.,landing.png,landing_word_en.mp3,landing_meaning_ko.mp3,landing_example_en.mp3,landing_example_ko.mp3,중급,3
landscape,풍경,,창밖의 풍경이 정말 아름답다.,The landscape outside the window is really beautiful.,landscape.png,landscape_word_en.mp3,landscape_meaning_ko.mp3,landscape_example_en.mp3,landscape_example_ko.mp3,여행,2
lane,차선,,운전자는 오른쪽 차선으로 이동했다.,The driver moved into the right lane.,lane.png,lane_word_en.mp3,lane_meaning_ko.mp3,lane_example_en.mp3,lane_example_ko.mp3,중급,3
largely,대부분,,이 문제는 대부분 날씨 때문에 생겼다.,This problem was largely caused by the weather.,largely.png,largely_word_en.mp3,largely_meaning_ko.mp3,largely_example_en.mp3,largely_example_ko.mp3,중급,3
lately,최근에,,최근에 날씨가 많이 추워졌다.,"Lately, the weather has become much colder.",lately.png,lately_word_en.mp3,lately_meaning_ko.mp3,lately_example_en.mp3,lately_example_ko.mp3,중급,3
launch,출시하다,,회사는 다음 달에 새 제품을 출시할 예정이다.,The company plans to launch a new product next month.,launch.png,launch_word_en.mp3,launch_meaning_ko.mp3,launch_example_en.mp3,launch_example_ko.mp3,비즈니스,3
leadership,리더십,,좋은 리더십은 팀을 강하게 만든다.,Good leadership makes a team strong.,leadership.png,leadership_word_en.mp3,leadership_meaning_ko.mp3,leadership_example_en.mp3,leadership_example_ko.mp3,비즈니스,3
leaflet,전단지,,길에서 행사 전단지를 받았다.,I received an event leaflet on the street.,leaflet.png,leaflet_word_en.mp3,leaflet_meaning_ko.mp3,leaflet_example_en.mp3,leaflet_example_ko.mp3,중급,3
league,리그,,그 축구팀은 올해 리그에서 1위를 했다.,The soccer team finished first in the league this year.,league.png,league_word_en.mp3,league_meaning_ko.mp3,league_example_en.mp3,league_example_ko.mp3,중급,3
lean,기대다,,그는 벽에 기대어 쉬었다.,He leaned against the wall and rested.,lean.png,lean_word_en.mp3,lean_meaning_ko.mp3,lean_example_en.mp3,lean_example_ko.mp3,중급,3
legend,전설,,이 마을에는 오래된 전설이 전해진다.,An old legend is passed down in this village.,legend.png,legend_word_en.mp3,legend_meaning_ko.mp3,legend_example_en.mp3,legend_example_ko.mp3,중급,3
lens,렌즈,,카메라 렌즈를 깨끗이 닦았다.,I cleaned the camera lens.,lens.png,lens_word_en.mp3,lens_meaning_ko.mp3,lens_example_en.mp3,lens_example_ko.mp3,중급,3
licence,면허,,운전하려면 면허가 필요해요.,You need a licence to drive.,licence.png,licence_word_en.mp3,licence_meaning_ko.mp3,licence_example_en.mp3,licence_example_ko.mp3,중급,3
lifetime,평생,,그는 평생 그 일을 기억했다.,He remembered that event for his whole lifetime.,lifetime.png,lifetime_word_en.mp3,lifetime_meaning_ko.mp3,lifetime_example_en.mp3,lifetime_example_ko.mp3,중급,3
lighting,조명,,무대 조명이 너무 밝아요.,The stage lighting is too bright.,lighting.png,lighting_word_en.mp3,lighting_meaning_ko.mp3,lighting_example_en.mp3,lighting_example_ko.mp3,중급,3
likewise,마찬가지로,,저도 마찬가지로 그렇게 생각해요.,I likewise think so.,likewise.png,likewise_word_en.mp3,likewise_meaning_ko.mp3,likewise_example_en.mp3,likewise_example_ko.mp3,중급,3
limitation,한계,,모든 사람에게는 한계가 있다.,Everyone has limitations.,limitation.png,limitation_word_en.mp3,limitation_meaning_ko.mp3,limitation_example_en.mp3,limitation_example_ko.mp3,중급,3
limited,제한된,,우리는 제한된 시간 안에 일을 끝내야 한다.,We must finish the work within a limited time.,limited.png,limited_word_en.mp3,limited_meaning_ko.mp3,limited_example_en.mp3,limited_example_ko.mp3,중급,3
literally,말 그대로,,그 말은 말 그대로 사실이었다.,Those words were literally true.,literally.png,literally_word_en.mp3,literally_meaning_ko.mp3,literally_example_en.mp3,literally_example_ko.mp3,중급,3
literary,문학의,,그녀는 문학의 아름다움을 배웠다.,She learned the beauty of literature.,literary.png,literary_word_en.mp3,literary_meaning_ko.mp3,literary_example_en.mp3,literary_example_ko.mp3,중급,3
litre,리터,,나는 물 한 리터를 마셨다.,I drank one litre of water.,litre.png,litre_word_en.mp3,litre_meaning_ko.mp3,litre_example_en.mp3,litre_example_ko.mp3,중급,3
litter,쓰레기,,공원에 쓰레기를 버리지 마세요.,Please do not throw litter in the park.,litter.png,litter_word_en.mp3,litter_meaning_ko.mp3,litter_example_en.mp3,litter_example_ko.mp3,중급,3
lively,활기찬,,시장은 아침부터 활기찬 분위기였다.,The market had a lively atmosphere from the morning.,lively.png,lively_word_en.mp3,lively_meaning_ko.mp3,lively_example_en.mp3,lively_example_ko.mp3,중급,3
load,짐,,그는 무거운 짐을 트럭에 실었다.,He loaded the heavy load onto the truck.,load.png,load_word_en.mp3,load_meaning_ko.mp3,load_example_en.mp3,load_example_ko.mp3,중급,3
loan,대출금,,그는 매달 대출금을 갚고 있다.,He is paying back the loan every month.,loan.png,loan_word_en.mp3,loan_meaning_ko.mp3,loan_example_en.mp3,loan_example_ko.mp3,비즈니스,3
logical,논리적인,,그의 설명은 매우 논리적이었다.,His explanation was very logical.,logical.png,logical_word_en.mp3,logical_meaning_ko.mp3,logical_example_en.mp3,logical_example_ko.mp3,중급,3
logo,로고,,회사 로고가 가방에 붙어 있다.,The company logo is on the bag.,logo.png,logo_word_en.mp3,logo_meaning_ko.mp3,logo_example_en.mp3,logo_example_ko.mp3,비즈니스,3
long-term,장기적인,,건강을 위해 장기적인 계획이 필요하다.,A long-term plan is needed for health.,long-term.png,long-term_word_en.mp3,long-term_meaning_ko.mp3,long-term_example_en.mp3,long-term_example_ko.mp3,중급,3
loose,헐거운,,이 신발은 나에게 조금 헐거워요.,These shoes are a little loose on me.,loose.png,loose_word_en.mp3,loose_meaning_ko.mp3,loose_example_en.mp3,loose_example_ko.mp3,중급,3
lord,귀족,,중세의 귀족은 넓은 땅을 가졌다.,The medieval lord had a large piece of land.,lord.png,lord_word_en.mp3,lord_meaning_ko.mp3,lord_example_en.mp3,lord_example_ko.mp3,중급,3
lottery,복권,,그녀는 매주 복권을 산다.,She buys a lottery ticket every week.,lottery.png,lottery_word_en.mp3,lottery_meaning_ko.mp3,lottery_example_en.mp3,lottery_example_ko.mp3,쇼핑,2
lower,낮추다,,음악 소리를 조금 낮춰 주세요.,Please lower the music volume a little.,lower.png,lower_word_en.mp3,lower_meaning_ko.mp3,lower_example_en.mp3,lower_example_ko.mp3,중급,3
loyal,충성스러운,,그 개는 주인에게 충성스러웠다.,The dog was loyal to its owner.,loyal.png,loyal_word_en.mp3,loyal_meaning_ko.mp3,loyal_example_en.mp3,loyal_example_ko.mp3,중급,3
lung,폐,,담배는 폐에 나쁘다.,Smoking is bad for the lungs.,lung.png,lung_word_en.mp3,lung_meaning_ko.mp3,lung_example_en.mp3,lung_example_ko.mp3,중급,3
lyric,가사,,이 노래의 가사가 정말 좋아요.,The lyrics of this song are really good.,lyric.png,lyric_word_en.mp3,lyric_meaning_ko.mp3,lyric_example_en.mp3,lyric_example_ko.mp3,중급,3
magnificent,훌륭한,,그 배우는 훌륭한 연기를 보여 주었다.,The actor gave a magnificent performance.,magnificent.png,magnificent_word_en.mp3,magnificent_meaning_ko.mp3,magnificent_example_en.mp3,magnificent_example_ko.mp3,중급,3
maintain,유지하다,,건강을 유지하려면 운동이 필요하다.,Exercise is necessary to maintain health.,maintain.png,maintain_word_en.mp3,maintain_meaning_ko.mp3,maintain_example_en.mp3,maintain_example_ko.mp3,중급,3
majority,다수,,학생들 다수가 그 의견에 동의했다.,The majority of the students agreed with that opinion.,majority.png,majority_word_en.mp3,majority_meaning_ko.mp3,majority_example_en.mp3,majority_example_ko.mp3,중급,3
make-up,화장품,,그녀는 가방에 화장품을 넣었다.,She put make-up in her bag.,make-up.png,make-up_word_en.mp3,make-up_meaning_ko.mp3,make-up_example_en.mp3,make-up_example_ko.mp3,중급,3
making,제작,,영화 제작에는 많은 시간이 걸린다.,The making of a movie takes a lot of time.,making.png,making_word_en.mp3,making_meaning_ko.mp3,making_example_en.mp3,making_example_ko.mp3,중급,3
manufacture,제조하다,,이 공장은 자동차 부품을 제조한다.,This factory manufactures car parts.,manufacture.png,manufacture_word_en.mp3,manufacture_meaning_ko.mp3,manufacture_example_en.mp3,manufacture_example_ko.mp3,비즈니스,3
manufacturing,제조업,,그 도시는 제조업으로 유명하다.,The city is famous for manufacturing.,manufacturing.png,manufacturing_word_en.mp3,manufacturing_meaning_ko.mp3,manufacturing_example_en.mp3,manufacturing_example_ko.mp3,중급,3
marathon,마라톤,,그는 처음으로 마라톤을 완주했다.,He completed a marathon for the first time.,marathon.png,marathon_word_en.mp3,marathon_meaning_ko.mp3,marathon_example_en.mp3,marathon_example_ko.mp3,중급,3
margin,여백,,노트의 여백에 메모를 썼다.,I wrote a note in the margin of the notebook.,margin.png,margin_word_en.mp3,margin_meaning_ko.mp3,margin_example_en.mp3,margin_example_ko.mp3,비즈니스,3
marker,마커,,선생님은 빨간 마커로 답을 표시했다.,The teacher marked the answer with a red marker.,marker.png,marker_word_en.mp3,marker_meaning_ko.mp3,marker_example_en.mp3,marker_example_ko.mp3,중급,3
martial,군사의,,군사 훈련은 아침 일찍 시작되었다.,The martial training began early in the morning.,martial.png,martial_word_en.mp3,martial_meaning_ko.mp3,martial_example_en.mp3,martial_example_ko.mp3,중급,3
mass,덩어리,,얼음 덩어리가 물에 떠 있었다.,A mass of ice was floating in the water.,mass.png,mass_word_en.mp3,mass_meaning_ko.mp3,mass_example_en.mp3,mass_example_ko.mp3,중급,3
massive,거대한,,거대한 바위가 길을 막고 있었다.,A massive rock was blocking the road.,massive.png,massive_word_en.mp3,massive_meaning_ko.mp3,massive_example_en.mp3,massive_example_ko.mp3,중급,3
master,달인,,그는 바둑의 달인이다.,He is a master of baduk.,master.png,master_word_en.mp3,master_meaning_ko.mp3,master_example_en.mp3,master_example_ko.mp3,중급,3
matching,어울리는,,그녀는 드레스와 어울리는 신발을 골랐다.,She chose shoes matching her dress.,matching.png,matching_word_en.mp3,matching_meaning_ko.mp3,matching_example_en.mp3,matching_example_ko.mp3,중급,3
mate,친구,,그는 학교에서 가장 친한 친구이다.,He is my closest mate at school.,mate.png,mate_word_en.mp3,mate_meaning_ko.mp3,mate_example_en.mp3,mate_example_ko.mp3,중급,3
maximum,최대,,이 엘리베이터의 최대 인원은 열 명이다.,The maximum number of people for this elevator is ten.,maximum.png,maximum_word_en.mp3,maximum_meaning_ko.mp3,maximum_example_en.mp3,maximum_example_ko.mp3,중급,3
mayor,시장,,서울 시장이 새 도서관을 열었다.,The mayor of Seoul opened a new library.,mayor.png,mayor_word_en.mp3,mayor_meaning_ko.mp3,mayor_example_en.mp3,mayor_example_ko.mp3,중급,3
means,수단,,자전거는 좋은 이동 수단이다.,A bicycle is a good means of transportation.,means.png,means_word_en.mp3,means_meaning_ko.mp3,means_example_en.mp3,means_example_ko.mp3,중급,3
measurement,측정,,정확한 측정이 중요하다.,Accurate measurement is important.,measurement.png,measurement_word_en.mp3,measurement_meaning_ko.mp3,measurement_example_en.mp3,measurement_example_ko.mp3,중급,3
mechanic,기계공,,기계공이 고장 난 차를 고쳤다.,The mechanic fixed the broken car.,mechanic.png,mechanic_word_en.mp3,mechanic_meaning_ko.mp3,mechanic_example_en.mp3,mechanic_example_ko.mp3,중급,3
mechanical,기계의,,기계 부품을 정기적으로 점검해야 한다.,Mechanical parts should be checked regularly.,mechanical.png,mechanical_word_en.mp3,mechanical_meaning_ko.mp3,mechanical_example_en.mp3,mechanical_example_ko.mp3,중급,3
mechanism,기계 장치,,이 기계 장치는 문을 자동으로 연다.,This mechanism opens the door automatically.,mechanism.png,mechanism_word_en.mp3,mechanism_meaning_ko.mp3,mechanism_example_en.mp3,mechanism_example_ko.mp3,중급,3
medal,메달,,그 선수는 금메달을 받았다.,The athlete received a gold medal.,medal.png,medal_word_en.mp3,medal_meaning_ko.mp3,medal_example_en.mp3,medal_example_ko.mp3,중급,3
medication,약,,의사는 식후에 약을 먹으라고 말했다.,The doctor told me to take the medication after meals.,medication.png,medication_word_en.mp3,medication_meaning_ko.mp3,medication_example_en.mp3,medication_example_ko.mp3,중급,3
melt,녹다,,아이스크림이 햇빛에 녹았다.,The ice cream melted in the sunlight.,melt.png,melt_word_en.mp3,melt_meaning_ko.mp3,melt_example_en.mp3,melt_example_ko.mp3,중급,3
membership,회원권,,나는 헬스장 회원권을 샀다.,I bought a gym membership.,membership.png,membership_word_en.mp3,membership_meaning_ko.mp3,membership_example_en.mp3,membership_example_ko.mp3,중급,3
memorable,기억에 남는,,그 여행은 정말 기억에 남는 경험이었다.,That trip was a truly memorable experience.,memorable.png,memorable_word_en.mp3,memorable_meaning_ko.mp3,memorable_example_en.mp3,memorable_example_ko.mp3,중급,3
metaphor,은유,,선생님은 '시간은 돈이다'라는 은유를 설명했다.,The teacher explained the metaphor 'time is money.',metaphor.png,metaphor_word_en.mp3,metaphor_meaning_ko.mp3,metaphor_example_en.mp3,metaphor_example_ko.mp3,중급,3
military,군대,,그는 군대에서 2년 동안 복무했다.,He served in the military for two years.,military.png,military_word_en.mp3,military_meaning_ko.mp3,military_example_en.mp3,military_example_ko.mp3,중급,3
miner,광부,,광부들은 지하에서 석탄을 캤다.,The miners dug coal underground.,miner.png,miner_word_en.mp3,miner_meaning_ko.mp3,miner_example_en.mp3,miner_example_ko.mp3,중급,3
mineral,광물,,이 산에는 다양한 광물이 있다.,There are various minerals in this mountain.,mineral.png,mineral_word_en.mp3,mineral_meaning_ko.mp3,mineral_example_en.mp3,mineral_example_ko.mp3,중급,3
minimum,최소,,이 시험의 최소 점수는 60점이다.,The minimum score for this test is 60 points.,minimum.png,minimum_word_en.mp3,minimum_meaning_ko.mp3,minimum_example_en.mp3,minimum_example_ko.mp3,중급,3
minister,장관,,교육부 장관이 새 정책을 발표했다.,The minister of education announced a new policy.,minister.png,minister_word_en.mp3,minister_meaning_ko.mp3,minister_example_en.mp3,minister_example_ko.mp3,중급,3
minor,사소한,,그것은 사소한 문제라서 금방 해결할 수 있어요.,"It is a minor problem, so we can solve it quickly.",minor.png,minor_word_en.mp3,minor_meaning_ko.mp3,minor_example_en.mp3,minor_example_ko.mp3,중급,3
minority,소수,,그 의견에 찬성한 사람은 소수였습니다.,The people who agreed with that opinion were a minority.,minority.png,minority_word_en.mp3,minority_meaning_ko.mp3,minority_example_en.mp3,minority_example_ko.mp3,중급,3
miserable,비참한,,그는 전쟁 후에 비참한 삶을 살았습니다.,He lived a miserable life after the war.,miserable.png,miserable_word_en.mp3,miserable_meaning_ko.mp3,miserable_example_en.mp3,miserable_example_ko.mp3,중급,3
mission,임무,,우리 팀의 임무는 아이들을 안전하게 돕는 것입니다.,Our team's mission is to help the children safely.,mission.png,mission_word_en.mp3,mission_meaning_ko.mp3,mission_example_en.mp3,mission_example_ko.mp3,중급,3
mixed,뒤섞인,,상자 안에는 여러 색의 공이 뒤섞여 있었습니다.,Balls of many colors were mixed together in the box.,mixed.png,mixed_word_en.mp3,mixed_meaning_ko.mp3,mixed_example_en.mp3,mixed_example_ko.mp3,중급,3
mode,방식,,이 기계는 세 가지 작동 방식이 있습니다.,This machine has three modes of operation.,mode.png,mode_word_en.mp3,mode_meaning_ko.mp3,mode_example_en.mp3,mode_example_ko.mp3,중급,3
modest,겸손한,,그 선수는 유명하지만 항상 겸손한 태도를 보입니다.,"The athlete is famous, but he always shows a modest attitude.",modest.png,modest_word_en.mp3,modest_meaning_ko.mp3,modest_example_en.mp3,modest_example_ko.mp3,중급,3
modify,수정하다,,선생님은 학생의 글을 조금 수정했습니다.,The teacher modified the student's writing a little.,modify.png,modify_word_en.mp3,modify_meaning_ko.mp3,modify_example_en.mp3,modify_example_ko.mp3,중급,3
monitor,모니터,,새 모니터로 영화를 보니 화면이 더 선명했습니다.,"When I watched a movie on the new monitor, the screen was clearer.",monitor.png,monitor_word_en.mp3,monitor_meaning_ko.mp3,monitor_example_en.mp3,monitor_example_ko.mp3,중급,3
monster,괴물,,아이들은 동화 속 괴물을 무서워했습니다.,The children were afraid of the monster in the fairy tale.,monster.png,monster_word_en.mp3,monster_meaning_ko.mp3,monster_example_en.mp3,monster_example_ko.mp3,중급,3
monthly,매월의,,우리는 매월의 회의 일정을 미리 정합니다.,We decide the monthly meeting schedule in advance.,monthly.png,monthly_word_en.mp3,monthly_meaning_ko.mp3,monthly_example_en.mp3,monthly_example_ko.mp3,중급,3
monument,기념비,,광장 중앙에 큰 기념비가 서 있습니다.,A large monument stands in the center of the square.,monument.png,monument_word_en.mp3,monument_meaning_ko.mp3,monument_example_en.mp3,monument_example_ko.mp3,중급,3
moral,도덕적인,,정직한 행동은 도덕적인 선택입니다.,Honest behavior is a moral choice.,moral.png,moral_word_en.mp3,moral_meaning_ko.mp3,moral_example_en.mp3,moral_example_ko.mp3,중급,3
moreover,게다가,,"이 식당은 음식이 맛있고, 게다가 가격도 싸요.","This restaurant has delicious food, and moreover, the prices are cheap.",moreover.png,moreover_word_en.mp3,moreover_meaning_ko.mp3,moreover_example_en.mp3,moreover_example_ko.mp3,중급,3
mortgage,담보 대출,,그는 집을 사기 위해 담보 대출을 받았습니다.,He got a mortgage to buy a house.,mortgage.png,mortgage_word_en.mp3,mortgage_meaning_ko.mp3,mortgage_example_en.mp3,mortgage_example_ko.mp3,비즈니스,3
mosque,모스크,,그들은 금요일마다 모스크에 갑니다.,They go to the mosque every Friday.,mosque.png,mosque_word_en.mp3,mosque_meaning_ko.mp3,mosque_example_en.mp3,mosque_example_ko.mp3,중급,3
motion,움직임,,카메라는 작은 움직임도 감지할 수 있습니다.,The camera can detect even small motion.,motion.png,motion_word_en.mp3,motion_meaning_ko.mp3,motion_example_en.mp3,motion_example_ko.mp3,중급,3
motivate,동기를 부여하다,,선생님의 칭찬은 학생들에게 동기를 부여했습니다.,The teacher's praise motivated the students.,motivate.png,motivate_word_en.mp3,motivate_meaning_ko.mp3,motivate_example_en.mp3,motivate_example_ko.mp3,중급,3
motivation,동기,,좋은 목표는 공부할 동기를 줍니다.,A good goal gives motivation to study.,motivation.png,motivation_word_en.mp3,motivation_meaning_ko.mp3,motivation_example_en.mp3,motivation_example_ko.mp3,중급,3
motor,모터,,이 장난감 자동차는 작은 모터로 움직입니다.,This toy car moves with a small motor.,motor.png,motor_word_en.mp3,motor_meaning_ko.mp3,motor_example_en.mp3,motor_example_ko.mp3,중급,3
mount,오르다,,그들은 아침 일찍 산에 올랐습니다.,They mounted the mountain early in the morning.,mount.png,mount_word_en.mp3,mount_meaning_ko.mp3,mount_example_en.mp3,mount_example_ko.mp3,중급,3
moving,감동적인,,그 영화의 마지막 장면은 정말 감동적이었습니다.,The last scene of the movie was very moving.,moving.png,moving_word_en.mp3,moving_meaning_ko.mp3,moving_example_en.mp3,moving_example_ko.mp3,중급,3
multiple,여러,,그 문제에는 여러 가지 답이 있을 수 있습니다.,There can be multiple answers to that question.,multiple.png,multiple_word_en.mp3,multiple_meaning_ko.mp3,multiple_example_en.mp3,multiple_example_ko.mp3,중급,3
multiply,곱하다,,2에 3을 곱하면 6이 됩니다.,"If you multiply 2 by 3, you get 6.",multiply.png,multiply_word_en.mp3,multiply_meaning_ko.mp3,multiply_example_en.mp3,multiply_example_ko.mp3,중급,3
mysterious,신비한,,밤하늘에는 신비한 빛이 보였습니다.,A mysterious light appeared in the night sky.,mysterious.png,mysterious_word_en.mp3,mysterious_meaning_ko.mp3,mysterious_example_en.mp3,mysterious_example_ko.mp3,중급,3
myth,신화,,그리스 신화에는 많은 신들이 나옵니다.,Many gods appear in Greek myth.,myth.png,myth_word_en.mp3,myth_meaning_ko.mp3,myth_example_en.mp3,myth_example_ko.mp3,중급,3
naked,벌거벗은,,벌거벗은 아이가 수영장으로 뛰어갔습니다.,The naked child ran to the swimming pool.,,naked_word_en.mp3,naked_meaning_ko.mp3,naked_example_en.mp3,naked_example_ko.mp3,중급,3
nasty,못된,,그는 친구에게 못된 말을 했습니다.,He said nasty words to his friend.,nasty.png,nasty_word_en.mp3,nasty_meaning_ko.mp3,nasty_example_en.mp3,nasty_example_ko.mp3,중급,3
navigation,항해,,긴 항해 동안 선원들은 별을 보며 길을 찾았습니다.,"During the long navigation, the sailors found their way by looking at the stars.",navigation.png,navigation_word_en.mp3,navigation_meaning_ko.mp3,navigation_example_en.mp3,navigation_example_ko.mp3,중급,3
nearby,가까운,,우리는 가까운 공원에서 산책했습니다.,We took a walk in a nearby park.,nearby.png,nearby_word_en.mp3,nearby_meaning_ko.mp3,nearby_example_en.mp3,nearby_example_ko.mp3,중급,3
neat,깔끔한,,그녀의 책상은 항상 깔끔합니다.,Her desk is always neat.,neat.png,neat_word_en.mp3,neat_meaning_ko.mp3,neat_example_en.mp3,neat_example_ko.mp3,중급,3
necessity,필요성,,건강을 위해 운동의 필요성을 느꼈습니다.,I felt the necessity of exercise for my health.,necessity.png,necessity_word_en.mp3,necessity_meaning_ko.mp3,necessity_example_en.mp3,necessity_example_ko.mp3,중급,3
negotiate,협상하다,,두 회사는 가격을 협상하고 있습니다.,The two companies are negotiating the price.,negotiate.png,negotiate_word_en.mp3,negotiate_meaning_ko.mp3,negotiate_example_en.mp3,negotiate_example_ko.mp3,비즈니스,3
negotiation,협상,,협상은 세 시간 동안 계속되었습니다.,The negotiation continued for three hours.,negotiation.png,negotiation_word_en.mp3,negotiation_meaning_ko.mp3,negotiation_example_en.mp3,negotiation_example_ko.mp3,비즈니스,3
nerve,신경,,그는 다친 손가락의 신경에 문제가 생겼습니다.,He had a problem with the nerve in his injured finger.,nerve.png,nerve_word_en.mp3,nerve_meaning_ko.mp3,nerve_example_en.mp3,nerve_example_ko.mp3,중급,3
neutral,중립적인,,심판은 항상 중립적인 태도를 가져야 합니다.,A referee must always have a neutral attitude.,neutral.png,neutral_word_en.mp3,neutral_meaning_ko.mp3,neutral_example_en.mp3,neutral_example_ko.mp3,중급,3
nevertheless,그래도,,비가 많이 왔지만 그래도 우리는 밖에 나갔습니다.,"It rained a lot, but nevertheless, we went outside.",nevertheless.png,nevertheless_word_en.mp3,nevertheless_meaning_ko.mp3,nevertheless_example_en.mp3,nevertheless_example_ko.mp3,중급,3
newly,새로,,새로 문을 연 카페에 가 보았습니다.,I went to a newly opened cafe.,newly.png,newly_word_en.mp3,newly_meaning_ko.mp3,newly_example_en.mp3,newly_example_ko.mp3,중급,3
nightmare,악몽,,어젯밤에 무서운 악몽을 꾸었습니다.,I had a scary nightmare last night.,nightmare.png,nightmare_word_en.mp3,nightmare_meaning_ko.mp3,nightmare_example_en.mp3,nightmare_example_ko.mp3,위기탈출,3
norm,규범,,사회에는 사람들이 지켜야 할 규범이 있습니다.,Society has norms that people should follow.,norm.png,norm_word_en.mp3,norm_meaning_ko.mp3,norm_example_en.mp3,norm_example_ko.mp3,중급,3
notebook,공책,,나는 공책에 오늘 배운 단어를 적었습니다.,I wrote the words I learned today in my notebook.,notebook.png,notebook_word_en.mp3,notebook_meaning_ko.mp3,notebook_example_en.mp3,notebook_example_ko.mp3,중급,3
notion,개념,,이 개념은 처음에는 이해하기 어려웠습니다.,This notion was difficult to understand at first.,notion.png,notion_word_en.mp3,notion_meaning_ko.mp3,notion_example_en.mp3,notion_example_ko.mp3,중급,3
novelist,소설가,,그녀는 유명한 소설가가 되고 싶어 합니다.,She wants to become a famous novelist.,novelist.png,novelist_word_en.mp3,novelist_meaning_ko.mp3,novelist_example_en.mp3,novelist_example_ko.mp3,중급,3
nowadays,요즘,,요즘 많은 사람들이 집에서 일합니다.,"Nowadays, many people work from home.",nowadays.png,nowadays_word_en.mp3,nowadays_meaning_ko.mp3,nowadays_example_en.mp3,nowadays_example_ko.mp3,중급,3
numerous,많은,,그 박물관에는 많은 그림이 전시되어 있습니다.,Numerous paintings are displayed in the museum.,numerous.png,numerous_word_en.mp3,numerous_meaning_ko.mp3,numerous_example_en.mp3,numerous_example_ko.mp3,중급,3
nursing,간호,,그녀는 대학에서 간호를 공부하고 있습니다.,She is studying nursing at university.,nursing.png,nursing_word_en.mp3,nursing_meaning_ko.mp3,nursing_example_en.mp3,nursing_example_ko.mp3,중급,3
nutrition,영양,,아이들에게는 충분한 영양이 필요합니다.,Children need enough nutrition.,nutrition.png,nutrition_word_en.mp3,nutrition_meaning_ko.mp3,nutrition_example_en.mp3,nutrition_example_ko.mp3,중급,3
obesity,비만,,비만은 여러 건강 문제를 일으킬 수 있습니다.,Obesity can cause many health problems.,obesity.png,obesity_word_en.mp3,obesity_meaning_ko.mp3,obesity_example_en.mp3,obesity_example_ko.mp3,중급,3
obey,복종하다,,군인들은 명령에 복종해야 합니다.,Soldiers must obey orders.,obey.png,obey_word_en.mp3,obey_meaning_ko.mp3,obey_example_en.mp3,obey_example_ko.mp3,중급,3
objective,목표,,우리의 목표는 올해 매출을 높이는 것입니다.,Our objective is to increase sales this year.,objective.png,objective_word_en.mp3,objective_meaning_ko.mp3,objective_example_en.mp3,objective_example_ko.mp3,중급,3
obligation,의무,,부모는 아이를 보호할 의무가 있습니다.,Parents have an obligation to protect their children.,obligation.png,obligation_word_en.mp3,obligation_meaning_ko.mp3,obligation_example_en.mp3,obligation_example_ko.mp3,중급,3
observation,관찰,,과학자는 오랜 관찰 후에 결론을 내렸습니다.,The scientist reached a conclusion after long observation.,observation.png,observation_word_en.mp3,observation_meaning_ko.mp3,observation_example_en.mp3,observation_example_ko.mp3,중급,3
observe,관찰하다,,학생들은 현미경으로 작은 세포를 관찰했습니다.,The students observed small cells with a microscope.,observe.png,observe_word_en.mp3,observe_meaning_ko.mp3,observe_example_en.mp3,observe_example_ko.mp3,중급,3
observer,관찰자,,관찰자는 실험 과정을 조용히 지켜보았습니다.,The observer quietly watched the experiment process.,observer.png,observer_word_en.mp3,observer_meaning_ko.mp3,observer_example_en.mp3,observer_example_ko.mp3,중급,3
obstacle,장애물,,길 한가운데에 큰 장애물이 있었습니다.,There was a large obstacle in the middle of the road.,obstacle.png,obstacle_word_en.mp3,obstacle_meaning_ko.mp3,obstacle_example_en.mp3,obstacle_example_ko.mp3,중급,3
obtain,획득하다,,그는 노력 끝에 중요한 정보를 획득했습니다.,He obtained important information after much effort.,obtain.png,obtain_word_en.mp3,obtain_meaning_ko.mp3,obtain_example_en.mp3,obtain_example_ko.mp3,중급,3
occasionally,가끔,,나는 가끔 친구들과 영화를 봅니다.,I occasionally watch movies with my friends.,occasionally.png,occasionally_word_en.mp3,occasionally_meaning_ko.mp3,occasionally_example_en.mp3,occasionally_example_ko.mp3,중급,3
occupation,직업,,그의 직업은 의사입니다.,His occupation is a doctor.,occupation.png,occupation_word_en.mp3,occupation_meaning_ko.mp3,occupation_example_en.mp3,occupation_example_ko.mp3,중급,3
occupy,점령하다,,적군은 그 도시를 점령했습니다.,The enemy army occupied the city.,occupy.png,occupy_word_en.mp3,occupy_meaning_ko.mp3,occupy_example_en.mp3,occupy_example_ko.mp3,중급,3
offence,범죄,,절도는 심각한 범죄입니다.,Theft is a serious offence.,offence.png,offence_word_en.mp3,offence_meaning_ko.mp3,offence_example_en.mp3,offence_example_ko.mp3,중급,3
offend,모욕하다,,그는 심한 말로 친구를 모욕했다.,He offended his friend with harsh words.,offend.png,offend_word_en.mp3,offend_meaning_ko.mp3,offend_example_en.mp3,offend_example_ko.mp3,중급,3
offender,범죄자,,경찰은 그 범죄자를 곧 잡았다.,The police caught the offender soon.,offender.png,offender_word_en.mp3,offender_meaning_ko.mp3,offender_example_en.mp3,offender_example_ko.mp3,중급,3
offensive,공격적인,,그 선수는 매우 공격적인 태도로 경기에 임했다.,The player entered the game with a very offensive attitude.,offensive.png,offensive_word_en.mp3,offensive_meaning_ko.mp3,offensive_example_en.mp3,offensive_example_ko.mp3,중급,3
ongoing,진행 중인,,진행 중인 회의에는 들어갈 수 없습니다.,You cannot enter the ongoing meeting.,ongoing.png,ongoing_word_en.mp3,ongoing_meaning_ko.mp3,ongoing_example_en.mp3,ongoing_example_ko.mp3,중급,3
opening,개막,,영화제의 개막은 금요일에 열립니다.,The opening of the film festival will be held on Friday.,opening.png,opening_word_en.mp3,opening_meaning_ko.mp3,opening_example_en.mp3,opening_example_ko.mp3,중급,3
openly,공공연하게,,그는 자신의 의견을 공공연하게 말했다.,He openly stated his opinion.,openly.png,openly_word_en.mp3,openly_meaning_ko.mp3,openly_example_en.mp3,openly_example_ko.mp3,중급,3
opera,오페라,,우리는 주말에 오페라를 보러 갔다.,We went to see an opera on the weekend.,opera.png,opera_word_en.mp3,opera_meaning_ko.mp3,opera_example_en.mp3,opera_example_ko.mp3,중급,3
operate,작동하다,,이 기계는 버튼을 누르면 작동한다.,This machine operates when you press the button.,operate.png,operate_word_en.mp3,operate_meaning_ko.mp3,operate_example_en.mp3,operate_example_ko.mp3,중급,3
operator,조작자,,기계 조작자는 안전 규칙을 잘 알아야 한다.,The machine operator must know the safety rules well.,operator.png,operator_word_en.mp3,operator_meaning_ko.mp3,operator_example_en.mp3,operator_example_ko.mp3,중급,3
opponent,상대,,내 상대는 매우 강한 선수였다.,My opponent was a very strong player.,opponent.png,opponent_word_en.mp3,opponent_meaning_ko.mp3,opponent_example_en.mp3,opponent_example_ko.mp3,중급,3
oppose,반대하다,,많은 사람들이 그 계획에 반대했다.,Many people opposed the plan.,oppose.png,oppose_word_en.mp3,oppose_meaning_ko.mp3,oppose_example_en.mp3,oppose_example_ko.mp3,중급,3
opposed,반대하는,,그는 새 법에 반대하는 입장을 보였다.,He showed an attitude opposed to the new law.,opposed.png,opposed_word_en.mp3,opposed_meaning_ko.mp3,opposed_example_en.mp3,opposed_example_ko.mp3,중급,3
opposition,반대,,그 결정에 대한 반대가 많았다.,There was a lot of opposition to the decision.,opposition.png,opposition_word_en.mp3,opposition_meaning_ko.mp3,opposition_example_en.mp3,opposition_example_ko.mp3,중급,3
optimistic,낙관적인,,그녀는 미래에 대해 낙관적인 생각을 가지고 있다.,She has optimistic thoughts about the future.,optimistic.png,optimistic_word_en.mp3,optimistic_meaning_ko.mp3,optimistic_example_en.mp3,optimistic_example_ko.mp3,중급,3
orchestra,오케스트라,,오케스트라가 아름다운 음악을 연주했다.,The orchestra played beautiful music.,orchestra.png,orchestra_word_en.mp3,orchestra_meaning_ko.mp3,orchestra_example_en.mp3,orchestra_example_ko.mp3,중급,3
organ,장기,,심장은 우리 몸에서 중요한 장기이다.,The heart is an important organ in our body.,organ.png,organ_word_en.mp3,organ_meaning_ko.mp3,organ_example_en.mp3,organ_example_ko.mp3,중급,3
organic,유기농의,,나는 유기농의 채소를 자주 산다.,I often buy organic vegetables.,organic.png,organic_word_en.mp3,organic_meaning_ko.mp3,organic_example_en.mp3,organic_example_ko.mp3,중급,3
origin,기원,,이 축제의 기원은 오래된 전통에서 왔다.,The origin of this festival comes from an old tradition.,origin.png,origin_word_en.mp3,origin_meaning_ko.mp3,origin_example_en.mp3,origin_example_ko.mp3,중급,3
otherwise,그렇지 않으면,,"지금 출발해야 해, 그렇지 않으면 늦을 거야.","We have to leave now; otherwise, we will be late.",otherwise.png,otherwise_word_en.mp3,otherwise_meaning_ko.mp3,otherwise_example_en.mp3,otherwise_example_ko.mp3,중급,3
outcome,결과,,회의의 결과는 내일 발표됩니다.,The outcome of the meeting will be announced tomorrow.,outcome.png,outcome_word_en.mp3,outcome_meaning_ko.mp3,outcome_example_en.mp3,outcome_example_ko.mp3,중급,3
outer,바깥의,,가방의 바깥의 주머니에 열쇠가 있다.,The key is in the outer pocket of the bag.,outer.png,outer_word_en.mp3,outer_meaning_ko.mp3,outer_example_en.mp3,outer_example_ko.mp3,중급,3
outfit,옷,,오늘 입은 옷이 정말 잘 어울린다.,The outfit you are wearing today really suits you.,outfit.png,outfit_word_en.mp3,outfit_meaning_ko.mp3,outfit_example_en.mp3,outfit_example_ko.mp3,쇼핑,2
outline,개요,,선생님은 수업의 개요를 먼저 설명했다.,The teacher first explained the outline of the lesson.,outline.png,outline_word_en.mp3,outline_meaning_ko.mp3,outline_example_en.mp3,outline_example_ko.mp3,중급,3
output,출력,,컴퓨터의 출력 결과를 확인하세요.,Please check the computer's output result.,output.png,output_word_en.mp3,output_meaning_ko.mp3,output_example_en.mp3,output_example_ko.mp3,중급,3
outstanding,뛰어난,,그 학생은 뛰어난 발표를 했다.,The student gave an outstanding presentation.,outstanding.png,outstanding_word_en.mp3,outstanding_meaning_ko.mp3,outstanding_example_en.mp3,outstanding_example_ko.mp3,중급,3
overall,전반적인,,이 보고서는 전반적인 상황을 잘 보여 준다.,This report shows the overall situation well.,overall.png,overall_word_en.mp3,overall_meaning_ko.mp3,overall_example_en.mp3,overall_example_ko.mp3,중급,3
overcome,극복하다,,그는 어려움을 극복하고 성공했다.,He overcame difficulties and succeeded.,overcome.png,overcome_word_en.mp3,overcome_meaning_ko.mp3,overcome_example_en.mp3,overcome_example_ko.mp3,중급,3
overnight,밤새,,밤새 비가 많이 내렸다.,It rained a lot overnight.,overnight.png,overnight_word_en.mp3,overnight_meaning_ko.mp3,overnight_example_en.mp3,overnight_example_ko.mp3,중급,3
overseas,해외의,,그 회사는 해외의 고객을 많이 가지고 있다.,The company has many overseas customers.,overseas.png,overseas_word_en.mp3,overseas_meaning_ko.mp3,overseas_example_en.mp3,overseas_example_ko.mp3,여행,2
owe,빚지다,,나는 친구에게 만 원을 빚졌다.,I owe my friend ten thousand won.,owe.png,owe_word_en.mp3,owe_meaning_ko.mp3,owe_example_en.mp3,owe_example_ko.mp3,중급,3
ownership,소유권,,그 집의 소유권은 아직 부모님에게 있다.,The ownership of the house still belongs to my parents.,ownership.png,ownership_word_en.mp3,ownership_meaning_ko.mp3,ownership_example_en.mp3,ownership_example_ko.mp3,비즈니스,3
oxygen,산소,,사람은 살기 위해 산소가 필요하다.,People need oxygen to live.,oxygen.png,oxygen_word_en.mp3,oxygen_meaning_ko.mp3,oxygen_example_en.mp3,oxygen_example_ko.mp3,중급,3
pace,속도,,그는 빠른 속도로 걸었다.,He walked at a fast pace.,pace.png,pace_word_en.mp3,pace_meaning_ko.mp3,pace_example_en.mp3,pace_example_ko.mp3,중급,3
packet,꾸러미,,엄마가 작은 꾸러미를 나에게 주었다.,My mother gave me a small packet.,packet.png,packet_word_en.mp3,packet_meaning_ko.mp3,packet_example_en.mp3,packet_example_ko.mp3,쇼핑,2
palm,손바닥,,그녀는 손바닥에 이름을 적었다.,She wrote a name on her palm.,palm.png,palm_word_en.mp3,palm_meaning_ko.mp3,palm_example_en.mp3,palm_example_ko.mp3,중급,3
panel,패널,,토론 패널에는 전문가 다섯 명이 있었다.,There were five experts on the discussion panel.,panel.png,panel_word_en.mp3,panel_meaning_ko.mp3,panel_example_en.mp3,panel_example_ko.mp3,중급,3
panic,공황,,갑자기 불이 나자 사람들은 공황에 빠졌다.,"When the fire suddenly started, people fell into panic.",panic.png,panic_word_en.mp3,panic_meaning_ko.mp3,panic_example_en.mp3,panic_example_ko.mp3,위기탈출,3
parade,행진,,축제의 행진이 거리를 지나갔다.,The festival parade passed through the street.,parade.png,parade_word_en.mp3,parade_meaning_ko.mp3,parade_example_en.mp3,parade_example_ko.mp3,중급,3
parallel,평행한,,이 두 선은 서로 평행한 모양이다.,These two lines are parallel to each other.,parallel.png,parallel_word_en.mp3,parallel_meaning_ko.mp3,parallel_example_en.mp3,parallel_example_ko.mp3,중급,3
parliament,의회,,의회는 새 법안을 논의했다.,Parliament discussed the new bill.,parliament.png,parliament_word_en.mp3,parliament_meaning_ko.mp3,parliament_example_en.mp3,parliament_example_ko.mp3,중급,3
part-time,시간제,,그는 카페에서 시간제 일을 한다.,He does part-time work at a cafe.,part-time.png,part-time_word_en.mp3,part-time_meaning_ko.mp3,part-time_example_en.mp3,part-time_example_ko.mp3,중급,3
participant,참가자,,모든 참가자는 이름표를 받아야 한다.,All participants must receive a name tag.,participant.png,participant_word_en.mp3,participant_meaning_ko.mp3,participant_example_en.mp3,participant_example_ko.mp3,중급,3
participation,참여,,학생들의 참여가 수업을 더 재미있게 만들었다.,The students' participation made the class more interesting.,participation.png,participation_word_en.mp3,participation_meaning_ko.mp3,participation_example_en.mp3,participation_example_ko.mp3,중급,3
partly,부분적으로,,그 문제는 부분적으로 해결되었다.,The problem was partly solved.,partly.png,partly_word_en.mp3,partly_meaning_ko.mp3,partly_example_en.mp3,partly_example_ko.mp3,중급,3
partnership,동업,,두 친구는 작은 가게를 열며 동업을 시작했다.,The two friends started a partnership by opening a small store.,partnership.png,partnership_word_en.mp3,partnership_meaning_ko.mp3,partnership_example_en.mp3,partnership_example_ko.mp3,비즈니스,3
passage,통로,,이 통로를 따라가면 출구가 나옵니다.,"If you follow this passage, you will reach the exit.",passage.png,passage_word_en.mp3,passage_meaning_ko.mp3,passage_example_en.mp3,passage_example_ko.mp3,중급,3
passionate,열정적인,,그는 음악에 대해 매우 열정적인 사람이다.,He is a very passionate person about music.,passionate.png,passionate_word_en.mp3,passionate_meaning_ko.mp3,passionate_example_en.mp3,passionate_example_ko.mp3,중급,3
password,암호,,계정에 들어가려면 암호를 입력해야 한다.,You must enter the password to access the account.,password.png,password_word_en.mp3,password_meaning_ko.mp3,password_example_en.mp3,password_example_ko.mp3,중급,3
patience,인내심,,아이를 가르칠 때는 인내심이 필요하다.,Patience is needed when teaching a child.,patience.png,patience_word_en.mp3,patience_meaning_ko.mp3,patience_example_en.mp3,patience_example_ko.mp3,중급,3
pause,잠시 멈추다,,말하다가 잠시 멈추고 물을 마셨다.,I paused while speaking and drank some water.,pause.png,pause_word_en.mp3,pause_meaning_ko.mp3,pause_example_en.mp3,pause_example_ko.mp3,중급,3
peer,동료,,그는 동료들과 함께 프로젝트를 끝냈다.,He finished the project with his peers.,peer.png,peer_word_en.mp3,peer_meaning_ko.mp3,peer_example_en.mp3,peer_example_ko.mp3,중급,3
penalty,처벌,,규칙을 어기면 처벌을 받을 수 있다.,"If you break the rules, you may receive a penalty.",penalty.png,penalty_word_en.mp3,penalty_meaning_ko.mp3,penalty_example_en.mp3,penalty_example_ko.mp3,중급,3
pension,연금,,할아버지는 매달 연금을 받으신다.,My grandfather receives a pension every month.,pension.png,pension_word_en.mp3,pension_meaning_ko.mp3,pension_example_en.mp3,pension_example_ko.mp3,비즈니스,3
perceive,인식하다,,사람들은 같은 상황을 다르게 인식할 수 있다.,People can perceive the same situation differently.,perceive.png,perceive_word_en.mp3,perceive_meaning_ko.mp3,perceive_example_en.mp3,perceive_example_ko.mp3,중급,3
perception,인식,,그 사건 이후 회사에 대한 인식이 바뀌었다.,"After the incident, the perception of the company changed.",perception.png,perception_word_en.mp3,perception_meaning_ko.mp3,perception_example_en.mp3,perception_example_ko.mp3,중급,3
permanent,영구적인,,그는 영구적인 해결책을 찾고 있다.,He is looking for a permanent solution.,permanent.png,permanent_word_en.mp3,permanent_meaning_ko.mp3,permanent_example_en.mp3,permanent_example_ko.mp3,중급,3
permanently,영원히,,그 가족은 이곳에 영원히 살기로 했다.,The family decided to live here permanently.,permanently.png,permanently_word_en.mp3,permanently_meaning_ko.mp3,permanently_example_en.mp3,permanently_example_ko.mp3,중급,3
permit,허락하다,,부모님은 내가 늦게 나가는 것을 허락하지 않으셨다.,My parents did not permit me to go out late.,permit.png,permit_word_en.mp3,permit_meaning_ko.mp3,permit_example_en.mp3,permit_example_ko.mp3,중급,3
perspective,관점,,다른 사람의 관점에서 생각해 보세요.,Try thinking from another person's perspective.,perspective.png,perspective_word_en.mp3,perspective_meaning_ko.mp3,perspective_example_en.mp3,perspective_example_ko.mp3,중급,3
phase,단계,,이 프로젝트는 마지막 단계에 들어갔다.,This project has entered its final phase.,phase.png,phase_word_en.mp3,phase_meaning_ko.mp3,phase_example_en.mp3,phase_example_ko.mp3,중급,3
phenomenon,현상,,이상한 빛이 하늘에 나타나는 현상이 보였다.,We saw a phenomenon where a strange light appeared in the sky.,phenomenon.png,phenomenon_word_en.mp3,phenomenon_meaning_ko.mp3,phenomenon_example_en.mp3,phenomenon_example_ko.mp3,중급,3
philosophy,철학,,그 교수님은 대학에서 철학을 가르친다.,That professor teaches philosophy at the university.,philosophy.png,philosophy_word_en.mp3,philosophy_meaning_ko.mp3,philosophy_example_en.mp3,philosophy_example_ko.mp3,중급,3
pile,더미,,책상 위에 책 더미가 쌓여 있다.,There is a pile of books on the desk.,pile.png,pile_word_en.mp3,pile_meaning_ko.mp3,pile_example_en.mp3,pile_example_ko.mp3,중급,3
pill,알약,,나는 감기 때문에 알약을 하나 먹었다.,I took one pill because of my cold.,pill.png,pill_word_en.mp3,pill_meaning_ko.mp3,pill_example_en.mp3,pill_example_ko.mp3,위기탈출,3
pitch,던지다,,민수는 공을 멀리 던졌다.,Minsu pitched the ball far.,pitch.png,pitch_word_en.mp3,pitch_meaning_ko.mp3,pitch_example_en.mp3,pitch_example_ko.mp3,중급,3
pity,연민,,그녀는 다친 강아지를 보고 연민을 느꼈다.,She felt pity when she saw the injured puppy.,pity.png,pity_word_en.mp3,pity_meaning_ko.mp3,pity_example_en.mp3,pity_example_ko.mp3,중급,3
placement,배치,,교실의 책상 배치를 바꾸었다.,We changed the placement of the desks in the classroom.,placement.png,placement_word_en.mp3,placement_meaning_ko.mp3,placement_example_en.mp3,placement_example_ko.mp3,중급,3
plain,분명한,,그의 대답은 분명한 거절이었다.,His answer was a plain refusal.,plain.png,plain_word_en.mp3,plain_meaning_ko.mp3,plain_example_en.mp3,plain_example_ko.mp3,중급,3
pointed,뾰족한,,그 연필은 끝이 뾰족한 상태였다.,That pencil had a pointed tip.,pointed.png,pointed_word_en.mp3,pointed_meaning_ko.mp3,pointed_example_en.mp3,pointed_example_ko.mp3,중급,3
popularity,인기,,그 가수의 인기는 점점 높아지고 있다.,The singer's popularity is gradually increasing.,popularity.png,popularity_word_en.mp3,popularity_meaning_ko.mp3,popularity_example_en.mp3,popularity_example_ko.mp3,중급,3
portion,부분,,나는 케이크의 작은 부분을 먹었다.,I ate a small portion of the cake.,portion.png,portion_word_en.mp3,portion_meaning_ko.mp3,portion_example_en.mp3,portion_example_ko.mp3,중급,3
pose,자세,,사진을 찍을 때 자연스러운 자세를 취하세요.,Take a natural pose when taking a photo.,pose.png,pose_word_en.mp3,pose_meaning_ko.mp3,pose_example_en.mp3,pose_example_ko.mp3,중급,3
possess,소유하다,,그는 오래된 그림을 몇 점 소유하고 있다.,He possesses several old paintings.,possess.png,possess_word_en.mp3,possess_meaning_ko.mp3,possess_example_en.mp3,possess_example_ko.mp3,중급,3
potential,잠재력,,그 학생은 큰 잠재력을 가지고 있다.,That student has great potential.,potential.png,potential_word_en.mp3,potential_meaning_ko.mp3,potential_example_en.mp3,potential_example_ko.mp3,중급,3
potentially,잠재적으로,,이 문제는 잠재적으로 위험할 수 있다.,This problem could potentially be dangerous.,potentially.png,potentially_word_en.mp3,potentially_meaning_ko.mp3,potentially_example_en.mp3,potentially_example_ko.mp3,중급,3
praise,칭찬하다,,선생님은 열심히 공부한 학생을 칭찬했다.,The teacher praised the student who studied hard.,praise.png,praise_word_en.mp3,praise_meaning_ko.mp3,praise_example_en.mp3,praise_example_ko.mp3,중급,3
precede,앞서다,,봄은 여름보다 앞선다.,Spring precedes summer.,precede.png,precede_word_en.mp3,precede_meaning_ko.mp3,precede_example_en.mp3,precede_example_ko.mp3,중급,3
precious,귀중한,,가족과 보내는 시간은 매우 귀중한 시간이다.,Time spent with family is very precious.,precious.png,precious_word_en.mp3,precious_meaning_ko.mp3,precious_example_en.mp3,precious_example_ko.mp3,중급,3
precise,정확한,,우리는 정확한 시간을 확인해야 한다.,We need to check the precise time.,precise.png,precise_word_en.mp3,precise_meaning_ko.mp3,precise_example_en.mp3,precise_example_ko.mp3,중급,3
precisely,정확히,,그는 약속 시간에 정확히 도착했다.,He arrived precisely at the appointed time.,precisely.png,precisely_word_en.mp3,precisely_meaning_ko.mp3,precisely_example_en.mp3,precisely_example_ko.mp3,중급,3
predictable,예상할 수 있는,,그 영화의 결말은 예상할 수 있는 내용이었다.,The ending of the movie was predictable.,predictable.png,predictable_word_en.mp3,predictable_meaning_ko.mp3,predictable_example_en.mp3,predictable_example_ko.mp3,중급,3
preference,선호,,나는 커피보다 차에 대한 선호가 있다.,I have a preference for tea over coffee.,preference.png,preference_word_en.mp3,preference_meaning_ko.mp3,preference_example_en.mp3,preference_example_ko.mp3,중급,3
pregnant,임신한,,그녀는 임신한 친구를 위해 선물을 샀다.,She bought a gift for her pregnant friend.,pregnant.png,pregnant_word_en.mp3,pregnant_meaning_ko.mp3,pregnant_example_en.mp3,pregnant_example_ko.mp3,중급,3
preparation,준비,,시험 준비를 일찍 시작했다.,I started preparation for the exam early.,preparation.png,preparation_word_en.mp3,preparation_meaning_ko.mp3,preparation_example_en.mp3,preparation_example_ko.mp3,중급,3
presence,존재,,그의 존재는 우리에게 큰 힘이 되었다.,His presence gave us great strength.,presence.png,presence_word_en.mp3,presence_meaning_ko.mp3,presence_example_en.mp3,presence_example_ko.mp3,중급,3
preserve,보존하다,,우리는 오래된 건물을 보존해야 한다.,We must preserve the old building.,preserve.png,preserve_word_en.mp3,preserve_meaning_ko.mp3,preserve_example_en.mp3,preserve_example_ko.mp3,중급,3
pride,자부심,,그는 자신의 일에 자부심을 느낀다.,He feels pride in his work.,pride.png,pride_word_en.mp3,pride_meaning_ko.mp3,pride_example_en.mp3,pride_example_ko.mp3,중급,3
primarily,주로,,이 수업은 주로 초보자를 위한 것이다.,This class is primarily for beginners.,primarily.png,primarily_word_en.mp3,primarily_meaning_ko.mp3,primarily_example_en.mp3,primarily_example_ko.mp3,중급,3
prime,최고의,,그 선수는 지금 최고의 상태이다.,That athlete is in prime condition now.,prime.png,prime_word_en.mp3,prime_meaning_ko.mp3,prime_example_en.mp3,prime_example_ko.mp3,중급,3
principal,교장,,교장 선생님이 아침 조회에서 말씀하셨다.,The principal spoke at the morning assembly.,principal.png,principal_word_en.mp3,principal_meaning_ko.mp3,principal_example_en.mp3,principal_example_ko.mp3,중급,3
principle,원칙,,정직은 그의 가장 중요한 원칙이다.,Honesty is his most important principle.,principle.png,principle_word_en.mp3,principle_meaning_ko.mp3,principle_example_en.mp3,principle_example_ko.mp3,중급,3
prior,이전의,,이전의 경험이 그에게 도움이 되었다.,His prior experience helped him.,prior.png,prior_word_en.mp3,prior_meaning_ko.mp3,prior_example_en.mp3,prior_example_ko.mp3,중급,3
priority,우선순위,,건강은 항상 첫 번째 우선순위이다.,Health is always the first priority.,priority.png,priority_word_en.mp3,priority_meaning_ko.mp3,priority_example_en.mp3,priority_example_ko.mp3,중급,3
privacy,사생활,,모든 사람은 사생활을 존중받아야 한다.,Everyone's privacy should be respected.,privacy.png,privacy_word_en.mp3,privacy_meaning_ko.mp3,privacy_example_en.mp3,privacy_example_ko.mp3,중급,3
probability,확률,,비가 올 확률이 높다.,The probability of rain is high.,probability.png,probability_word_en.mp3,probability_meaning_ko.mp3,probability_example_en.mp3,probability_example_ko.mp3,중급,3
probable,있을 법한,,그것은 충분히 있을 법한 이야기다.,That is a quite probable story.,probable.png,probable_word_en.mp3,probable_meaning_ko.mp3,probable_example_en.mp3,probable_example_ko.mp3,중급,3
procedure,절차,,신청 절차가 조금 복잡하다.,The application procedure is a little complicated.,procedure.png,procedure_word_en.mp3,procedure_meaning_ko.mp3,procedure_example_en.mp3,procedure_example_ko.mp3,중급,3
proceed,진행하다,,우리는 회의를 예정대로 진행했다.,We proceeded with the meeting as planned.,proceed.png,proceed_word_en.mp3,proceed_meaning_ko.mp3,proceed_example_en.mp3,proceed_example_ko.mp3,중급,3
programming,프로그래밍,,나는 매일 프로그래밍을 연습한다.,I practice programming every day.,programming.png,programming_word_en.mp3,programming_meaning_ko.mp3,programming_example_en.mp3,programming_example_ko.mp3,중급,3
progressive,진보적인,,그 회사는 진보적인 정책을 도입했다.,The company introduced a progressive policy.,progressive.png,progressive_word_en.mp3,progressive_meaning_ko.mp3,progressive_example_en.mp3,progressive_example_ko.mp3,중급,3
prohibit,금지하다,,학교는 교실에서 휴대폰 사용을 금지한다.,The school prohibits the use of cell phones in classrooms.,prohibit.png,prohibit_word_en.mp3,prohibit_meaning_ko.mp3,prohibit_example_en.mp3,prohibit_example_ko.mp3,중급,3
promising,전망이 좋은,,그는 전망이 좋은 젊은 과학자이다.,He is a promising young scientist.,promising.png,promising_word_en.mp3,promising_meaning_ko.mp3,promising_example_en.mp3,promising_example_ko.mp3,중급,3
promotion,승진,,그녀는 열심히 일해서 승진을 했다.,She worked hard and got a promotion.,promotion.png,promotion_word_en.mp3,promotion_meaning_ko.mp3,promotion_example_en.mp3,promotion_example_ko.mp3,비즈니스,3
prompt,신속한,,직원의 신속한 답변이 도움이 되었다.,The employee's prompt reply was helpful.,prompt.png,prompt_word_en.mp3,prompt_meaning_ko.mp3,prompt_example_en.mp3,prompt_example_ko.mp3,중급,3
proof,증거,,경찰은 중요한 증거를 찾았다.,The police found important proof.,proof.png,proof_word_en.mp3,proof_meaning_ko.mp3,proof_example_en.mp3,proof_example_ko.mp3,중급,3
proportion,비율,,남학생과 여학생의 비율이 비슷하다.,The proportion of male and female students is similar.,proportion.png,proportion_word_en.mp3,proportion_meaning_ko.mp3,proportion_example_en.mp3,proportion_example_ko.mp3,중급,3
proposal,제안,,그의 제안은 모두에게 좋은 반응을 얻었다.,His proposal received a good response from everyone.,proposal.png,proposal_word_en.mp3,proposal_meaning_ko.mp3,proposal_example_en.mp3,proposal_example_ko.mp3,비즈니스,3
propose,제안하다,,나는 새로운 계획을 제안했다.,I proposed a new plan.,propose.png,propose_word_en.mp3,propose_meaning_ko.mp3,propose_example_en.mp3,propose_example_ko.mp3,중급,3
prospect,전망,,그 사업의 전망은 밝다.,The prospect for that business is bright.,prospect.png,prospect_word_en.mp3,prospect_meaning_ko.mp3,prospect_example_en.mp3,prospect_example_ko.mp3,비즈니스,3
protection,보호,,어린이의 보호는 매우 중요하다.,The protection of children is very important.,protection.png,protection_word_en.mp3,protection_meaning_ko.mp3,protection_example_en.mp3,protection_example_ko.mp3,중급,3
protein,단백질,,계란에는 단백질이 많이 들어 있다.,Eggs contain a lot of protein.,protein.png,protein_word_en.mp3,protein_meaning_ko.mp3,protein_example_en.mp3,protein_example_ko.mp3,중급,3
protester,시위자,,시위자들은 거리에서 목소리를 높였다.,The protesters raised their voices in the street.,protester.png,protester_word_en.mp3,protester_meaning_ko.mp3,protester_example_en.mp3,protester_example_ko.mp3,중급,3
psychological,심리적인,,그 사건은 아이에게 심리적인 상처를 남겼다.,The incident left psychological wounds on the child.,psychological.png,psychological_word_en.mp3,psychological_meaning_ko.mp3,psychological_example_en.mp3,psychological_example_ko.mp3,중급,3
psychologist,심리학자,,그 심리학자는 사람들의 행동을 연구한다.,The psychologist studies people's behavior.,psychologist.png,psychologist_word_en.mp3,psychologist_meaning_ko.mp3,psychologist_example_en.mp3,psychologist_example_ko.mp3,중급,3
psychology,심리학,,나는 대학에서 심리학을 공부하고 있다.,I am studying psychology at university.,psychology.png,psychology_word_en.mp3,psychology_meaning_ko.mp3,psychology_example_en.mp3,psychology_example_ko.mp3,중급,3
publication,출판,,그 책의 출판은 다음 달로 예정되어 있다.,The publication of the book is scheduled for next month.,publication.png,publication_word_en.mp3,publication_meaning_ko.mp3,publication_example_en.mp3,publication_example_ko.mp3,중급,3
publicity,홍보,,회사는 새 제품 홍보에 많은 돈을 썼다.,The company spent a lot of money on publicity for the new product.,publicity.png,publicity_word_en.mp3,publicity_meaning_ko.mp3,publicity_example_en.mp3,publicity_example_ko.mp3,중급,3
publishing,출판,,그는 출판 분야에서 오래 일했다.,He worked in publishing for a long time.,publishing.png,publishing_word_en.mp3,publishing_meaning_ko.mp3,publishing_example_en.mp3,publishing_example_ko.mp3,중급,3
punk,펑크,,그 밴드는 펑크 음악을 연주한다.,That band plays punk music.,punk.png,punk_word_en.mp3,punk_meaning_ko.mp3,punk_example_en.mp3,punk_example_ko.mp3,중급,3
pupil,학생,,그 학생은 수업 시간에 질문을 많이 했다.,The pupil asked many questions during class.,pupil.png,pupil_word_en.mp3,pupil_meaning_ko.mp3,pupil_example_en.mp3,pupil_example_ko.mp3,중급,3
purchase,구매,,이 제품은 온라인으로 구매할 수 있습니다.,This product can be purchased online.,purchase.png,purchase_word_en.mp3,purchase_meaning_ko.mp3,purchase_example_en.mp3,purchase_example_ko.mp3,비즈니스,3
pure,순수한,,그 아이는 순수한 마음을 가지고 있습니다.,The child has a pure heart.,pure.png,pure_word_en.mp3,pure_meaning_ko.mp3,pure_example_en.mp3,pure_example_ko.mp3,중급,3
purely,순전히,,나는 순전히 재미로 그 게임을 했다.,I played the game purely for fun.,purely.png,purely_word_en.mp3,purely_meaning_ko.mp3,purely_example_en.mp3,purely_example_ko.mp3,중급,3
pursue,추구하다,,그녀는 자신의 꿈을 끝까지 추구했다.,She pursued her dream to the end.,pursue.png,pursue_word_en.mp3,pursue_meaning_ko.mp3,pursue_example_en.mp3,pursue_example_ko.mp3,중급,3
pursuit,추구,,행복의 추구는 모든 사람에게 중요하다.,The pursuit of happiness is important to everyone.,pursuit.png,pursuit_word_en.mp3,pursuit_meaning_ko.mp3,pursuit_example_en.mp3,pursuit_example_ko.mp3,중급,3
puzzle,퍼즐,,우리는 주말에 함께 퍼즐을 맞췄다.,We put together a puzzle together on the weekend.,puzzle.png,puzzle_word_en.mp3,puzzle_meaning_ko.mp3,puzzle_example_en.mp3,puzzle_example_ko.mp3,중급,3
questionnaire,설문지,,학생들은 수업 후 설문지를 작성했다.,The students filled out a questionnaire after class.,questionnaire.png,questionnaire_word_en.mp3,questionnaire_meaning_ko.mp3,questionnaire_example_en.mp3,questionnaire_example_ko.mp3,중급,3
racial,인종의,,그 단체는 인종의 차이를 존중해야 한다고 말했다.,The organization said that racial differences should be respected.,racial.png,racial_word_en.mp3,racial_meaning_ko.mp3,racial_example_en.mp3,racial_example_ko.mp3,중급,3
racism,인종차별,,우리는 인종차별에 반대해야 합니다.,We must oppose racism.,racism.png,racism_word_en.mp3,racism_meaning_ko.mp3,racism_example_en.mp3,racism_example_ko.mp3,중급,3
racist,인종차별주의자,,그는 인종차별주의자의 말을 받아들이지 않았다.,He did not accept the words of a racist.,racist.png,racist_word_en.mp3,racist_meaning_ko.mp3,racist_example_en.mp3,racist_example_ko.mp3,중급,3
radiation,방사선,,병원에서는 방사선을 이용해 검사를 했다.,The hospital used radiation for the examination.,radiation.png,radiation_word_en.mp3,radiation_meaning_ko.mp3,radiation_example_en.mp3,radiation_example_ko.mp3,중급,3
rail,레일,,기차가 레일 위를 천천히 달렸다.,The train moved slowly on the rail.,rail.png,rail_word_en.mp3,rail_meaning_ko.mp3,rail_example_en.mp3,rail_example_ko.mp3,중급,3
random,무작위의,,선생님은 무작위의 번호를 골랐다.,The teacher chose a random number.,random.png,random_word_en.mp3,random_meaning_ko.mp3,random_example_en.mp3,random_example_ko.mp3,중급,3
rank,순위,,그 선수는 세계 순위 1위가 되었다.,The athlete became number one in the world ranking.,rank.png,rank_word_en.mp3,rank_meaning_ko.mp3,rank_example_en.mp3,rank_example_ko.mp3,중급,3
rapid,빠른,,그 회사는 빠른 성장을 보였다.,The company showed rapid growth.,rapid.png,rapid_word_en.mp3,rapid_meaning_ko.mp3,rapid_example_en.mp3,rapid_example_ko.mp3,중급,3
rapidly,빠르게,,도시는 빠르게 변하고 있다.,The city is changing rapidly.,rapidly.png,rapidly_word_en.mp3,rapidly_meaning_ko.mp3,rapidly_example_en.mp3,rapidly_example_ko.mp3,중급,3
rat,쥐,,창고에서 큰 쥐 한 마리를 보았다.,I saw a big rat in the warehouse.,rat.png,rat_word_en.mp3,rat_meaning_ko.mp3,rat_example_en.mp3,rat_example_ko.mp3,중급,3
rating,평가,,그 식당은 손님들에게 좋은 평가를 받았다.,The restaurant received good ratings from customers.,rating.png,rating_word_en.mp3,rating_meaning_ko.mp3,rating_example_en.mp3,rating_example_ko.mp3,중급,3
raw,날것의,,나는 날것의 생선을 먹지 못한다.,I cannot eat raw fish.,raw.png,raw_word_en.mp3,raw_meaning_ko.mp3,raw_example_en.mp3,raw_example_ko.mp3,중급,3
realistic,현실적인,,그 계획은 매우 현실적인 해결책이다.,That plan is a very realistic solution.,realistic.png,realistic_word_en.mp3,realistic_meaning_ko.mp3,realistic_example_en.mp3,realistic_example_ko.mp3,중급,3
reasonable,합리적인,,그 가격은 품질에 비해 합리적인 편이다.,The price is reasonable compared to the quality.,reasonable.png,reasonable_word_en.mp3,reasonable_meaning_ko.mp3,reasonable_example_en.mp3,reasonable_example_ko.mp3,중급,3
reasonably,꽤,,오늘 날씨는 꽤 따뜻하다.,The weather is reasonably warm today.,reasonably.png,reasonably_word_en.mp3,reasonably_meaning_ko.mp3,reasonably_example_en.mp3,reasonably_example_ko.mp3,중급,3
rebuild,재건하다,,사람들은 지진 후 마을을 재건했다.,People rebuilt the village after the earthquake.,rebuild.png,rebuild_word_en.mp3,rebuild_meaning_ko.mp3,rebuild_example_en.mp3,rebuild_example_ko.mp3,중급,3
recall,기억하다,,나는 그의 이름을 잘 기억하지 못한다.,I cannot recall his name well.,recall.png,recall_word_en.mp3,recall_meaning_ko.mp3,recall_example_en.mp3,recall_example_ko.mp3,중급,3
receiver,수신기,,수신기가 약해서 라디오 소리가 잘 들리지 않는다.,"The receiver is weak, so the radio sound is not clear.",receiver.png,receiver_word_en.mp3,receiver_meaning_ko.mp3,receiver_example_en.mp3,receiver_example_ko.mp3,중급,3
recession,불황,,불황 때문에 많은 가게가 문을 닫았다.,Many stores closed because of the recession.,recession.png,recession_word_en.mp3,recession_meaning_ko.mp3,recession_example_en.mp3,recession_example_ko.mp3,비즈니스,3
reckon,추정하다,,전문가들은 수리 비용을 백만 원으로 추정했다.,Experts reckoned the repair cost at one million won.,reckon.png,reckon_word_en.mp3,reckon_meaning_ko.mp3,reckon_example_en.mp3,reckon_example_ko.mp3,중급,3
recognition,인정,,그의 노력은 마침내 인정을 받았다.,His effort finally received recognition.,recognition.png,recognition_word_en.mp3,recognition_meaning_ko.mp3,recognition_example_en.mp3,recognition_example_ko.mp3,중급,3
recover,회복하다,,그는 감기에서 빨리 회복했다.,He recovered quickly from the cold.,recover.png,recover_word_en.mp3,recover_meaning_ko.mp3,recover_example_en.mp3,recover_example_ko.mp3,중급,3
recovery,회복,,수술 후 회복에는 시간이 필요하다.,Recovery after surgery takes time.,recovery.png,recovery_word_en.mp3,recovery_meaning_ko.mp3,recovery_example_en.mp3,recovery_example_ko.mp3,중급,3
recruit,모집하다,,회사는 새로운 직원을 모집하고 있다.,The company is recruiting new employees.,recruit.png,recruit_word_en.mp3,recruit_meaning_ko.mp3,recruit_example_en.mp3,recruit_example_ko.mp3,비즈니스,3
recruitment,채용,,이번 채용은 다음 주에 시작됩니다.,This recruitment will begin next week.,recruitment.png,recruitment_word_en.mp3,recruitment_meaning_ko.mp3,recruitment_example_en.mp3,recruitment_example_ko.mp3,중급,3
reduction,감소,,전기 사용의 감소가 필요하다.,A reduction in electricity use is necessary.,reduction.png,reduction_word_en.mp3,reduction_meaning_ko.mp3,reduction_example_en.mp3,reduction_example_ko.mp3,중급,3
referee,심판,,심판은 경기 중에 휘슬을 불었다.,The referee blew the whistle during the game.,,referee_word_en.mp3,referee_meaning_ko.mp3,referee_example_en.mp3,referee_example_ko.mp3,중급,3
refugee,난민,,그 난민은 안전한 나라에서 새 삶을 시작했다.,The refugee began a new life in a safe country.,refugee.png,refugee_word_en.mp3,refugee_meaning_ko.mp3,refugee_example_en.mp3,refugee_example_ko.mp3,위기탈출,3
regard,간주하다,,많은 사람들은 이 책을 명작으로 간주한다.,Many people regard this book as a masterpiece.,regard.png,regard_word_en.mp3,regard_meaning_ko.mp3,regard_example_en.mp3,regard_example_ko.mp3,중급,3
regional,지역의,,이 축제는 지역의 문화를 소개한다.,This festival introduces regional culture.,regional.png,regional_word_en.mp3,regional_meaning_ko.mp3,regional_example_en.mp3,regional_example_ko.mp3,중급,3
register,등록하다,,수업을 듣기 전에 먼저 등록해야 합니다.,You must register first before taking the class.,register.png,register_word_en.mp3,register_meaning_ko.mp3,register_example_en.mp3,register_example_ko.mp3,비즈니스,3
registration,등록,,회원 등록은 무료입니다.,Membership registration is free.,registration.png,registration_word_en.mp3,registration_meaning_ko.mp3,registration_example_en.mp3,registration_example_ko.mp3,중급,3
regret,후회하다,,나는 그때의 결정을 후회한다.,I regret the decision I made then.,regret.png,regret_word_en.mp3,regret_meaning_ko.mp3,regret_example_en.mp3,regret_example_ko.mp3,중급,3
regulate,규제하다,,정부는 위험한 제품의 판매를 규제한다.,The government regulates the sale of dangerous products.,regulate.png,regulate_word_en.mp3,regulate_meaning_ko.mp3,regulate_example_en.mp3,regulate_example_ko.mp3,중급,3
regulation,규정,,모든 직원은 안전 규정을 따라야 한다.,All employees must follow the safety regulations.,regulation.png,regulation_word_en.mp3,regulation_meaning_ko.mp3,regulation_example_en.mp3,regulation_example_ko.mp3,비즈니스,3
reinforce,강화하다,,학교는 학생들의 안전 교육을 강화했다.,The school reinforced safety education for students.,reinforce.png,reinforce_word_en.mp3,reinforce_meaning_ko.mp3,reinforce_example_en.mp3,reinforce_example_ko.mp3,중급,3
relatively,비교적,,이 문제는 비교적 쉬운 편이다.,This problem is relatively easy.,relatively.png,relatively_word_en.mp3,relatively_meaning_ko.mp3,relatively_example_en.mp3,relatively_example_ko.mp3,중급,3
relevant,관련된,,회의에서 관련된 자료를 모두 가져오세요.,Please bring all relevant materials to the meeting.,relevant.png,relevant_word_en.mp3,relevant_meaning_ko.mp3,relevant_example_en.mp3,relevant_example_ko.mp3,중급,3
relief,안도,,시험이 끝나자 큰 안도를 느꼈다.,I felt great relief when the exam ended.,relief.png,relief_word_en.mp3,relief_meaning_ko.mp3,relief_example_en.mp3,relief_example_ko.mp3,중급,3
relieve,완화하다,,따뜻한 차가 목의 통증을 완화했다.,Warm tea relieved the pain in my throat.,relieve.png,relieve_word_en.mp3,relieve_meaning_ko.mp3,relieve_example_en.mp3,relieve_example_ko.mp3,중급,3
relieved,안심한,,아이가 무사하다는 말을 듣고 안심한 표정을 지었다.,She looked relieved after hearing that the child was safe.,relieved.png,relieved_word_en.mp3,relieved_meaning_ko.mp3,relieved_example_en.mp3,relieved_example_ko.mp3,중급,3
rely,의지하다,,나는 어려울 때 가족에게 의지한다.,I rely on my family when times are hard.,rely.png,rely_word_en.mp3,rely_meaning_ko.mp3,rely_example_en.mp3,rely_example_ko.mp3,중급,3
remark,말,,그의 말은 모두를 웃게 했다.,His remark made everyone laugh.,remark.png,remark_word_en.mp3,remark_meaning_ko.mp3,remark_example_en.mp3,remark_example_ko.mp3,중급,3
remarkable,주목할 만한,,그 학생은 주목할 만한 발전을 보였다.,The student showed remarkable progress.,remarkable.png,remarkable_word_en.mp3,remarkable_meaning_ko.mp3,remarkable_example_en.mp3,remarkable_example_ko.mp3,중급,3
remarkably,놀랍게도,,놀랍게도 그는 하루 만에 일을 끝냈다.,"Remarkably, he finished the work in one day.",remarkably.png,remarkably_word_en.mp3,remarkably_meaning_ko.mp3,remarkably_example_en.mp3,remarkably_example_ko.mp3,중급,3
reporting,보도,,정확한 보도는 사회에 매우 중요하다.,Accurate reporting is very important to society.,reporting.png,reporting_word_en.mp3,reporting_meaning_ko.mp3,reporting_example_en.mp3,reporting_example_ko.mp3,중급,3
representative,대표자,,각 반의 대표자가 회의에 참석했다.,A representative from each class attended the meeting.,representative.png,representative_word_en.mp3,representative_meaning_ko.mp3,representative_example_en.mp3,representative_example_ko.mp3,비즈니스,3
reputation,평판,,그 회사는 좋은 평판을 가지고 있다.,The company has a good reputation.,reputation.png,reputation_word_en.mp3,reputation_meaning_ko.mp3,reputation_example_en.mp3,reputation_example_ko.mp3,중급,3
requirement,요건,,이 직업의 기본 요건은 영어 능력입니다.,The basic requirement for this job is English ability.,requirement.png,requirement_word_en.mp3,requirement_meaning_ko.mp3,requirement_example_en.mp3,requirement_example_ko.mp3,중급,3
rescue,구조하다,,소방관들이 건물 안의 사람들을 구조했다.,Firefighters rescued the people inside the building.,rescue.png,rescue_word_en.mp3,rescue_meaning_ko.mp3,rescue_example_en.mp3,rescue_example_ko.mp3,위기탈출,3
reserve,예약하다,,나는 내일 저녁 식당을 예약했다.,I reserved a restaurant for tomorrow evening.,reserve.png,reserve_word_en.mp3,reserve_meaning_ko.mp3,reserve_example_en.mp3,reserve_example_ko.mp3,중급,3
resident,주민,,그 마을의 주민들은 서로 잘 알고 지낸다.,The residents of the village know each other well.,resident.png,resident_word_en.mp3,resident_meaning_ko.mp3,resident_example_en.mp3,resident_example_ko.mp3,중급,3
resign,사직하다,,그는 건강 문제로 회사를 사직했다.,He resigned from the company because of health problems.,resign.png,resign_word_en.mp3,resign_meaning_ko.mp3,resign_example_en.mp3,resign_example_ko.mp3,중급,3
resist,저항하다,,사람들은 부당한 규칙에 저항했다.,People resisted the unfair rule.,resist.png,resist_word_en.mp3,resist_meaning_ko.mp3,resist_example_en.mp3,resist_example_ko.mp3,중급,3
resolution,해결,,우리는 문제의 해결을 위해 회의를 열었다.,We held a meeting for the resolution of the problem.,resolution.png,resolution_word_en.mp3,resolution_meaning_ko.mp3,resolution_example_en.mp3,resolution_example_ko.mp3,중급,3
resolve,해결하다,,선생님은 학생들 사이의 갈등을 해결했다.,The teacher resolved the conflict between the students.,resolve.png,resolve_word_en.mp3,resolve_meaning_ko.mp3,resolve_example_en.mp3,resolve_example_ko.mp3,중급,3
resort,휴양지,,우리 가족은 여름휴가에 바닷가 휴양지에 갔다.,My family went to a seaside resort for summer vacation.,resort.png,resort_word_en.mp3,resort_meaning_ko.mp3,resort_example_en.mp3,resort_example_ko.mp3,여행,2
restore,복구하다,,기술자가 고장 난 컴퓨터를 복구했다.,The technician restored the broken computer.,restore.png,restore_word_en.mp3,restore_meaning_ko.mp3,restore_example_en.mp3,restore_example_ko.mp3,중급,3
restrict,제한하다,,학교는 도서관 이용 시간을 제한했다.,The school restricted the library hours.,restrict.png,restrict_word_en.mp3,restrict_meaning_ko.mp3,restrict_example_en.mp3,restrict_example_ko.mp3,중급,3
restriction,제한,,이 건물에는 출입 제한이 있다.,There is an entry restriction in this building.,restriction.png,restriction_word_en.mp3,restriction_meaning_ko.mp3,restriction_example_en.mp3,restriction_example_ko.mp3,중급,3
retail,소매,,그 회사는 소매로 옷을 판매한다.,The company sells clothes by retail.,retail.png,retail_word_en.mp3,retail_meaning_ko.mp3,retail_example_en.mp3,retail_example_ko.mp3,비즈니스,3
retain,유지하다,,그 가게는 좋은 서비스를 계속 유지했다.,The store continued to retain good service.,retain.png,retain_word_en.mp3,retain_meaning_ko.mp3,retain_example_en.mp3,retain_example_ko.mp3,중급,3
retirement,은퇴,,아버지는 은퇴 후에 여행을 많이 다니신다.,My father travels a lot after retirement.,retirement.png,retirement_word_en.mp3,retirement_meaning_ko.mp3,retirement_example_en.mp3,retirement_example_ko.mp3,비즈니스,3
reveal,드러내다,,그의 표정은 진짜 감정을 드러냈다.,His expression revealed his true feelings.,reveal.png,reveal_word_en.mp3,reveal_meaning_ko.mp3,reveal_example_en.mp3,reveal_example_ko.mp3,중급,3
revenue,수익,,새 제품 덕분에 회사의 수익이 늘었다.,The company's revenue increased thanks to the new product.,revenue.png,revenue_word_en.mp3,revenue_meaning_ko.mp3,revenue_example_en.mp3,revenue_example_ko.mp3,비즈니스,3
revision,수정,,보고서에는 몇 가지 수정이 필요하다.,The report needs a few revisions.,revision.png,revision_word_en.mp3,revision_meaning_ko.mp3,revision_example_en.mp3,revision_example_ko.mp3,중급,3
revolution,혁명,,그 혁명은 나라의 역사를 바꾸었다.,The revolution changed the history of the country.,revolution.png,revolution_word_en.mp3,revolution_meaning_ko.mp3,revolution_example_en.mp3,revolution_example_ko.mp3,중급,3
reward,보상,,열심히 일한 직원들은 보상을 받았다.,The employees who worked hard received a reward.,reward.png,reward_word_en.mp3,reward_meaning_ko.mp3,reward_example_en.mp3,reward_example_ko.mp3,중급,3
rhythm,리듬,,이 노래는 리듬이 빠르고 신난다.,This song has a fast and exciting rhythm.,rhythm.png,rhythm_word_en.mp3,rhythm_meaning_ko.mp3,rhythm_example_en.mp3,rhythm_example_ko.mp3,중급,3
rid,없애다,,나는 방 안의 먼지를 없앴다.,I got rid of the dust in the room.,rid.png,rid_word_en.mp3,rid_meaning_ko.mp3,rid_example_en.mp3,rid_example_ko.mp3,중급,3
ridiculous,터무니없는,,그것은 너무 터무니없는 이야기였다.,That was a very ridiculous story.,ridiculous.png,ridiculous_word_en.mp3,ridiculous_meaning_ko.mp3,ridiculous_example_en.mp3,ridiculous_example_ko.mp3,중급,3
risky,위험한,,비 오는 날에 빠르게 운전하는 것은 위험한 일이다.,Driving fast on a rainy day is risky.,risky.png,risky_word_en.mp3,risky_meaning_ko.mp3,risky_example_en.mp3,risky_example_ko.mp3,중급,3
rival,경쟁자,,그 선수는 강한 경쟁자를 만났다.,The player met a strong rival.,rival.png,rival_word_en.mp3,rival_meaning_ko.mp3,rival_example_en.mp3,rival_example_ko.mp3,중급,3
rob,털다,,도둑이 밤에 가게를 털었다.,A thief robbed the store at night.,rob.png,rob_word_en.mp3,rob_meaning_ko.mp3,rob_example_en.mp3,rob_example_ko.mp3,중급,3
robbery,강도,,은행에서 강도 사건이 일어났다.,A robbery happened at the bank.,robbery.png,robbery_word_en.mp3,robbery_meaning_ko.mp3,robbery_example_en.mp3,robbery_example_ko.mp3,위기탈출,3
rocket,로켓,,로켓이 하늘로 높이 올라갔다.,The rocket went high into the sky.,rocket.png,rocket_word_en.mp3,rocket_meaning_ko.mp3,rocket_example_en.mp3,rocket_example_ko.mp3,중급,3
romance,로맨스,,그 영화는 아름다운 로맨스를 그렸다.,The movie showed a beautiful romance.,romance.png,romance_word_en.mp3,romance_meaning_ko.mp3,romance_example_en.mp3,romance_example_ko.mp3,중급,3
root,뿌리,,나무의 뿌리가 땅속 깊이 자랐다.,The tree's roots grew deep in the ground.,root.png,root_word_en.mp3,root_meaning_ko.mp3,root_example_en.mp3,root_example_ko.mp3,중급,3
rose,장미,,그녀는 빨간 장미 한 송이를 받았다.,She received a red rose.,rose.png,rose_word_en.mp3,rose_meaning_ko.mp3,rose_example_en.mp3,rose_example_ko.mp3,중급,3
roughly,대략,,회의는 대략 한 시간 정도 걸렸다.,The meeting took roughly about an hour.,roughly.png,roughly_word_en.mp3,roughly_meaning_ko.mp3,roughly_example_en.mp3,roughly_example_ko.mp3,중급,3
rub,문지르다,,아이는 손을 비누로 문질렀다.,The child rubbed his hands with soap.,rub.png,rub_word_en.mp3,rub_meaning_ko.mp3,rub_example_en.mp3,rub_example_ko.mp3,중급,3
rubber,고무,,이 장갑은 고무로 만들어졌다.,These gloves are made of rubber.,rubber.png,rubber_word_en.mp3,rubber_meaning_ko.mp3,rubber_example_en.mp3,rubber_example_ko.mp3,중급,3
ruin,망치다,,갑작스러운 비가 소풍을 망쳤다.,The sudden rain ruined the picnic.,ruin.png,ruin_word_en.mp3,ruin_meaning_ko.mp3,ruin_example_en.mp3,ruin_example_ko.mp3,중급,3
rural,시골의,,그는 조용한 시골의 마을에서 자랐다.,He grew up in a quiet rural village.,rural.png,rural_word_en.mp3,rural_meaning_ko.mp3,rural_example_en.mp3,rural_example_ko.mp3,여행,2
rush,서두르다,,늦지 않으려고 우리는 서둘렀다.,We rushed so we would not be late.,rush.png,rush_word_en.mp3,rush_meaning_ko.mp3,rush_example_en.mp3,rush_example_ko.mp3,중급,3
satellite,위성,,그 위성은 지구 주위를 돌고 있다.,The satellite is orbiting the Earth.,satellite.png,satellite_word_en.mp3,satellite_meaning_ko.mp3,satellite_example_en.mp3,satellite_example_ko.mp3,중급,3
satisfaction,만족,,그는 결과에 큰 만족을 느꼈다.,He felt great satisfaction with the result.,satisfaction.png,satisfaction_word_en.mp3,satisfaction_meaning_ko.mp3,satisfaction_example_en.mp3,satisfaction_example_ko.mp3,중급,3
satisfied,만족한,,손님들은 음식에 매우 만족했다.,The customers were very satisfied with the food.,satisfied.png,satisfied_word_en.mp3,satisfied_meaning_ko.mp3,satisfied_example_en.mp3,satisfied_example_ko.mp3,중급,3
satisfy,만족시키다,,좋은 서비스는 손님을 만족시킨다.,Good service satisfies customers.,satisfy.png,satisfy_word_en.mp3,satisfy_meaning_ko.mp3,satisfy_example_en.mp3,satisfy_example_ko.mp3,중급,3
saving,저축,,나는 매달 저축을 하고 있다.,I am saving money every month.,saving.png,saving_word_en.mp3,saving_meaning_ko.mp3,saving_example_en.mp3,saving_example_ko.mp3,중급,3
scale,규모,,그 축제는 작년보다 규모가 커졌다.,The scale of the festival became larger than last year.,scale.png,scale_word_en.mp3,scale_meaning_ko.mp3,scale_example_en.mp3,scale_example_ko.mp3,비즈니스,3
scandal,스캔들,,그 정치인은 큰 스캔들에 휘말렸다.,The politician was involved in a big scandal.,scandal.png,scandal_word_en.mp3,scandal_meaning_ko.mp3,scandal_example_en.mp3,scandal_example_ko.mp3,중급,3
scare,겁주다,,큰 소리가 아이를 겁주었다.,The loud noise scared the child.,scare.png,scare_word_en.mp3,scare_meaning_ko.mp3,scare_example_en.mp3,scare_example_ko.mp3,위기탈출,3
scenario,시나리오,,작가는 영화의 시나리오를 썼다.,The writer wrote the movie scenario.,scenario.png,scenario_word_en.mp3,scenario_meaning_ko.mp3,scenario_example_en.mp3,scenario_example_ko.mp3,중급,3
scheme,계획,,그들은 새 사업을 위한 계획을 세웠다.,They made a scheme for a new business.,scheme.png,scheme_word_en.mp3,scheme_meaning_ko.mp3,scheme_example_en.mp3,scheme_example_ko.mp3,중급,3
scholar,학자,,그 학자는 한국 역사에 대해 연구한다.,The scholar studies Korean history.,scholar.png,scholar_word_en.mp3,scholar_meaning_ko.mp3,scholar_example_en.mp3,scholar_example_ko.mp3,중급,3
scholarship,장학금,,그 학생은 대학에서 장학금을 받았다.,The student received a scholarship from the university.,scholarship.png,scholarship_word_en.mp3,scholarship_meaning_ko.mp3,scholarship_example_en.mp3,scholarship_example_ko.mp3,중급,3
scratch,긁다,,고양이가 소파를 발톱으로 긁었다.,The cat scratched the sofa with its claws.,scratch.png,scratch_word_en.mp3,scratch_meaning_ko.mp3,scratch_example_en.mp3,scratch_example_ko.mp3,중급,3
scream,비명,,무서운 장면에서 관객의 비명이 들렸다.,A scream from the audience was heard during the scary scene.,scream.png,scream_word_en.mp3,scream_meaning_ko.mp3,scream_example_en.mp3,scream_example_ko.mp3,중급,3
screening,상영,,그 영화의 첫 상영은 오늘 저녁이다.,The first screening of the movie is this evening.,screening.png,screening_word_en.mp3,screening_meaning_ko.mp3,screening_example_en.mp3,screening_example_ko.mp3,중급,3
sector,분야,,그는 교육 분야에서 일한다.,He works in the education sector.,sector.png,sector_word_en.mp3,sector_meaning_ko.mp3,sector_example_en.mp3,sector_example_ko.mp3,비즈니스,3
secure,안전한,,이 호텔은 매우 안전한 곳이다.,This hotel is a very secure place.,secure.png,secure_word_en.mp3,secure_meaning_ko.mp3,secure_example_en.mp3,secure_example_ko.mp3,중급,3
seek,찾다,,우리는 문제의 답을 찾고 있다.,We are seeking the answer to the problem.,seek.png,seek_word_en.mp3,seek_meaning_ko.mp3,seek_example_en.mp3,seek_example_ko.mp3,중급,3
seeker,탐구자,,그는 진리를 찾는 탐구자이다.,He is a seeker of truth.,seeker.png,seeker_word_en.mp3,seeker_meaning_ko.mp3,seeker_example_en.mp3,seeker_example_ko.mp3,중급,3
select,선택하다,,학생들은 원하는 과목을 선택했다.,The students selected the subjects they wanted.,select.png,select_word_en.mp3,select_meaning_ko.mp3,select_example_en.mp3,select_example_ko.mp3,중급,3
selection,선택,,메뉴의 선택이 아주 다양하다.,The selection on the menu is very diverse.,selection.png,selection_word_en.mp3,selection_meaning_ko.mp3,selection_example_en.mp3,selection_example_ko.mp3,중급,3
self,자기 자신,,가끔은 자기 자신을 돌아보는 시간이 필요하다.,Sometimes you need time to look back on yourself.,self.png,self_word_en.mp3,self_meaning_ko.mp3,self_example_en.mp3,self_example_ko.mp3,중급,3
seminar,세미나,,내일 학교에서 영어 세미나가 열린다.,An English seminar will be held at school tomorrow.,seminar.png,seminar_word_en.mp3,seminar_meaning_ko.mp3,seminar_example_en.mp3,seminar_example_ko.mp3,중급,3
senior,선배,,회사 선배가 내 일을 도와주었다.,A senior colleague at the company helped me with my work.,senior.png,senior_word_en.mp3,senior_meaning_ko.mp3,senior_example_en.mp3,senior_example_ko.mp3,중급,3
sensitive,민감한,,그 아이는 큰 소리에 민감하다.,The child is sensitive to loud sounds.,sensitive.png,sensitive_word_en.mp3,sensitive_meaning_ko.mp3,sensitive_example_en.mp3,sensitive_example_ko.mp3,중급,3
sequence,순서,,문제를 순서대로 풀어 보세요.,Please solve the problems in sequence.,sequence.png,sequence_word_en.mp3,sequence_meaning_ko.mp3,sequence_example_en.mp3,sequence_example_ko.mp3,중급,3
session,회의,,오후 회의는 두 시에 시작한다.,The afternoon session starts at two o'clock.,session.png,session_word_en.mp3,session_meaning_ko.mp3,session_example_en.mp3,session_example_ko.mp3,중급,3
settle,해결하다,,우리는 오랜 논쟁을 마침내 해결했다.,We finally settled the long argument.,settle.png,settle_word_en.mp3,settle_meaning_ko.mp3,settle_example_en.mp3,settle_example_ko.mp3,중급,3
settler,정착민,,초기 정착민들은 강 근처에 마을을 세웠다.,The early settlers built a village near the river.,settler.png,settler_word_en.mp3,settler_meaning_ko.mp3,settler_example_en.mp3,settler_example_ko.mp3,중급,3
severe,심각한,,그 지역은 심각한 물 부족을 겪고 있다.,The area is experiencing a severe water shortage.,severe.png,severe_word_en.mp3,severe_meaning_ko.mp3,severe_example_en.mp3,severe_example_ko.mp3,중급,3
severely,심하게,,그는 사고로 다리를 심하게 다쳤다.,He severely injured his leg in the accident.,severely.png,severely_word_en.mp3,severely_meaning_ko.mp3,severely_example_en.mp3,severely_example_ko.mp3,중급,3
sexy,섹시한,,그 가수는 무대에서 섹시한 춤을 췄다.,The singer danced a sexy dance on stage.,sexy.png,sexy_word_en.mp3,sexy_meaning_ko.mp3,sexy_example_en.mp3,sexy_example_ko.mp3,중급,3
shade,그늘,,우리는 나무 그늘에서 잠시 쉬었다.,We rested for a while in the shade of a tree.,shade.png,shade_word_en.mp3,shade_meaning_ko.mp3,shade_example_en.mp3,shade_example_ko.mp3,중급,3
shadow,그림자,,해가 지자 내 그림자가 길어졌다.,"As the sun set, my shadow became longer.",shadow.png,shadow_word_en.mp3,shadow_meaning_ko.mp3,shadow_example_en.mp3,shadow_example_ko.mp3,중급,3
shallow,얕은,,이 강은 얕은 곳이 많아서 아이들이 놀기 좋다.,"This river has many shallow areas, so it is good for children to play in.",shallow.png,shallow_word_en.mp3,shallow_meaning_ko.mp3,shallow_example_en.mp3,shallow_example_ko.mp3,중급,3
shame,부끄러움,,그는 거짓말을 한 뒤 부끄러움을 느꼈다.,He felt shame after telling a lie.,shame.png,shame_word_en.mp3,shame_meaning_ko.mp3,shame_example_en.mp3,shame_example_ko.mp3,중급,3
shaped,모양의,,그녀는 별 모양의 귀걸이를 샀다.,She bought star-shaped earrings.,shaped.png,shaped_word_en.mp3,shaped_meaning_ko.mp3,shaped_example_en.mp3,shaped_example_ko.mp3,중급,3
shelter,피난처,,폭풍이 오자 사람들은 피난처로 이동했다.,"When the storm came, people moved to a shelter.",shelter.png,shelter_word_en.mp3,shelter_meaning_ko.mp3,shelter_example_en.mp3,shelter_example_ko.mp3,중급,3
shock,충격,,그 소식은 우리 모두에게 큰 충격이었다.,The news was a great shock to all of us.,shock.png,shock_word_en.mp3,shock_meaning_ko.mp3,shock_example_en.mp3,shock_example_ko.mp3,위기탈출,3
shocked,충격받은,,나는 갑작스러운 발표에 충격받은 표정을 지었다.,I had a shocked expression at the sudden announcement.,shocked.png,shocked_word_en.mp3,shocked_meaning_ko.mp3,shocked_example_en.mp3,shocked_example_ko.mp3,중급,3
shocking,충격적인,,그 영화의 결말은 정말 충격적인 장면이었다.,The ending of the movie was a truly shocking scene.,shocking.png,shocking_word_en.mp3,shocking_meaning_ko.mp3,shocking_example_en.mp3,shocking_example_ko.mp3,중급,3
shooting,총격,,어젯밤 도심에서 총격 사건이 발생했다.,A shooting incident occurred downtown last night.,shooting.png,shooting_word_en.mp3,shooting_meaning_ko.mp3,shooting_example_en.mp3,shooting_example_ko.mp3,위기탈출,3
shore,해안,,우리는 해안을 따라 천천히 걸었다.,We walked slowly along the shore.,shore.png,shore_word_en.mp3,shore_meaning_ko.mp3,shore_example_en.mp3,shore_example_ko.mp3,여행,2
short-term,단기적인,,회사는 단기적인 계획보다 장기적인 목표를 세웠다.,The company set long-term goals rather than short-term plans.,short-term.png,short-term_word_en.mp3,short-term_meaning_ko.mp3,short-term_example_en.mp3,short-term_example_ko.mp3,중급,3
shortage,부족,,병원에는 의사 부족 문제가 있다.,The hospital has a shortage of doctors.,shortage.png,shortage_word_en.mp3,shortage_meaning_ko.mp3,shortage_example_en.mp3,shortage_example_ko.mp3,중급,3
shortly,곧,,회의가 곧 시작될 예정입니다.,The meeting is scheduled to start shortly.,shortly.png,shortly_word_en.mp3,shortly_meaning_ko.mp3,shortly_example_en.mp3,shortly_example_ko.mp3,중급,3
shot,사격,,그 선수는 사격 실력이 매우 좋다.,That athlete has very good shooting skills.,shot.png,shot_word_en.mp3,shot_meaning_ko.mp3,shot_example_en.mp3,shot_example_ko.mp3,위기탈출,3
sibling,형제자매,,나는 형제자매가 두 명 있다.,I have two siblings.,sibling.png,sibling_word_en.mp3,sibling_meaning_ko.mp3,sibling_example_en.mp3,sibling_example_ko.mp3,중급,3
signature,서명,,계약서 아래에 서명을 해 주세요.,Please put your signature at the bottom of the contract.,signature.png,signature_word_en.mp3,signature_meaning_ko.mp3,signature_example_en.mp3,signature_example_ko.mp3,비즈니스,3
significance,중요성,,이 발견의 중요성은 매우 크다.,The significance of this discovery is very great.,significance.png,significance_word_en.mp3,significance_meaning_ko.mp3,significance_example_en.mp3,significance_example_ko.mp3,중급,3
significant,중요한,,그 연구는 중요한 결과를 보여 주었다.,The study showed significant results.,significant.png,significant_word_en.mp3,significant_meaning_ko.mp3,significant_example_en.mp3,significant_example_ko.mp3,중급,3
significantly,상당히,,새로운 정책 후에 교통사고가 상당히 줄었다.,"After the new policy, traffic accidents decreased significantly.",significantly.png,significantly_word_en.mp3,significantly_meaning_ko.mp3,significantly_example_en.mp3,significantly_example_ko.mp3,중급,3
silence,침묵,,방 안에는 깊은 침묵이 흘렀다.,A deep silence filled the room.,silence.png,silence_word_en.mp3,silence_meaning_ko.mp3,silence_example_en.mp3,silence_example_ko.mp3,중급,3
silk,비단,,그녀는 비단으로 만든 스카프를 선물받았다.,She received a scarf made of silk as a gift.,silk.png,silk_word_en.mp3,silk_meaning_ko.mp3,silk_example_en.mp3,silk_example_ko.mp3,쇼핑,2
sincere,진실한,,그는 친구에게 진실한 사과를 했다.,He gave his friend a sincere apology.,sincere.png,sincere_word_en.mp3,sincere_meaning_ko.mp3,sincere_example_en.mp3,sincere_example_ko.mp3,중급,3
skilled,숙련된,,그는 숙련된 요리사처럼 빠르게 음식을 만들었다.,He prepared the food quickly like a skilled chef.,skilled.png,skilled_word_en.mp3,skilled_meaning_ko.mp3,skilled_example_en.mp3,skilled_example_ko.mp3,비즈니스,3
skull,두개골,,의사는 두개골 사진을 자세히 살펴보았다.,The doctor examined the skull image carefully.,skull.png,skull_word_en.mp3,skull_meaning_ko.mp3,skull_example_en.mp3,skull_example_ko.mp3,중급,3
slave,노예,,옛날에는 많은 사람들이 노예로 살았다.,"In the past, many people lived as slaves.",slave.png,slave_word_en.mp3,slave_meaning_ko.mp3,slave_example_en.mp3,slave_example_ko.mp3,중급,3
slide,미끄러지다,,아이가 미끄럼틀에서 아래로 미끄러졌다.,The child slid down the slide.,slide.png,slide_word_en.mp3,slide_meaning_ko.mp3,slide_example_en.mp3,slide_example_ko.mp3,중급,3
slight,약간의,,그는 약간의 두통이 있다고 말했다.,He said he had a slight headache.,slight.png,slight_word_en.mp3,slight_meaning_ko.mp3,slight_example_en.mp3,slight_example_ko.mp3,중급,3
slip,미끄러지다,,비 오는 날 길에서 미끄러지지 않게 조심하세요.,Be careful not to slip on the road on a rainy day.,slip.png,slip_word_en.mp3,slip_meaning_ko.mp3,slip_example_en.mp3,slip_example_ko.mp3,위기탈출,3
slogan,슬로건,,우리 팀의 슬로건은 '함께 이기자'이다.,Our team's slogan is 'Let's win together.',slogan.png,slogan_word_en.mp3,slogan_meaning_ko.mp3,slogan_example_en.mp3,slogan_example_ko.mp3,중급,3
slope,경사,,이 길은 경사가 심해서 올라가기 힘들다.,"This road has a steep slope, so it is hard to climb.",slope.png,slope_word_en.mp3,slope_meaning_ko.mp3,slope_example_en.mp3,slope_example_ko.mp3,중급,3
so-called,소위,,그는 소위 성공한 사업가로 알려져 있다.,He is known as a so-called successful businessman.,so-called.png,so-called_word_en.mp3,so-called_meaning_ko.mp3,so-called_example_en.mp3,so-called_example_ko.mp3,중급,3
solar,태양의,,이 집은 태양의 에너지를 이용해 전기를 만든다.,This house uses solar energy to make electricity.,solar.png,solar_word_en.mp3,solar_meaning_ko.mp3,solar_example_en.mp3,solar_example_ko.mp3,중급,3
somehow,어떻게든,,우리는 어떻게든 문제를 해결했다.,We somehow solved the problem.,somehow.png,somehow_word_en.mp3,somehow_meaning_ko.mp3,somehow_example_en.mp3,somehow_example_ko.mp3,중급,3
sometime,언젠가,,언젠가 너와 함께 여행을 가고 싶다.,I want to travel with you sometime.,sometime.png,sometime_word_en.mp3,sometime_meaning_ko.mp3,sometime_example_en.mp3,sometime_example_ko.mp3,중급,3
somewhat,다소,,오늘은 날씨가 다소 춥다.,The weather is somewhat cold today.,somewhat.png,somewhat_word_en.mp3,somewhat_meaning_ko.mp3,somewhat_example_en.mp3,somewhat_example_ko.mp3,중급,3
sophisticated,세련된,,그 호텔은 세련된 분위기로 유명하다.,The hotel is famous for its sophisticated atmosphere.,sophisticated.png,sophisticated_word_en.mp3,sophisticated_meaning_ko.mp3,sophisticated_example_en.mp3,sophisticated_example_ko.mp3,중급,3
soul,영혼,,그 음악은 내 영혼을 위로해 주었다.,The music comforted my soul.,soul.png,soul_word_en.mp3,soul_meaning_ko.mp3,soul_example_en.mp3,soul_example_ko.mp3,중급,3
spare,여분의,,여분의 열쇠를 가방에 넣어 두었다.,I put a spare key in my bag.,spare.png,spare_word_en.mp3,spare_meaning_ko.mp3,spare_example_en.mp3,spare_example_ko.mp3,중급,3
specialist,전문가,,그는 심장 질환 전문가이다.,He is a specialist in heart disease.,specialist.png,specialist_word_en.mp3,specialist_meaning_ko.mp3,specialist_example_en.mp3,specialist_example_ko.mp3,중급,3
specialize,전문으로 하다,,그 병원은 어린이 치료를 전문으로 한다.,The hospital specializes in treating children.,specialize.png,specialize_word_en.mp3,specialize_meaning_ko.mp3,specialize_example_en.mp3,specialize_example_ko.mp3,중급,3
species,종,,이 숲에는 다양한 종의 새가 산다.,Many different species of birds live in this forest.,species.png,species_word_en.mp3,species_meaning_ko.mp3,species_example_en.mp3,species_example_ko.mp3,중급,3
specify,명시하다,,신청서에 원하는 날짜를 명시해 주세요.,Please specify your desired date on the application form.,specify.png,specify_word_en.mp3,specify_meaning_ko.mp3,specify_example_en.mp3,specify_example_ko.mp3,중급,3
spectacular,굉장한,,우리는 산 정상에서 굉장한 경치를 보았다.,We saw a spectacular view from the top of the mountain.,spectacular.png,spectacular_word_en.mp3,spectacular_meaning_ko.mp3,spectacular_example_en.mp3,spectacular_example_ko.mp3,중급,3
spectator,구경꾼,,경기장에는 많은 구경꾼이 모였다.,Many spectators gathered at the stadium.,spectator.png,spectator_word_en.mp3,spectator_meaning_ko.mp3,spectator_example_en.mp3,spectator_example_ko.mp3,중급,3
speculate,추측하다,,사람들은 사고의 원인을 추측하고 있다.,People are speculating about the cause of the accident.,speculate.png,speculate_word_en.mp3,speculate_meaning_ko.mp3,speculate_example_en.mp3,speculate_example_ko.mp3,중급,3
speculation,추측,,그 소문은 단순한 추측에 불과하다.,That rumor is nothing more than simple speculation.,speculation.png,speculation_word_en.mp3,speculation_meaning_ko.mp3,speculation_example_en.mp3,speculation_example_ko.mp3,중급,3
spice,향신료,,이 음식에는 여러 가지 향신료가 들어간다.,This food contains several kinds of spices.,spice.png,spice_word_en.mp3,spice_meaning_ko.mp3,spice_example_en.mp3,spice_example_ko.mp3,중급,3
spill,쏟다,,아이가 컵을 넘어뜨려 물을 쏟았다.,The child knocked over the cup and spilled the water.,spill.png,spill_word_en.mp3,spill_meaning_ko.mp3,spill_example_en.mp3,spill_example_ko.mp3,중급,3
spiritual,정신적인,,명상은 정신적인 안정을 주는 데 도움이 된다.,Meditation helps provide spiritual peace.,spiritual.png,spiritual_word_en.mp3,spiritual_meaning_ko.mp3,spiritual_example_en.mp3,spiritual_example_ko.mp3,중급,3
spite,악의,,그는 악의 없이 그 말을 했다.,He said that without spite.,spite.png,spite_word_en.mp3,spite_meaning_ko.mp3,spite_example_en.mp3,spite_example_ko.mp3,중급,3
split,쪼개다,,아버지는 장작을 도끼로 쪼갰다.,My father split the firewood with an ax.,split.png,split_word_en.mp3,split_meaning_ko.mp3,split_example_en.mp3,split_example_ko.mp3,중급,3
spoil,망치다,,큰 소음이 조용한 분위기를 망쳤다.,The loud noise spoiled the quiet atmosphere.,spoil.png,spoil_word_en.mp3,spoil_meaning_ko.mp3,spoil_example_en.mp3,spoil_example_ko.mp3,중급,3
spokesman,대변인,,회사 대변인은 새로운 계획을 발표했다.,The company spokesman announced a new plan.,spokesman.png,spokesman_word_en.mp3,spokesman_meaning_ko.mp3,spokesman_example_en.mp3,spokesman_example_ko.mp3,중급,3
spokesperson,대변인,,정부 대변인은 기자들의 질문에 답했다.,The government spokesperson answered the reporters' questions.,spokesperson.png,spokesperson_word_en.mp3,spokesperson_meaning_ko.mp3,spokesperson_example_en.mp3,spokesperson_example_ko.mp3,중급,3
spokeswoman,여성 대변인,,여성 대변인은 회의 결과를 설명했다.,The spokeswoman explained the results of the meeting.,spokeswoman.png,spokeswoman_word_en.mp3,spokeswoman_meaning_ko.mp3,spokeswoman_example_en.mp3,spokeswoman_example_ko.mp3,중급,3
sponsor,후원자,,그 회사는 우리 축구팀의 후원자입니다.,That company is the sponsor of our soccer team.,sponsor.png,sponsor_word_en.mp3,sponsor_meaning_ko.mp3,sponsor_example_en.mp3,sponsor_example_ko.mp3,중급,3
sponsorship,후원,,이 행사는 여러 기업의 후원으로 열렸습니다.,This event was held with sponsorship from several companies.,sponsorship.png,sponsorship_word_en.mp3,sponsorship_meaning_ko.mp3,sponsorship_example_en.mp3,sponsorship_example_ko.mp3,중급,3
sporting,스포츠의,,그 도시는 큰 스포츠 행사를 준비하고 있습니다.,The city is preparing a major sporting event.,sporting.png,sporting_word_en.mp3,sporting_meaning_ko.mp3,sporting_example_en.mp3,sporting_example_ko.mp3,중급,3
stable,안정된,,그는 안정된 직장을 구했습니다.,He found a stable job.,stable.png,stable_word_en.mp3,stable_meaning_ko.mp3,stable_example_en.mp3,stable_example_ko.mp3,중급,3
stall,가판대,,시장 가판대에서 과일을 샀습니다.,I bought fruit at a market stall.,stall.png,stall_word_en.mp3,stall_meaning_ko.mp3,stall_example_en.mp3,stall_example_ko.mp3,중급,3
stance,입장,,그 문제에 대한 그의 입장은 분명합니다.,His stance on that issue is clear.,stance.png,stance_word_en.mp3,stance_meaning_ko.mp3,stance_example_en.mp3,stance_example_ko.mp3,중급,3
stare,응시하다,,아이는 창밖을 조용히 응시했습니다.,The child quietly stared out the window.,stare.png,stare_word_en.mp3,stare_meaning_ko.mp3,stare_example_en.mp3,stare_example_ko.mp3,중급,3
starve,굶주리다,,전쟁 때문에 많은 사람들이 굶주렸습니다.,Many people starved because of the war.,starve.png,starve_word_en.mp3,starve_meaning_ko.mp3,starve_example_en.mp3,starve_example_ko.mp3,중급,3
status,상태,,주문 상태를 온라인으로 확인할 수 있습니다.,You can check the order status online.,status.png,status_word_en.mp3,status_meaning_ko.mp3,status_example_en.mp3,status_example_ko.mp3,중급,3
steadily,꾸준히,,그녀의 한국어 실력은 꾸준히 좋아지고 있습니다.,Her Korean skills are steadily improving.,steadily.png,steadily_word_en.mp3,steadily_meaning_ko.mp3,steadily_example_en.mp3,steadily_example_ko.mp3,중급,3
steady,꾸준한,,꾸준한 연습이 실력을 키웁니다.,Steady practice improves your skills.,steady.png,steady_word_en.mp3,steady_meaning_ko.mp3,steady_example_en.mp3,steady_example_ko.mp3,중급,3
steam,증기,,뜨거운 물에서 증기가 올라왔습니다.,Steam rose from the hot water.,steam.png,steam_word_en.mp3,steam_meaning_ko.mp3,steam_example_en.mp3,steam_example_ko.mp3,중급,3
steel,강철,,이 다리는 강철로 만들어졌습니다.,This bridge is made of steel.,steel.png,steel_word_en.mp3,steel_meaning_ko.mp3,steel_example_en.mp3,steel_example_ko.mp3,중급,3
steep,가파른,,우리는 가파른 언덕을 천천히 올라갔습니다.,We slowly climbed the steep hill.,steep.png,steep_word_en.mp3,steep_meaning_ko.mp3,steep_example_en.mp3,steep_example_ko.mp3,중급,3
sticky,끈적끈적한,,아이가 끈적끈적한 사탕을 손에 들고 있었습니다.,The child was holding sticky candy in his hand.,sticky.png,sticky_word_en.mp3,sticky_meaning_ko.mp3,sticky_example_en.mp3,sticky_example_ko.mp3,중급,3
stiff,뻣뻣한,,오래 앉아 있었더니 목이 뻣뻣합니다.,My neck is stiff after sitting for a long time.,stiff.png,stiff_word_en.mp3,stiff_meaning_ko.mp3,stiff_example_en.mp3,stiff_example_ko.mp3,중급,3
stimulate,자극하다,,새로운 경험은 아이들의 호기심을 자극합니다.,New experiences stimulate children's curiosity.,stimulate.png,stimulate_word_en.mp3,stimulate_meaning_ko.mp3,stimulate_example_en.mp3,stimulate_example_ko.mp3,중급,3
stock,주식,,그는 처음으로 주식을 샀습니다.,He bought stocks for the first time.,stock.png,stock_word_en.mp3,stock_meaning_ko.mp3,stock_example_en.mp3,stock_example_ko.mp3,비즈니스,3
stream,개울,,집 뒤에 작은 개울이 흐릅니다.,A small stream flows behind the house.,stream.png,stream_word_en.mp3,stream_meaning_ko.mp3,stream_example_en.mp3,stream_example_ko.mp3,여행,2
strengthen,강화하다,,운동은 몸을 강화하는 데 도움이 됩니다.,Exercise helps strengthen the body.,strengthen.png,strengthen_word_en.mp3,strengthen_meaning_ko.mp3,strengthen_example_en.mp3,strengthen_example_ko.mp3,중급,3
stretch,뻗다,,고양이가 앞발을 길게 뻗었습니다.,The cat stretched out its front legs.,stretch.png,stretch_word_en.mp3,stretch_meaning_ko.mp3,stretch_example_en.mp3,stretch_example_ko.mp3,중급,3
strict,엄격한,,우리 학교에는 엄격한 규칙이 있습니다.,Our school has strict rules.,strict.png,strict_word_en.mp3,strict_meaning_ko.mp3,strict_example_en.mp3,strict_example_ko.mp3,중급,3
strictly,엄격히,,이 규칙은 엄격히 지켜야 합니다.,This rule must be strictly followed.,strictly.png,strictly_word_en.mp3,strictly_meaning_ko.mp3,strictly_example_en.mp3,strictly_example_ko.mp3,중급,3
strike,파업,,노동자들은 임금 인상을 요구하며 파업을 했습니다.,The workers went on strike demanding higher wages.,strike.png,strike_word_en.mp3,strike_meaning_ko.mp3,strike_example_en.mp3,strike_example_ko.mp3,중급,3
stroke,뇌졸중,,그는 뇌졸중 후에 재활 치료를 받았습니다.,He received rehabilitation therapy after a stroke.,stroke.png,stroke_word_en.mp3,stroke_meaning_ko.mp3,stroke_example_en.mp3,stroke_example_ko.mp3,중급,3
struggle,분투,,그의 성공 뒤에는 오랜 분투가 있었습니다.,Behind his success was a long struggle.,struggle.png,struggle_word_en.mp3,struggle_meaning_ko.mp3,struggle_example_en.mp3,struggle_example_ko.mp3,중급,3
stunning,매우 매력적인,,그 배우는 매우 매력적인 미소를 가지고 있습니다.,The actor has a stunning smile.,stunning.png,stunning_word_en.mp3,stunning_meaning_ko.mp3,stunning_example_en.mp3,stunning_example_ko.mp3,중급,3
submit,제출하다,,학생들은 금요일까지 숙제를 제출해야 합니다.,Students must submit their homework by Friday.,submit.png,submit_word_en.mp3,submit_meaning_ko.mp3,submit_example_en.mp3,submit_example_ko.mp3,중급,3
subsequent,후속의,,후속 회의에서 자세한 계획을 논의했습니다.,We discussed detailed plans at the subsequent meeting.,subsequent.png,subsequent_word_en.mp3,subsequent_meaning_ko.mp3,subsequent_example_en.mp3,subsequent_example_ko.mp3,중급,3
subsequently,그 후에,,그는 회사를 떠났고 그 후에 작은 가게를 열었습니다.,He left the company and subsequently opened a small shop.,subsequently.png,subsequently_word_en.mp3,subsequently_meaning_ko.mp3,subsequently_example_en.mp3,subsequently_example_ko.mp3,중급,3
suburb,교외,,그들은 서울 교외에 살고 있습니다.,They live in a suburb of Seoul.,suburb.png,suburb_word_en.mp3,suburb_meaning_ko.mp3,suburb_example_en.mp3,suburb_example_ko.mp3,여행,2
suffering,고통,,우리는 전쟁으로 인한 사람들의 고통을 잊지 말아야 합니다.,We must not forget people's suffering caused by war.,suffering.png,suffering_word_en.mp3,suffering_meaning_ko.mp3,suffering_example_en.mp3,suffering_example_ko.mp3,위기탈출,3
sufficient,충분한,,여행을 가기 전에 충분한 돈을 준비하세요.,Prepare sufficient money before going on a trip.,sufficient.png,sufficient_word_en.mp3,sufficient_meaning_ko.mp3,sufficient_example_en.mp3,sufficient_example_ko.mp3,중급,3
sufficiently,충분히,,시험 전에 충분히 쉬는 것이 중요합니다.,It is important to rest sufficiently before the exam.,sufficiently.png,sufficiently_word_en.mp3,sufficiently_meaning_ko.mp3,sufficiently_example_en.mp3,sufficiently_example_ko.mp3,중급,3
sum,합계,,영수증에 적힌 합계는 3만 원입니다.,"The sum written on the receipt is 30,000 won.",sum.png,sum_word_en.mp3,sum_meaning_ko.mp3,sum_example_en.mp3,sum_example_ko.mp3,중급,3
super,굉장한,,오늘 본 영화는 정말 굉장했습니다.,The movie I watched today was really super.,super.png,super_word_en.mp3,super_meaning_ko.mp3,super_example_en.mp3,super_example_ko.mp3,중급,3
surgeon,외과 의사,,그 외과 의사는 어려운 수술을 성공적으로 마쳤습니다.,The surgeon successfully completed the difficult operation.,surgeon.png,surgeon_word_en.mp3,surgeon_meaning_ko.mp3,surgeon_example_en.mp3,surgeon_example_ko.mp3,중급,3
surgery,수술,,그는 내일 무릎 수술을 받을 예정입니다.,He is scheduled to have knee surgery tomorrow.,surgery.png,surgery_word_en.mp3,surgery_meaning_ko.mp3,surgery_example_en.mp3,surgery_example_ko.mp3,위기탈출,3
surround,둘러싸다,,높은 산들이 마을을 둘러싸고 있습니다.,High mountains surround the village.,surround.png,surround_word_en.mp3,surround_meaning_ko.mp3,surround_example_en.mp3,surround_example_ko.mp3,중급,3
surrounding,주변의,,주변의 가게들은 모두 문을 닫았습니다.,The surrounding shops were all closed.,surrounding.png,surrounding_word_en.mp3,surrounding_meaning_ko.mp3,surrounding_example_en.mp3,surrounding_example_ko.mp3,중급,3
survival,생존,,깨끗한 물은 생존에 꼭 필요합니다.,Clean water is essential for survival.,survival.png,survival_word_en.mp3,survival_meaning_ko.mp3,survival_example_en.mp3,survival_example_ko.mp3,위기탈출,3
survivor,생존자,,사고 생존자는 병원에서 치료를 받고 있습니다.,The survivor of the accident is receiving treatment at the hospital.,survivor.png,survivor_word_en.mp3,survivor_meaning_ko.mp3,survivor_example_en.mp3,survivor_example_ko.mp3,중급,3
suspect,의심하다,,경찰은 그 남자를 범인으로 의심했습니다.,The police suspected the man of being the criminal.,suspect.png,suspect_word_en.mp3,suspect_meaning_ko.mp3,suspect_example_en.mp3,suspect_example_ko.mp3,중급,3
suspend,보류하다,,회사는 새 프로젝트를 잠시 보류하기로 했습니다.,The company decided to suspend the new project for a while.,suspend.png,suspend_word_en.mp3,suspend_meaning_ko.mp3,suspend_example_en.mp3,suspend_example_ko.mp3,중급,3
sustainable,지속 가능한,,우리는 지속 가능한 에너지를 더 많이 사용해야 합니다.,We should use more sustainable energy.,sustainable.png,sustainable_word_en.mp3,sustainable_meaning_ko.mp3,sustainable_example_en.mp3,sustainable_example_ko.mp3,중급,3
swallow,삼키다,,약을 물과 함께 삼키세요.,Swallow the medicine with water.,swallow.png,swallow_word_en.mp3,swallow_meaning_ko.mp3,swallow_example_en.mp3,swallow_example_ko.mp3,중급,3
swear,맹세하다,,그는 다시는 거짓말하지 않겠다고 맹세했습니다.,He swore that he would never lie again.,swear.png,swear_word_en.mp3,swear_meaning_ko.mp3,swear_example_en.mp3,swear_example_ko.mp3,중급,3
sweep,쓸다,,아침마다 마당을 깨끗이 쓸어요.,I sweep the yard clean every morning.,sweep.png,sweep_word_en.mp3,sweep_meaning_ko.mp3,sweep_example_en.mp3,sweep_example_ko.mp3,중급,3
sympathetic,동정하는,,그녀는 힘든 친구에게 동정하는 표정을 지었습니다.,She gave a sympathetic look to her friend who was having a hard time.,sympathetic.png,sympathetic_word_en.mp3,sympathetic_meaning_ko.mp3,sympathetic_example_en.mp3,sympathetic_example_ko.mp3,중급,3
sympathy,동정심,,사람들은 피해자 가족에게 동정심을 보냈습니다.,People expressed sympathy for the victim's family.,sympathy.png,sympathy_word_en.mp3,sympathy_meaning_ko.mp3,sympathy_example_en.mp3,sympathy_example_ko.mp3,중급,3
tackle,씨름하다,,그는 어려운 문제와 며칠 동안 씨름했습니다.,He tackled the difficult problem for several days.,tackle.png,tackle_word_en.mp3,tackle_meaning_ko.mp3,tackle_example_en.mp3,tackle_example_ko.mp3,중급,3
tag,태그,,가방에 이름 태그를 붙였습니다.,I attached a name tag to the bag.,tag.png,tag_word_en.mp3,tag_meaning_ko.mp3,tag_example_en.mp3,tag_example_ko.mp3,쇼핑,2
tale,이야기,,할머니는 재미있는 옛날이야기를 들려주셨습니다.,Grandmother told us an interesting old tale.,tale.png,tale_word_en.mp3,tale_meaning_ko.mp3,tale_example_en.mp3,tale_example_ko.mp3,중급,3
tank,탱크,,전쟁 영화에 큰 탱크가 나왔습니다.,A large tank appeared in the war movie.,tank.png,tank_word_en.mp3,tank_meaning_ko.mp3,tank_example_en.mp3,tank_example_ko.mp3,중급,3
tap,수도꼭지,,수도꼭지를 잠그지 않아서 물이 계속 흘렀습니다.,Water kept running because the tap was not turned off.,tap.png,tap_word_en.mp3,tap_meaning_ko.mp3,tap_example_en.mp3,tap_example_ko.mp3,중급,3
tear,눈물,,그녀의 눈에서 눈물이 흘렀습니다.,Tears flowed from her eyes.,tear.png,tear_word_en.mp3,tear_meaning_ko.mp3,tear_example_en.mp3,tear_example_ko.mp3,중급,3
technological,기술의,,기술의 발전은 우리의 생활을 바꾸고 있습니다.,Technological development is changing our lives.,technological.png,technological_word_en.mp3,technological_meaning_ko.mp3,technological_example_en.mp3,technological_example_ko.mp3,중급,3
teens,청소년,,이 프로그램은 청소년을 위한 것입니다.,This program is for teens.,teens.png,teens_word_en.mp3,teens_meaning_ko.mp3,teens_example_en.mp3,teens_example_ko.mp3,중급,3
temple,사원,,우리는 산속의 오래된 사원을 방문했습니다.,We visited an old temple in the mountains.,temple.png,temple_word_en.mp3,temple_meaning_ko.mp3,temple_example_en.mp3,temple_example_ko.mp3,여행,2
temporarily,일시적으로,,그 가게는 공사 때문에 일시적으로 문을 닫았습니다.,The store temporarily closed because of construction.,temporarily.png,temporarily_word_en.mp3,temporarily_meaning_ko.mp3,temporarily_example_en.mp3,temporarily_example_ko.mp3,중급,3
temporary,임시의,,우리는 공사 기간 동안 임시의 사무실을 사용했다.,We used a temporary office during the construction period.,temporary.png,temporary_word_en.mp3,temporary_meaning_ko.mp3,temporary_example_en.mp3,temporary_example_ko.mp3,중급,3
tendency,경향,,그는 스트레스를 받으면 말을 빨리 하는 경향이 있다.,He has a tendency to speak quickly when he is stressed.,tendency.png,tendency_word_en.mp3,tendency_meaning_ko.mp3,tendency_example_en.mp3,tendency_example_ko.mp3,중급,3
tension,긴장,,시험 전이라 교실에 긴장이 감돌았다.,There was tension in the classroom before the exam.,tension.png,tension_word_en.mp3,tension_meaning_ko.mp3,tension_example_en.mp3,tension_example_ko.mp3,중급,3
terminal,터미널,,우리는 버스 터미널에서 친구를 만났다.,We met our friend at the bus terminal.,terminal.png,terminal_word_en.mp3,terminal_meaning_ko.mp3,terminal_example_en.mp3,terminal_example_ko.mp3,중급,3
terms,조건,,계약서의 조건을 자세히 읽어 보세요.,Please read the terms of the contract carefully.,terms.png,terms_word_en.mp3,terms_meaning_ko.mp3,terms_example_en.mp3,terms_example_ko.mp3,중급,3
terribly,몹시,,오늘은 몹시 피곤해서 일찍 자고 싶다.,"I am terribly tired today, so I want to go to bed early.",terribly.png,terribly_word_en.mp3,terribly_meaning_ko.mp3,terribly_example_en.mp3,terribly_example_ko.mp3,중급,3
terrify,겁먹게 하다,,큰 천둥소리가 아이를 겁먹게 했다.,The loud thunder terrified the child.,terrify.png,terrify_word_en.mp3,terrify_meaning_ko.mp3,terrify_example_en.mp3,terrify_example_ko.mp3,중급,3
territory,영토,,그 나라는 넓은 영토를 가지고 있다.,That country has a large territory.,territory.png,territory_word_en.mp3,territory_meaning_ko.mp3,territory_example_en.mp3,territory_example_ko.mp3,여행,2
terror,공포,,어두운 숲에서 갑자기 공포를 느꼈다.,I suddenly felt terror in the dark forest.,terror.png,terror_word_en.mp3,terror_meaning_ko.mp3,terror_example_en.mp3,terror_example_ko.mp3,위기탈출,3
terrorism,테러,,정부는 테러를 막기 위해 보안을 강화했다.,The government strengthened security to prevent terrorism.,terrorism.png,terrorism_word_en.mp3,terrorism_meaning_ko.mp3,terrorism_example_en.mp3,terrorism_example_ko.mp3,위기탈출,3
terrorist,테러리스트,,경찰은 테러리스트를 체포했다.,The police arrested the terrorist.,terrorist.png,terrorist_word_en.mp3,terrorist_meaning_ko.mp3,terrorist_example_en.mp3,terrorist_example_ko.mp3,위기탈출,3
testing,시험,,새 약의 안전성을 확인하기 위한 시험이 진행 중이다.,Testing is underway to check the safety of the new medicine.,testing.png,testing_word_en.mp3,testing_meaning_ko.mp3,testing_example_en.mp3,testing_example_ko.mp3,중급,3
textbook,교과서,,학생들은 수업 전에 교과서를 준비했다.,The students prepared their textbooks before class.,textbook.png,textbook_word_en.mp3,textbook_meaning_ko.mp3,textbook_example_en.mp3,textbook_example_ko.mp3,중급,3
theft,절도,,가게에서 절도 사건이 발생했다.,A theft occurred at the store.,theft.png,theft_word_en.mp3,theft_meaning_ko.mp3,theft_example_en.mp3,theft_example_ko.mp3,위기탈출,3
therapist,치료사,,그는 다친 다리를 치료사에게 보였다.,He showed his injured leg to a therapist.,therapist.png,therapist_word_en.mp3,therapist_meaning_ko.mp3,therapist_example_en.mp3,therapist_example_ko.mp3,중급,3
therapy,치료,,그녀는 허리 통증 때문에 치료를 받고 있다.,She is receiving therapy because of back pain.,therapy.png,therapy_word_en.mp3,therapy_meaning_ko.mp3,therapy_example_en.mp3,therapy_example_ko.mp3,중급,3
thesis,논문,,민수는 졸업 논문을 쓰고 있다.,Minsu is writing his graduation thesis.,thesis.png,thesis_word_en.mp3,thesis_meaning_ko.mp3,thesis_example_en.mp3,thesis_example_ko.mp3,중급,3
thorough,철저한,,성공하려면 철저한 준비가 필요하다.,Thorough preparation is necessary for success.,thorough.png,thorough_word_en.mp3,thorough_meaning_ko.mp3,thorough_example_en.mp3,thorough_example_ko.mp3,중급,3
thoroughly,철저하게,,선생님은 학생들에게 답을 철저하게 확인하라고 말했다.,The teacher told the students to check their answers thoroughly.,thoroughly.png,thoroughly_word_en.mp3,thoroughly_meaning_ko.mp3,thoroughly_example_en.mp3,thoroughly_example_ko.mp3,중급,3
threat,위협,,환경 오염은 동물들에게 큰 위협이 된다.,Environmental pollution is a major threat to animals.,threat.png,threat_word_en.mp3,threat_meaning_ko.mp3,threat_example_en.mp3,threat_example_ko.mp3,위기탈출,3
threaten,위협하다,,그 남자는 큰 소리로 사람들을 위협했다.,The man threatened people in a loud voice.,threaten.png,threaten_word_en.mp3,threaten_meaning_ko.mp3,threaten_example_en.mp3,threaten_example_ko.mp3,중급,3
thumb,엄지손가락,,그는 엄지손가락을 들어 괜찮다는 표시를 했다.,He raised his thumb to show that everything was okay.,thumb.png,thumb_word_en.mp3,thumb_meaning_ko.mp3,thumb_example_en.mp3,thumb_example_ko.mp3,중급,3
thus,따라서,,비가 많이 왔다. 따라서 경기가 취소되었다.,"It rained a lot. Thus, the game was canceled.",thus.png,thus_word_en.mp3,thus_meaning_ko.mp3,thus_example_en.mp3,thus_example_ko.mp3,중급,3
timing,타이밍,,그의 질문은 타이밍이 아주 좋았다.,The timing of his question was very good.,timing.png,timing_word_en.mp3,timing_meaning_ko.mp3,timing_example_en.mp3,timing_example_ko.mp3,중급,3
tissue,화장지,,코를 풀려고 화장지를 한 장 꺼냈다.,I took out a tissue to blow my nose.,tissue.png,tissue_word_en.mp3,tissue_meaning_ko.mp3,tissue_example_en.mp3,tissue_example_ko.mp3,중급,3
ton,톤,,이 트럭은 두 톤의 짐을 실을 수 있다.,This truck can carry two tons of cargo.,ton.png,ton_word_en.mp3,ton_meaning_ko.mp3,ton_example_en.mp3,ton_example_ko.mp3,중급,3
tone,말투,,그의 말투는 차갑게 들렸다.,His tone sounded cold.,tone.png,tone_word_en.mp3,tone_meaning_ko.mp3,tone_example_en.mp3,tone_example_ko.mp3,중급,3
tonne,톤,,그 배는 수천 톤의 화물을 운반했다.,The ship carried thousands of tonnes of cargo.,tonne.png,tonne_word_en.mp3,tonne_meaning_ko.mp3,tonne_example_en.mp3,tonne_example_ko.mp3,중급,3
tough,어려운,,이번 시험은 정말 어려운 시험이었다.,This exam was a really tough exam.,tough.png,tough_word_en.mp3,tough_meaning_ko.mp3,tough_example_en.mp3,tough_example_ko.mp3,중급,3
tournament,토너먼트,,우리 팀은 축구 토너먼트에서 우승했다.,Our team won the soccer tournament.,tournament.png,tournament_word_en.mp3,tournament_meaning_ko.mp3,tournament_example_en.mp3,tournament_example_ko.mp3,중급,3
trace,흔적,,눈 위에 동물의 발자국 흔적이 남아 있었다.,Traces of animal footprints remained on the snow.,trace.png,trace_word_en.mp3,trace_meaning_ko.mp3,trace_example_en.mp3,trace_example_ko.mp3,중급,3
trading,거래,,두 회사는 상품 거래를 시작했다.,The two companies started trading goods.,trading.png,trading_word_en.mp3,trading_meaning_ko.mp3,trading_example_en.mp3,trading_example_ko.mp3,중급,3
tragedy,비극,,그 사고는 마을 사람들에게 큰 비극이었다.,The accident was a great tragedy for the villagers.,tragedy.png,tragedy_word_en.mp3,tragedy_meaning_ko.mp3,tragedy_example_en.mp3,tragedy_example_ko.mp3,위기탈출,3
tragic,비극적인,,그 영화는 비극적인 결말로 끝났다.,The movie ended with a tragic ending.,tragic.png,tragic_word_en.mp3,tragic_meaning_ko.mp3,tragic_example_en.mp3,tragic_example_ko.mp3,중급,3
trait,특성,,성실함은 그의 가장 큰 특성이다.,Sincerity is his greatest trait.,trait.png,trait_word_en.mp3,trait_meaning_ko.mp3,trait_example_en.mp3,trait_example_ko.mp3,중급,3
transfer,옮기다,,파일을 새 컴퓨터로 옮겼다.,I transferred the files to the new computer.,transfer.png,transfer_word_en.mp3,transfer_meaning_ko.mp3,transfer_example_en.mp3,transfer_example_ko.mp3,비즈니스,3
transform,바꾸다,,그 경험은 그의 생각을 완전히 바꾸었다.,That experience completely transformed his way of thinking.,transform.png,transform_word_en.mp3,transform_meaning_ko.mp3,transform_example_en.mp3,transform_example_ko.mp3,중급,3
transition,전환,,회사는 새로운 시스템으로의 전환을 준비하고 있다.,The company is preparing for the transition to a new system.,transition.png,transition_word_en.mp3,transition_meaning_ko.mp3,transition_example_en.mp3,transition_example_ko.mp3,중급,3
transmit,전송하다,,이 기계는 데이터를 빠르게 전송한다.,This machine transmits data quickly.,transmit.png,transmit_word_en.mp3,transmit_meaning_ko.mp3,transmit_example_en.mp3,transmit_example_ko.mp3,중급,3
transportation,교통수단,,서울에서는 지하철이 편리한 교통수단이다.,"In Seoul, the subway is a convenient means of transportation.",transportation.png,transportation_word_en.mp3,transportation_meaning_ko.mp3,transportation_example_en.mp3,transportation_example_ko.mp3,여행,2
trap,함정,,쥐가 함정에 걸렸다.,The mouse was caught in a trap.,trap.png,trap_word_en.mp3,trap_meaning_ko.mp3,trap_example_en.mp3,trap_example_ko.mp3,위기탈출,3
treasure,보물,,아이들은 섬에서 보물을 찾았다.,The children found treasure on the island.,treasure.png,treasure_word_en.mp3,treasure_meaning_ko.mp3,treasure_example_en.mp3,treasure_example_ko.mp3,중급,3
trial,재판,,그 사건의 재판은 다음 주에 열린다.,The trial for that case will be held next week.,trial.png,trial_word_en.mp3,trial_meaning_ko.mp3,trial_example_en.mp3,trial_example_ko.mp3,중급,3
tribe,부족,,그 부족은 전통 의상을 입고 축제를 열었다.,The tribe held a festival wearing traditional clothes.,tribe.png,tribe_word_en.mp3,tribe_meaning_ko.mp3,tribe_example_en.mp3,tribe_example_ko.mp3,중급,3
trigger,촉발하다,,작은 실수가 큰 논쟁을 촉발했다.,A small mistake triggered a big argument.,trigger.png,trigger_word_en.mp3,trigger_meaning_ko.mp3,trigger_example_en.mp3,trigger_example_ko.mp3,중급,3
trillion,조,,그 프로젝트에는 일 조 원이 필요하다.,The project needs one trillion won.,trillion.png,trillion_word_en.mp3,trillion_meaning_ko.mp3,trillion_example_en.mp3,trillion_example_ko.mp3,중급,3
troop,군대,,군대가 국경 근처로 이동했다.,The troops moved near the border.,troop.png,troop_word_en.mp3,troop_meaning_ko.mp3,troop_example_en.mp3,troop_example_ko.mp3,중급,3
tropical,열대의,,우리는 열대의 섬으로 여행을 갔다.,We traveled to a tropical island.,tropical.png,tropical_word_en.mp3,tropical_meaning_ko.mp3,tropical_example_en.mp3,tropical_example_ko.mp3,여행,2
truly,진실로,,그는 진실로 가족을 사랑한다.,He truly loves his family.,truly.png,truly_word_en.mp3,truly_meaning_ko.mp3,truly_example_en.mp3,truly_example_ko.mp3,중급,3
trust,신뢰하다,,나는 내 친구를 완전히 신뢰한다.,I completely trust my friend.,trust.png,trust_word_en.mp3,trust_meaning_ko.mp3,trust_example_en.mp3,trust_example_ko.mp3,중급,3
tsunami,쓰나미,,해안 마을은 쓰나미에 대비해 대피 훈련을 했다.,The coastal village held an evacuation drill to prepare for a tsunami.,tsunami.png,tsunami_word_en.mp3,tsunami_meaning_ko.mp3,tsunami_example_en.mp3,tsunami_example_ko.mp3,위기탈출,3
tune,가락,,그 노래의 가락이 아직도 기억난다.,I still remember the tune of that song.,tune.png,tune_word_en.mp3,tune_meaning_ko.mp3,tune_example_en.mp3,tune_example_ko.mp3,중급,3
tunnel,터널,,차가 긴 터널을 지나갔다.,The car passed through a long tunnel.,tunnel.png,tunnel_word_en.mp3,tunnel_meaning_ko.mp3,tunnel_example_en.mp3,tunnel_example_ko.mp3,여행,2
ultimate,최종의,,우리의 최종의 목표는 고객 만족이다.,Our ultimate goal is customer satisfaction.,ultimate.png,ultimate_word_en.mp3,ultimate_meaning_ko.mp3,ultimate_example_en.mp3,ultimate_example_ko.mp3,중급,3
ultimately,궁극적으로,,궁극적으로 중요한 것은 건강이다.,"Ultimately, what matters is health.",ultimately.png,ultimately_word_en.mp3,ultimately_meaning_ko.mp3,ultimately_example_en.mp3,ultimately_example_ko.mp3,중급,3
unacceptable,용인하기 어려운,,그런 무례한 행동은 용인하기 어려운 일이다.,Such rude behavior is unacceptable.,unacceptable.png,unacceptable_word_en.mp3,unacceptable_meaning_ko.mp3,unacceptable_example_en.mp3,unacceptable_example_ko.mp3,중급,3
uncertainty,불확실성,,미래에 대한 불확실성 때문에 많은 사람들이 걱정한다.,Many people worry because of uncertainty about the future.,uncertainty.png,uncertainty_word_en.mp3,uncertainty_meaning_ko.mp3,uncertainty_example_en.mp3,uncertainty_example_ko.mp3,중급,3
unconscious,의식을 잃은,,그는 사고 후 의식을 잃은 상태였다.,He was unconscious after the accident.,unconscious.png,unconscious_word_en.mp3,unconscious_meaning_ko.mp3,unconscious_example_en.mp3,unconscious_example_ko.mp3,중급,3
undergo,겪다,,그녀는 힘든 시간을 겪었지만 포기하지 않았다.,"She underwent a difficult time, but she did not give up.",undergo.png,undergo_word_en.mp3,undergo_meaning_ko.mp3,undergo_example_en.mp3,undergo_example_ko.mp3,중급,3
undertake,착수하다,,회사는 새로운 연구에 착수했다.,The company undertook new research.,undertake.png,undertake_word_en.mp3,undertake_meaning_ko.mp3,undertake_example_en.mp3,undertake_example_ko.mp3,중급,3
unexpected,예상치 못한,,예상치 못한 비가 내려서 소풍이 취소되었어요.,The picnic was canceled because of unexpected rain.,unexpected.png,unexpected_word_en.mp3,unexpected_meaning_ko.mp3,unexpected_example_en.mp3,unexpected_example_ko.mp3,중급,3
unfold,펼치다,,그는 지도를 펼쳐서 길을 찾았어요.,He unfolded the map and found the way.,unfold.png,unfold_word_en.mp3,unfold_meaning_ko.mp3,unfold_example_en.mp3,unfold_example_ko.mp3,중급,3
unfortunate,불행한,,그 사고는 정말 불행한 일이었어요.,That accident was a truly unfortunate event.,unfortunate.png,unfortunate_word_en.mp3,unfortunate_meaning_ko.mp3,unfortunate_example_en.mp3,unfortunate_example_ko.mp3,중급,3
unique,독특한,,그 가게는 독특한 디자인의 옷을 팔아요.,That store sells clothes with unique designs.,unique.png,unique_word_en.mp3,unique_meaning_ko.mp3,unique_example_en.mp3,unique_example_ko.mp3,쇼핑,2
unite,결합하다,,두 팀은 힘을 결합하여 문제를 해결했어요.,The two teams united their efforts and solved the problem.,unite.png,unite_word_en.mp3,unite_meaning_ko.mp3,unite_example_en.mp3,unite_example_ko.mp3,중급,3
unity,단결,,어려운 시기에는 단결이 매우 중요해요.,Unity is very important in difficult times.,unity.png,unity_word_en.mp3,unity_meaning_ko.mp3,unity_example_en.mp3,unity_example_ko.mp3,중급,3
universal,보편적인,,웃음은 보편적인 감정 표현이에요.,Laughter is a universal expression of emotion.,universal.png,universal_word_en.mp3,universal_meaning_ko.mp3,universal_example_en.mp3,universal_example_ko.mp3,중급,3
universe,우주,,우주는 매우 넓고 신비로워요.,The universe is very vast and mysterious.,universe.png,universe_word_en.mp3,universe_meaning_ko.mp3,universe_example_en.mp3,universe_example_ko.mp3,중급,3
unknown,알려지지 않은,,그 섬은 아직 알려지지 않은 장소예요.,That island is still an unknown place.,unknown.png,unknown_word_en.mp3,unknown_meaning_ko.mp3,unknown_example_en.mp3,unknown_example_ko.mp3,중급,3
upper,위쪽의,,책은 책장의 위쪽의 칸에 있어요.,The book is on the upper shelf of the bookcase.,upper.png,upper_word_en.mp3,upper_meaning_ko.mp3,upper_example_en.mp3,upper_example_ko.mp3,중급,3
upwards,위쪽으로,,풍선이 하늘 위쪽으로 올라갔어요.,The balloon went upwards into the sky.,upwards.png,upwards_word_en.mp3,upwards_meaning_ko.mp3,upwards_example_en.mp3,upwards_example_ko.mp3,중급,3
urban,도시의,,도시의 생활은 편리하지만 바빠요.,Urban life is convenient but busy.,urban.png,urban_word_en.mp3,urban_meaning_ko.mp3,urban_example_en.mp3,urban_example_ko.mp3,중급,3
urge,촉구하다,,선생님은 학생들에게 숙제를 제때 내라고 촉구했어요.,The teacher urged the students to submit their homework on time.,urge.png,urge_word_en.mp3,urge_meaning_ko.mp3,urge_example_en.mp3,urge_example_ko.mp3,중급,3
urgent,긴급한,,긴급한 문제가 생겨서 회의를 열었어요.,"An urgent problem came up, so we held a meeting.",urgent.png,urgent_word_en.mp3,urgent_meaning_ko.mp3,urgent_example_en.mp3,urgent_example_ko.mp3,중급,3
usage,사용,,이 단어의 사용 방법을 알려 주세요.,Please tell me the usage of this word.,usage.png,usage_word_en.mp3,usage_meaning_ko.mp3,usage_example_en.mp3,usage_example_ko.mp3,중급,3
useless,쓸모없는,,고장 난 시계는 지금 쓸모없는 물건이에요.,The broken watch is a useless item now.,useless.png,useless_word_en.mp3,useless_meaning_ko.mp3,useless_example_en.mp3,useless_example_ko.mp3,중급,3
valid,유효한,,이 쿠폰은 이번 달까지 유효한 쿠폰이에요.,This coupon is valid until this month.,valid.png,valid_word_en.mp3,valid_meaning_ko.mp3,valid_example_en.mp3,valid_example_ko.mp3,중급,3
variation,변화,,날씨의 변화가 너무 심해요.,The variation in the weather is very extreme.,variation.png,variation_word_en.mp3,variation_meaning_ko.mp3,variation_example_en.mp3,variation_example_ko.mp3,중급,3
vary,달라지다,,가격은 계절에 따라 달라져요.,The price varies depending on the season.,vary.png,vary_word_en.mp3,vary_meaning_ko.mp3,vary_example_en.mp3,vary_example_ko.mp3,중급,3
vast,광대한,,사막은 광대한 모래밭처럼 보였어요.,The desert looked like a vast field of sand.,vast.png,vast_word_en.mp3,vast_meaning_ko.mp3,vast_example_en.mp3,vast_example_ko.mp3,중급,3
venue,장소,,공연 장소는 시청 근처의 극장이에요.,The venue for the performance is a theater near city hall.,venue.png,venue_word_en.mp3,venue_meaning_ko.mp3,venue_example_en.mp3,venue_example_ko.mp3,중급,3
vertical,수직의,,벽에 수직의 선을 그렸어요.,I drew a vertical line on the wall.,vertical.png,vertical_word_en.mp3,vertical_meaning_ko.mp3,vertical_example_en.mp3,vertical_example_ko.mp3,중급,3
via,통하여,,그 소식은 이메일을 통하여 전달되었어요.,The news was delivered via email.,via.png,via_word_en.mp3,via_meaning_ko.mp3,via_example_en.mp3,via_example_ko.mp3,중급,3
victory,승리,,우리 팀은 마지막 경기에서 승리를 거두었어요.,Our team achieved victory in the final game.,victory.png,victory_word_en.mp3,victory_meaning_ko.mp3,victory_example_en.mp3,victory_example_ko.mp3,중급,3
viewpoint,관점,,그 문제를 다른 관점에서 생각해 보세요.,Try thinking about the problem from a different viewpoint.,viewpoint.png,viewpoint_word_en.mp3,viewpoint_meaning_ko.mp3,viewpoint_example_en.mp3,viewpoint_example_ko.mp3,중급,3
violence,폭력,,폭력은 어떤 상황에서도 정당화될 수 없어요.,Violence cannot be justified in any situation.,violence.png,violence_word_en.mp3,violence_meaning_ko.mp3,violence_example_en.mp3,violence_example_ko.mp3,위기탈출,3
virtual,가상의,,우리는 가상의 공간에서 회의를 했어요.,We had a meeting in a virtual space.,virtual.png,virtual_word_en.mp3,virtual_meaning_ko.mp3,virtual_example_en.mp3,virtual_example_ko.mp3,중급,3
visa,비자,,해외여행을 가기 전에 비자를 신청했어요.,I applied for a visa before traveling abroad.,visa.png,visa_word_en.mp3,visa_meaning_ko.mp3,visa_example_en.mp3,visa_example_ko.mp3,여행,2
visible,눈에 보이는,,멀리서도 눈에 보이는 큰 간판이 있었어요.,There was a large sign visible even from far away.,visible.png,visible_word_en.mp3,visible_meaning_ko.mp3,visible_example_en.mp3,visible_example_ko.mp3,중급,3
vision,비전,,그 회사는 미래에 대한 분명한 비전을 가지고 있어요.,The company has a clear vision for the future.,vision.png,vision_word_en.mp3,vision_meaning_ko.mp3,vision_example_en.mp3,vision_example_ko.mp3,중급,3
visual,시각적인,,이 광고는 시각적인 효과가 강해요.,This advertisement has strong visual effects.,visual.png,visual_word_en.mp3,visual_meaning_ko.mp3,visual_example_en.mp3,visual_example_ko.mp3,중급,3
vital,필수적인,,충분한 물은 건강에 필수적인 요소예요.,Enough water is a vital element for health.,vital.png,vital_word_en.mp3,vital_meaning_ko.mp3,vital_example_en.mp3,vital_example_ko.mp3,중급,3
vitamin,비타민,,과일에는 비타민이 많이 들어 있어요.,Fruit contains a lot of vitamins.,vitamin.png,vitamin_word_en.mp3,vitamin_meaning_ko.mp3,vitamin_example_en.mp3,vitamin_example_ko.mp3,중급,3
volume,양,,이번 달에는 일의 양이 많아졌어요.,The volume of work increased this month.,volume.png,volume_word_en.mp3,volume_meaning_ko.mp3,volume_example_en.mp3,volume_example_ko.mp3,중급,3
voluntary,자발적인,,그 학생들은 자발적인 봉사 활동에 참여했어요.,The students participated in voluntary service activities.,voluntary.png,voluntary_word_en.mp3,voluntary_meaning_ko.mp3,voluntary_example_en.mp3,voluntary_example_ko.mp3,중급,3
voting,투표,,투표는 시민의 중요한 권리예요.,Voting is an important right of citizens.,voting.png,voting_word_en.mp3,voting_meaning_ko.mp3,voting_example_en.mp3,voting_example_ko.mp3,중급,3
wage,임금,,그는 매달 정해진 임금을 받아요.,He receives a fixed wage every month.,wage.png,wage_word_en.mp3,wage_meaning_ko.mp3,wage_example_en.mp3,wage_example_ko.mp3,비즈니스,3
wander,돌아다니다,,우리는 주말에 시장을 돌아다녔어요.,We wandered around the market on the weekend.,wander.png,wander_word_en.mp3,wander_meaning_ko.mp3,wander_example_en.mp3,wander_example_ko.mp3,중급,3
warming,온난화,,지구 온난화는 심각한 환경 문제예요.,Global warming is a serious environmental problem.,warming.png,warming_word_en.mp3,warming_meaning_ko.mp3,warming_example_en.mp3,warming_example_ko.mp3,중급,3
weakness,약점,,그는 자신의 약점을 인정했어요.,He admitted his weakness.,weakness.png,weakness_word_en.mp3,weakness_meaning_ko.mp3,weakness_example_en.mp3,weakness_example_ko.mp3,중급,3
wealth,부,,그 나라는 풍부한 천연자원으로 큰 부를 얻었어요.,The country gained great wealth from rich natural resources.,wealth.png,wealth_word_en.mp3,wealth_meaning_ko.mp3,wealth_example_en.mp3,wealth_example_ko.mp3,중급,3
wealthy,부유한,,그는 부유한 가정에서 자랐어요.,He grew up in a wealthy family.,wealthy.png,wealthy_word_en.mp3,wealthy_meaning_ko.mp3,wealthy_example_en.mp3,wealthy_example_ko.mp3,중급,3
weekly,매주의,,우리는 매주의 회의에서 계획을 확인해요.,We check our plans at the weekly meeting.,weekly.png,weekly_word_en.mp3,weekly_meaning_ko.mp3,weekly_example_en.mp3,weekly_example_ko.mp3,중급,3
weird,이상한,,오늘 아침에 이상한 소리를 들었어요.,I heard a weird sound this morning.,weird.png,weird_word_en.mp3,weird_meaning_ko.mp3,weird_example_en.mp3,weird_example_ko.mp3,중급,3
welfare,복지,,정부는 노인 복지를 강화하고 있어요.,The government is strengthening welfare for the elderly.,welfare.png,welfare_word_en.mp3,welfare_meaning_ko.mp3,welfare_example_en.mp3,welfare_example_ko.mp3,중급,3
wheat,밀,,이 빵은 밀로 만들었어요.,This bread was made from wheat.,wheat.png,wheat_word_en.mp3,wheat_meaning_ko.mp3,wheat_example_en.mp3,wheat_example_ko.mp3,중급,3
whereas,반면에,,형은 조용한 반면에 동생은 활발해요.,"The older brother is quiet, whereas the younger brother is active.",whereas.png,whereas_word_en.mp3,whereas_meaning_ko.mp3,whereas_example_en.mp3,whereas_example_ko.mp3,중급,3
wherever,어디든지,,어디든지 가고 싶은 곳으로 가도 돼요.,You may go wherever you want.,wherever.png,wherever_word_en.mp3,wherever_meaning_ko.mp3,wherever_example_en.mp3,wherever_example_ko.mp3,중급,3
whisper,속삭이다,,그녀는 도서관에서 친구에게 조용히 속삭였어요.,She whispered quietly to her friend in the library.,whisper.png,whisper_word_en.mp3,whisper_meaning_ko.mp3,whisper_example_en.mp3,whisper_example_ko.mp3,중급,3
whoever,누구든지,,누구든지 이 모임에 참여할 수 있어요.,Whoever wants can join this meeting.,whoever.png,whoever_word_en.mp3,whoever_meaning_ko.mp3,whoever_example_en.mp3,whoever_example_ko.mp3,중급,3
whom,누구를,,당신은 누구를 기다리고 있나요?,Whom are you waiting for?,,whom_word_en.mp3,whom_meaning_ko.mp3,whom_example_en.mp3,whom_example_ko.mp3,중급,3
widely,광범위하게,,이 소식은 인터넷을 통해 광범위하게 퍼졌어요.,This news spread widely through the internet.,widely.png,widely_word_en.mp3,widely_meaning_ko.mp3,widely_example_en.mp3,widely_example_ko.mp3,중급,3
widespread,널리 퍼진,,그 병은 여러 지역에 널리 퍼진 상태예요.,The disease is widespread in many areas.,widespread.png,widespread_word_en.mp3,widespread_meaning_ko.mp3,widespread_example_en.mp3,widespread_example_ko.mp3,중급,3
wildlife,야생 동물,,국립공원에서는 다양한 야생 동물을 볼 수 있어요.,You can see various wildlife in the national park.,wildlife.png,wildlife_word_en.mp3,wildlife_meaning_ko.mp3,wildlife_example_en.mp3,wildlife_example_ko.mp3,중급,3
willing,기꺼이 하는,,그는 친구를 기꺼이 도와주는 사람이에요.,He is a person who is willing to help his friends.,willing.png,willing_word_en.mp3,willing_meaning_ko.mp3,willing_example_en.mp3,willing_example_ko.mp3,중급,3
wire,전선,,전선이 끊어져서 불이 들어오지 않아요.,"The wire is broken, so the light does not turn on.",wire.png,wire_word_en.mp3,wire_meaning_ko.mp3,wire_example_en.mp3,wire_example_ko.mp3,중급,3
wisdom,지혜,,할머니의 말씀에는 삶의 지혜가 담겨 있어요.,Grandmother's words contain the wisdom of life.,wisdom.png,wisdom_word_en.mp3,wisdom_meaning_ko.mp3,wisdom_example_en.mp3,wisdom_example_ko.mp3,중급,3
wise,현명한,,그는 어려운 상황에서도 현명한 결정을 내렸어요.,He made a wise decision even in a difficult situation.,wise.png,wise_word_en.mp3,wise_meaning_ko.mp3,wise_example_en.mp3,wise_example_ko.mp3,중급,3
withdraw,철수하다,,군대는 그 지역에서 철수하기로 결정했어요.,The army decided to withdraw from the area.,withdraw.png,withdraw_word_en.mp3,withdraw_meaning_ko.mp3,withdraw_example_en.mp3,withdraw_example_ko.mp3,중급,3
witness,목격자,,경찰은 사고 목격자를 찾고 있어요.,The police are looking for a witness to the accident.,witness.png,witness_word_en.mp3,witness_meaning_ko.mp3,witness_example_en.mp3,witness_example_ko.mp3,중급,3
workforce,노동 인구,,이 도시는 젊은 노동 인구가 많습니다.,This city has a large young workforce.,workforce.png,workforce_word_en.mp3,workforce_meaning_ko.mp3,workforce_example_en.mp3,workforce_example_ko.mp3,비즈니스,3
workplace,직장,,그는 직장에서 많은 시간을 보냅니다.,He spends a lot of time at the workplace.,workplace.png,workplace_word_en.mp3,workplace_meaning_ko.mp3,workplace_example_en.mp3,workplace_example_ko.mp3,비즈니스,3
workshop,워크숍,,내일 글쓰기 워크숍에 참가할 예정입니다.,I plan to attend a writing workshop tomorrow.,workshop.png,workshop_word_en.mp3,workshop_meaning_ko.mp3,workshop_example_en.mp3,workshop_example_ko.mp3,중급,3
worm,벌레,,비가 온 뒤에 땅에서 벌레가 나왔습니다.,"After it rained, a worm came out of the ground.",worm.png,worm_word_en.mp3,worm_meaning_ko.mp3,worm_example_en.mp3,worm_example_ko.mp3,중급,3
wound,상처,,무릎의 상처가 아직 아픕니다.,The wound on my knee still hurts.,wound.png,wound_word_en.mp3,wound_meaning_ko.mp3,wound_example_en.mp3,wound_example_ko.mp3,위기탈출,3
wrap,싸다,,선물을 예쁜 종이로 쌌습니다.,I wrapped the gift in pretty paper.,wrap.png,wrap_word_en.mp3,wrap_meaning_ko.mp3,wrap_example_en.mp3,wrap_example_ko.mp3,쇼핑,2
wrist,손목,,컴퓨터를 오래 해서 손목이 아픕니다.,My wrist hurts because I used the computer for a long time.,wrist.png,wrist_word_en.mp3,wrist_meaning_ko.mp3,wrist_example_en.mp3,wrist_example_ko.mp3,중급,3
zone,구역,,이 구역에서는 사진을 찍을 수 없습니다.,You cannot take photos in this zone.,zone.png,zone_word_en.mp3,zone_meaning_ko.mp3,zone_example_en.mp3,zone_example_ko.mp3,여행,2
abolish,폐지하다,C1,정부는 오래된 법을 폐지하기로 했습니다.,The government decided to abolish the old law.,abolish.png,abolish_word_en.mp3,abolish_meaning_ko.mp3,abolish_example_en.mp3,abolish_example_ko.mp3,중급,3
abortion,낙태,,낙태에 대한 의견은 사람마다 다릅니다.,Opinions about abortion differ from person to person.,abortion.png,abortion_word_en.mp3,abortion_meaning_ko.mp3,abortion_example_en.mp3,abortion_example_ko.mp3,중급,3
absence,부재,,그의 부재로 회의가 잠시 중단되었습니다.,The meeting was paused for a while because of his absence.,absence.png,absence_word_en.mp3,absence_meaning_ko.mp3,absence_example_en.mp3,absence_example_ko.mp3,중급,3
absent,결석한,,민수는 감기 때문에 오늘 결석했습니다.,Minsu was absent today because of a cold.,absent.png,absent_word_en.mp3,absent_meaning_ko.mp3,absent_example_en.mp3,absent_example_ko.mp3,중급,3
absurd,터무니없는,,그것은 믿기 어려운 터무니없는 이야기입니다.,That is an absurd story that is hard to believe.,absurd.png,absurd_word_en.mp3,absurd_meaning_ko.mp3,absurd_example_en.mp3,absurd_example_ko.mp3,중급,3
abundance,풍부,,이 지역은 물이 풍부합니다.,This area has an abundance of water.,abundance.png,abundance_word_en.mp3,abundance_meaning_ko.mp3,abundance_example_en.mp3,abundance_example_ko.mp3,중급,3
abuse,학대,,아이들에 대한 학대는 절대 용납될 수 없습니다.,Abuse of children can never be tolerated.,abuse.png,abuse_word_en.mp3,abuse_meaning_ko.mp3,abuse_example_en.mp3,abuse_example_ko.mp3,중급,3
academy,학원,,저는 퇴근 후에 영어 학원에 갑니다.,I go to an English academy after work.,academy.png,academy_word_en.mp3,academy_meaning_ko.mp3,academy_example_en.mp3,academy_example_ko.mp3,중급,3
accelerate,가속하다,,회사는 신제품 개발을 가속하고 있습니다.,The company is accelerating the development of a new product.,accelerate.png,accelerate_word_en.mp3,accelerate_meaning_ko.mp3,accelerate_example_en.mp3,accelerate_example_ko.mp3,중급,3
acceptance,수용,,서로의 차이를 수용하는 태도가 중요합니다.,An attitude of acceptance toward each other's differences is important.,acceptance.png,acceptance_word_en.mp3,acceptance_meaning_ko.mp3,acceptance_example_en.mp3,acceptance_example_ko.mp3,중급,3
accessible,접근할 수 있는,,이 건물은 휠체어로 접근할 수 있습니다.,This building is accessible by wheelchair.,accessible.png,accessible_word_en.mp3,accessible_meaning_ko.mp3,accessible_example_en.mp3,accessible_example_ko.mp3,중급,3
accomplishment,성취,,그는 대학 졸업을 큰 성취로 여겼습니다.,He considered graduating from college a great accomplishment.,accomplishment.png,accomplishment_word_en.mp3,accomplishment_meaning_ko.mp3,accomplishment_example_en.mp3,accomplishment_example_ko.mp3,중급,3
accordance,일치,,모든 절차는 회사 규정과 일치해야 합니다.,All procedures must be in accordance with company rules.,accordance.png,accordance_word_en.mp3,accordance_meaning_ko.mp3,accordance_example_en.mp3,accordance_example_ko.mp3,중급,3
accordingly,따라서,,비가 많이 왔습니다. 따라서 경기가 취소되었습니다.,"It rained a lot. Accordingly, the game was canceled.",accordingly.png,accordingly_word_en.mp3,accordingly_meaning_ko.mp3,accordingly_example_en.mp3,accordingly_example_ko.mp3,중급,3
accountability,책임,,관리자는 결정에 대한 책임을 져야 합니다.,A manager must have accountability for decisions.,accountability.png,accountability_word_en.mp3,accountability_meaning_ko.mp3,accountability_example_en.mp3,accountability_example_ko.mp3,중급,3
accountable,책임이 있는,,그는 프로젝트 실패에 책임이 있습니다.,He is accountable for the failure of the project.,accountable.png,accountable_word_en.mp3,accountable_meaning_ko.mp3,accountable_example_en.mp3,accountable_example_ko.mp3,중급,3
accumulate,축적하다,,매일 조금씩 저축하면 돈을 축적할 수 있습니다.,"If you save a little every day, you can accumulate money.",accumulate.png,accumulate_word_en.mp3,accumulate_meaning_ko.mp3,accumulate_example_en.mp3,accumulate_example_ko.mp3,중급,3
accumulation,축적,,경험의 축적은 좋은 판단에 도움이 됩니다.,The accumulation of experience helps with good judgment.,accumulation.png,accumulation_word_en.mp3,accumulation_meaning_ko.mp3,accumulation_example_en.mp3,accumulation_example_ko.mp3,중급,3
accusation,비난,,그는 동료들의 비난에 상처를 받았습니다.,He was hurt by the accusation from his colleagues.,accusation.png,accusation_word_en.mp3,accusation_meaning_ko.mp3,accusation_example_en.mp3,accusation_example_ko.mp3,중급,3
accused,피고인,,피고인은 법정에서 자신의 입장을 설명했습니다.,The accused explained his position in court.,accused.png,accused_word_en.mp3,accused_meaning_ko.mp3,accused_example_en.mp3,accused_example_ko.mp3,중급,3
acquisition,취득,,그 회사의 토지 취득은 작년에 완료되었습니다.,The company's acquisition of the land was completed last year.,acquisition.png,acquisition_word_en.mp3,acquisition_meaning_ko.mp3,acquisition_example_en.mp3,acquisition_example_ko.mp3,비즈니스,3
acre,에이커,,그 농장은 약 50에이커의 땅을 가지고 있습니다.,The farm has about 50 acres of land.,acre.png,acre_word_en.mp3,acre_meaning_ko.mp3,acre_example_en.mp3,acre_example_ko.mp3,중급,3
activation,활성화,,계정 활성화 후에 서비스를 이용할 수 있습니다.,You can use the service after account activation.,activation.png,activation_word_en.mp3,activation_meaning_ko.mp3,activation_example_en.mp3,activation_example_ko.mp3,중급,3
activist,활동가,,그 활동가는 환경 보호를 위해 일합니다.,The activist works to protect the environment.,activist.png,activist_word_en.mp3,activist_meaning_ko.mp3,activist_example_en.mp3,activist_example_ko.mp3,중급,3
acute,급성의,,그는 급성 통증으로 병원에 갔습니다.,He went to the hospital because of acute pain.,acute.png,acute_word_en.mp3,acute_meaning_ko.mp3,acute_example_en.mp3,acute_example_ko.mp3,중급,3
adaptation,적응,,새로운 학교에 대한 적응에는 시간이 필요합니다.,Adaptation to a new school takes time.,adaptation.png,adaptation_word_en.mp3,adaptation_meaning_ko.mp3,adaptation_example_en.mp3,adaptation_example_ko.mp3,중급,3
adhere,고수하다,,그는 어려운 상황에서도 자신의 원칙을 고수했습니다.,He adhered to his principles even in a difficult situation.,adhere.png,adhere_word_en.mp3,adhere_meaning_ko.mp3,adhere_example_en.mp3,adhere_example_ko.mp3,중급,3
adjacent,인접한,,우리 집은 공원에 인접한 아파트입니다.,Our home is an apartment adjacent to a park.,adjacent.png,adjacent_word_en.mp3,adjacent_meaning_ko.mp3,adjacent_example_en.mp3,adjacent_example_ko.mp3,중급,3
adjustment,조정,,일정 조정이 필요합니다.,A schedule adjustment is necessary.,adjustment.png,adjustment_word_en.mp3,adjustment_meaning_ko.mp3,adjustment_example_en.mp3,adjustment_example_ko.mp3,중급,3
administer,관리하다,,그 팀은 학교 예산을 관리합니다.,The team administers the school budget.,administer.png,administer_word_en.mp3,administer_meaning_ko.mp3,administer_example_en.mp3,administer_example_ko.mp3,중급,3
administrative,행정상의,,그는 행정상의 문제를 해결하고 있습니다.,He is solving an administrative problem.,administrative.png,administrative_word_en.mp3,administrative_meaning_ko.mp3,administrative_example_en.mp3,administrative_example_ko.mp3,중급,3
administrator,관리자,,시스템 관리자가 비밀번호를 다시 설정했습니다.,The system administrator reset the password.,administrator.png,administrator_word_en.mp3,administrator_meaning_ko.mp3,administrator_example_en.mp3,administrator_example_ko.mp3,중급,3
admission,입장,,박물관 입장은 무료입니다.,Admission to the museum is free.,admission.png,admission_word_en.mp3,admission_meaning_ko.mp3,admission_example_en.mp3,admission_example_ko.mp3,중급,3
adolescent,청소년,,청소년은 충분한 수면이 필요합니다.,Adolescents need enough sleep.,adolescent.png,adolescent_word_en.mp3,adolescent_meaning_ko.mp3,adolescent_example_en.mp3,adolescent_example_ko.mp3,중급,3
adoption,입양,,그 부부는 아이의 입양을 결정했습니다.,The couple decided on the adoption of a child.,adoption.png,adoption_word_en.mp3,adoption_meaning_ko.mp3,adoption_example_en.mp3,adoption_example_ko.mp3,중급,3
adverse,부정적인,,그 약은 부정적인 영향을 줄 수 있습니다.,The medicine can have adverse effects.,adverse.png,adverse_word_en.mp3,adverse_meaning_ko.mp3,adverse_example_en.mp3,adverse_example_ko.mp3,중급,3
advocate,지지하다,,많은 사람들이 동물 보호를 지지합니다.,Many people advocate animal protection.,advocate.png,advocate_word_en.mp3,advocate_meaning_ko.mp3,advocate_example_en.mp3,advocate_example_ko.mp3,중급,3
aesthetic,미적인,,그 카페는 미적인 디자인으로 유명합니다.,The cafe is famous for its aesthetic design.,aesthetic.png,aesthetic_word_en.mp3,aesthetic_meaning_ko.mp3,aesthetic_example_en.mp3,aesthetic_example_ko.mp3,중급,3
affection,애정,,그녀는 아이들에게 깊은 애정을 보였습니다.,She showed deep affection for the children.,affection.png,affection_word_en.mp3,affection_meaning_ko.mp3,affection_example_en.mp3,affection_example_ko.mp3,중급,3
aftermath,여파,,태풍의 여파로 많은 나무가 쓰러졌습니다.,Many trees fell in the aftermath of the typhoon.,aftermath.png,aftermath_word_en.mp3,aftermath_meaning_ko.mp3,aftermath_example_en.mp3,aftermath_example_ko.mp3,중급,3
aggression,공격성,,그 개는 낯선 사람에게 공격성을 보였습니다.,The dog showed aggression toward strangers.,aggression.png,aggression_word_en.mp3,aggression_meaning_ko.mp3,aggression_example_en.mp3,aggression_example_ko.mp3,중급,3
agricultural,농업의,,이 지역은 농업의 중심지입니다.,This area is an agricultural center.,agricultural.png,agricultural_word_en.mp3,agricultural_meaning_ko.mp3,agricultural_example_en.mp3,agricultural_example_ko.mp3,중급,3
aide,조수,,의사의 조수가 환자 기록을 정리했습니다.,The doctor's aide organized the patient records.,aide.png,aide_word_en.mp3,aide_meaning_ko.mp3,aide_example_en.mp3,aide_example_ko.mp3,중급,3
albeit,~이기는 하지만,,그 방은 작기는 하지만 매우 깨끗합니다.,"The room is small, albeit very clean.",albeit.png,albeit_word_en.mp3,albeit_meaning_ko.mp3,albeit_example_en.mp3,albeit_example_ko.mp3,중급,3
alert,경계하는,,경비원은 밤새 경계하는 자세를 유지했습니다.,The guard stayed alert all night.,alert.png,alert_word_en.mp3,alert_meaning_ko.mp3,alert_example_en.mp3,alert_example_ko.mp3,중급,3
align,정렬하다,,선생님은 책상들을 일렬로 정렬했습니다.,The teacher aligned the desks in a row.,align.png,align_word_en.mp3,align_meaning_ko.mp3,align_example_en.mp3,align_example_ko.mp3,중급,3
alignment,정렬,,문서의 글자 정렬을 왼쪽으로 바꾸세요.,Change the text alignment in the document to the left.,alignment.png,alignment_word_en.mp3,alignment_meaning_ko.mp3,alignment_example_en.mp3,alignment_example_ko.mp3,중급,3
alike,비슷한,,두 자매는 성격이 비슷합니다.,The two sisters are alike in personality.,alike.png,alike_word_en.mp3,alike_meaning_ko.mp3,alike_example_en.mp3,alike_example_ko.mp3,중급,3
allegation,혐의,,그 정치인은 부패 혐의를 부인했습니다.,The politician denied the allegation of corruption.,allegation.png,allegation_word_en.mp3,allegation_meaning_ko.mp3,allegation_example_en.mp3,allegation_example_ko.mp3,중급,3
allege,주장하다,,목격자는 그가 먼저 공격했다고 주장했습니다.,The witness alleged that he attacked first.,allege.png,allege_word_en.mp3,allege_meaning_ko.mp3,allege_example_en.mp3,allege_example_ko.mp3,중급,3
allegedly,주장에 의하면,,주장에 의하면 그 회사는 규칙을 어겼습니다.,"Allegedly, the company broke the rules.",allegedly.png,allegedly_word_en.mp3,allegedly_meaning_ko.mp3,allegedly_example_en.mp3,allegedly_example_ko.mp3,중급,3
alliance,동맹,,두 나라는 강한 동맹을 맺었습니다.,The two countries formed a strong alliance.,alliance.png,alliance_word_en.mp3,alliance_meaning_ko.mp3,alliance_example_en.mp3,alliance_example_ko.mp3,중급,3
allocate,배분하다,,선생님은 각 조에 시간을 똑같이 배분했어요.,The teacher allocated the time equally to each group.,allocate.png,allocate_word_en.mp3,allocate_meaning_ko.mp3,allocate_example_en.mp3,allocate_example_ko.mp3,중급,3
allocation,배분,,예산 배분은 회의에서 결정될 거예요.,The budget allocation will be decided at the meeting.,allocation.png,allocation_word_en.mp3,allocation_meaning_ko.mp3,allocation_example_en.mp3,allocation_example_ko.mp3,중급,3
allowance,수당,,그 회사는 직원들에게 교통비 수당을 줘요.,The company gives its employees a transportation allowance.,allowance.png,allowance_word_en.mp3,allowance_meaning_ko.mp3,allowance_example_en.mp3,allowance_example_ko.mp3,중급,3
ally,동맹자,,그 나라는 전쟁 중에 중요한 동맹자가 되었어요.,That country became an important ally during the war.,ally.png,ally_word_en.mp3,ally_meaning_ko.mp3,ally_example_en.mp3,ally_example_ko.mp3,중급,3
aluminium,알루미늄,,이 냄비는 가벼운 알루미늄으로 만들었어요.,This pot is made of light aluminium.,aluminium.png,aluminium_word_en.mp3,aluminium_meaning_ko.mp3,aluminium_example_en.mp3,aluminium_example_ko.mp3,중급,3
amateur,아마추어,,그는 아마추어 선수지만 실력이 아주 좋아요.,"He is an amateur player, but his skills are very good.",amateur.png,amateur_word_en.mp3,amateur_meaning_ko.mp3,amateur_example_en.mp3,amateur_example_ko.mp3,중급,3
ambassador,대사,,한국 대사가 그 행사에 참석했어요.,The Korean ambassador attended the event.,ambassador.png,ambassador_word_en.mp3,ambassador_meaning_ko.mp3,ambassador_example_en.mp3,ambassador_example_ko.mp3,중급,3
amend,개정하다,,정부는 오래된 법을 개정하려고 해요.,The government is trying to amend the old law.,amend.png,amend_word_en.mp3,amend_meaning_ko.mp3,amend_example_en.mp3,amend_example_ko.mp3,중급,3
amendment,수정,,보고서의 수정이 오늘 끝났어요.,The amendment of the report was finished today.,amendment.png,amendment_word_en.mp3,amendment_meaning_ko.mp3,amendment_example_en.mp3,amendment_example_ko.mp3,중급,3
amid,~가운데,,박수 가운데 가수가 무대에 올랐어요.,The singer came onto the stage amid applause.,amid.png,amid_word_en.mp3,amid_meaning_ko.mp3,amid_example_en.mp3,amid_example_ko.mp3,중급,3
analogy,유사,,선생님은 두 이야기의 유사한 점을 설명했어요.,The teacher explained the analogy between the two stories.,analogy.png,analogy_word_en.mp3,analogy_meaning_ko.mp3,analogy_example_en.mp3,analogy_example_ko.mp3,중급,3
anchor,닻,,배는 항구에 도착하자 닻을 내렸어요.,The ship dropped its anchor when it arrived at the port.,anchor.png,anchor_word_en.mp3,anchor_meaning_ko.mp3,anchor_example_en.mp3,anchor_example_ko.mp3,중급,3
angel,천사,,아이들은 그림 속 천사를 보고 웃었어요.,The children smiled when they saw the angel in the picture.,angel.png,angel_word_en.mp3,angel_meaning_ko.mp3,angel_example_en.mp3,angel_example_ko.mp3,중급,3
anonymous,익명의,,익명의 사람이 학교에 돈을 기부했어요.,An anonymous person donated money to the school.,anonymous.png,anonymous_word_en.mp3,anonymous_meaning_ko.mp3,anonymous_example_en.mp3,anonymous_example_ko.mp3,중급,3
apparatus,장치,,과학 실험에는 특별한 장치가 필요해요.,A special apparatus is needed for the science experiment.,apparatus.png,apparatus_word_en.mp3,apparatus_meaning_ko.mp3,apparatus_example_en.mp3,apparatus_example_ko.mp3,중급,3
appealing,매력적인,,그 식당의 메뉴는 아주 매력적인 선택이었어요.,The restaurant's menu was a very appealing choice.,appealing.png,appealing_word_en.mp3,appealing_meaning_ko.mp3,appealing_example_en.mp3,appealing_example_ko.mp3,중급,3
appetite,식욕,,감기에 걸려서 식욕이 없어요.,I have no appetite because I caught a cold.,appetite.png,appetite_word_en.mp3,appetite_meaning_ko.mp3,appetite_example_en.mp3,appetite_example_ko.mp3,중급,3
applaud,박수갈채하다,,관객들은 공연이 끝나자 배우들에게 박수갈채했어요.,The audience applauded the actors when the performance ended.,applaud.png,applaud_word_en.mp3,applaud_meaning_ko.mp3,applaud_example_en.mp3,applaud_example_ko.mp3,중급,3
applicable,적용되는,,이 규칙은 모든 학생에게 적용되는 규칙이에요.,This rule is applicable to all students.,applicable.png,applicable_word_en.mp3,applicable_meaning_ko.mp3,applicable_example_en.mp3,applicable_example_ko.mp3,중급,3
appoint,임명하다,,회사는 민수를 새 팀장으로 임명했어요.,The company appointed Min-su as the new team leader.,appoint.png,appoint_word_en.mp3,appoint_meaning_ko.mp3,appoint_example_en.mp3,appoint_example_ko.mp3,비즈니스,3
appreciation,감사,,저는 선생님께 감사의 편지를 썼어요.,I wrote a letter of appreciation to my teacher.,appreciation.png,appreciation_word_en.mp3,appreciation_meaning_ko.mp3,appreciation_example_en.mp3,appreciation_example_ko.mp3,중급,3
arbitrary,임의의,,컴퓨터가 임의의 숫자를 하나 골랐어요.,The computer chose an arbitrary number.,arbitrary.png,arbitrary_word_en.mp3,arbitrary_meaning_ko.mp3,arbitrary_example_en.mp3,arbitrary_example_ko.mp3,중급,3
architectural,건축의,,이 도시는 아름다운 건축의 특징으로 유명해요.,This city is famous for its beautiful architectural features.,architectural.png,architectural_word_en.mp3,architectural_meaning_ko.mp3,architectural_example_en.mp3,architectural_example_ko.mp3,중급,3
archive,기록 보관소,,오래된 사진들은 기록 보관소에 있어요.,The old photos are in the archive.,archive.png,archive_word_en.mp3,archive_meaning_ko.mp3,archive_example_en.mp3,archive_example_ko.mp3,중급,3
arena,경기장,,많은 팬들이 경기장에 모였어요.,Many fans gathered at the arena.,arena.png,arena_word_en.mp3,arena_meaning_ko.mp3,arena_example_en.mp3,arena_example_ko.mp3,중급,3
arguably,거의 틀림없이,,그는 거의 틀림없이 이 팀에서 최고의 선수예요.,He is arguably the best player on this team.,arguably.png,arguably_word_en.mp3,arguably_meaning_ko.mp3,arguably_example_en.mp3,arguably_example_ko.mp3,중급,3
array,배열,,프로그래머는 숫자의 배열을 만들었어요.,The programmer created an array of numbers.,array.png,array_word_en.mp3,array_meaning_ko.mp3,array_example_en.mp3,array_example_ko.mp3,중급,3
articulate,분명히 표현하다,,그녀는 자기 생각을 분명히 표현했어요.,She articulated her thoughts clearly.,articulate.png,articulate_word_en.mp3,articulate_meaning_ko.mp3,articulate_example_en.mp3,articulate_example_ko.mp3,중급,3
ash,재,,불이 꺼진 뒤에 재만 남았어요.,Only ash remained after the fire went out.,ash.png,ash_word_en.mp3,ash_meaning_ko.mp3,ash_example_en.mp3,ash_example_ko.mp3,중급,3
aspiration,포부,,그의 포부는 좋은 의사가 되는 것이에요.,His aspiration is to become a good doctor.,aspiration.png,aspiration_word_en.mp3,aspiration_meaning_ko.mp3,aspiration_example_en.mp3,aspiration_example_ko.mp3,중급,3
aspire,열망하다,,그녀는 세계적인 화가가 되기를 열망해요.,She aspires to become a world-famous painter.,aspire.png,aspire_word_en.mp3,aspire_meaning_ko.mp3,aspire_example_en.mp3,aspire_example_ko.mp3,중급,3
assassination,암살,,왕의 암살 소식이 나라 전체를 놀라게 했어요.,The news of the king's assassination shocked the whole country.,assassination.png,assassination_word_en.mp3,assassination_meaning_ko.mp3,assassination_example_en.mp3,assassination_example_ko.mp3,중급,3
assault,폭행,,경찰은 폭행 사건을 조사하고 있어요.,The police are investigating the assault case.,assault.png,assault_word_en.mp3,assault_meaning_ko.mp3,assault_example_en.mp3,assault_example_ko.mp3,중급,3
assemble,조립하다,,아버지는 새 책장을 직접 조립했어요.,My father assembled the new bookshelf himself.,assemble.png,assemble_word_en.mp3,assemble_meaning_ko.mp3,assemble_example_en.mp3,assemble_example_ko.mp3,중급,3
assembly,모임,,학생 모임은 강당에서 열렸어요.,The student assembly was held in the auditorium.,assembly.png,assembly_word_en.mp3,assembly_meaning_ko.mp3,assembly_example_en.mp3,assembly_example_ko.mp3,중급,3
assert,주장하다,,그는 자신의 의견이 옳다고 주장했어요.,He asserted that his opinion was correct.,assert.png,assert_word_en.mp3,assert_meaning_ko.mp3,assert_example_en.mp3,assert_example_ko.mp3,중급,3
assertion,주장,,그의 주장은 충분한 증거가 없었어요.,His assertion did not have enough evidence.,assertion.png,assertion_word_en.mp3,assertion_meaning_ko.mp3,assertion_example_en.mp3,assertion_example_ko.mp3,중급,3
assurance,보장,,회사는 제품의 품질을 보장했어요.,The company gave assurance of the product's quality.,assurance.png,assurance_word_en.mp3,assurance_meaning_ko.mp3,assurance_example_en.mp3,assurance_example_ko.mp3,중급,3
asylum,피난처,,전쟁을 피해 온 사람들은 안전한 피난처를 찾았어요.,People fleeing the war found a safe asylum.,asylum.png,asylum_word_en.mp3,asylum_meaning_ko.mp3,asylum_example_en.mp3,asylum_example_ko.mp3,중급,3
atrocity,잔악 행위,,그 잔악 행위는 많은 사람들에게 충격을 주었어요.,That atrocity shocked many people.,atrocity.png,atrocity_word_en.mp3,atrocity_meaning_ko.mp3,atrocity_example_en.mp3,atrocity_example_ko.mp3,중급,3
attain,달성하다,,그는 오랜 노력 끝에 목표를 달성했어요.,He attained his goal after long effort.,attain.png,attain_word_en.mp3,attain_meaning_ko.mp3,attain_example_en.mp3,attain_example_ko.mp3,중급,3
attendance,출석,,오늘 수업의 출석은 매우 좋았어요.,Attendance in today's class was very good.,attendance.png,attendance_word_en.mp3,attendance_meaning_ko.mp3,attendance_example_en.mp3,attendance_example_ko.mp3,중급,3
attorney,변호사,,그 변호사는 법정에서 의뢰인을 도왔어요.,The attorney helped the client in court.,attorney.png,attorney_word_en.mp3,attorney_meaning_ko.mp3,attorney_example_en.mp3,attorney_example_ko.mp3,중급,3
attribute,속성,,친절함은 좋은 지도자의 중요한 속성이에요.,Kindness is an important attribute of a good leader.,attribute.png,attribute_word_en.mp3,attribute_meaning_ko.mp3,attribute_example_en.mp3,attribute_example_ko.mp3,중급,3
audit,감사,,회사는 매년 회계 감사를 받아요.,The company receives an accounting audit every year.,audit.png,audit_word_en.mp3,audit_meaning_ko.mp3,audit_example_en.mp3,audit_example_ko.mp3,비즈니스,3
authentic,진짜의,,이 박물관에는 진짜의 고대 동전이 있어요.,This museum has authentic ancient coins.,authentic.png,authentic_word_en.mp3,authentic_meaning_ko.mp3,authentic_example_en.mp3,authentic_example_ko.mp3,중급,3
authorize,권한을 부여하다,,관리자는 직원에게 파일을 열 권한을 부여했어요.,The manager authorized the employee to open the file.,authorize.png,authorize_word_en.mp3,authorize_meaning_ko.mp3,authorize_example_en.mp3,authorize_example_ko.mp3,중급,3
auto,자동차,,그는 새 자동차를 사려고 돈을 모으고 있어요.,He is saving money to buy a new auto.,auto.png,auto_word_en.mp3,auto_meaning_ko.mp3,auto_example_en.mp3,auto_example_ko.mp3,중급,3
autonomy,자치,,그 지역은 더 많은 자치를 원해요.,The region wants more autonomy.,autonomy.png,autonomy_word_en.mp3,autonomy_meaning_ko.mp3,autonomy_example_en.mp3,autonomy_example_ko.mp3,중급,3
availability,이용 가능성,,호텔 방의 이용 가능성을 먼저 확인하세요.,Please check the availability of hotel rooms first.,availability.png,availability_word_en.mp3,availability_meaning_ko.mp3,availability_example_en.mp3,availability_example_ko.mp3,중급,3
await,기다리다,,우리는 버스 도착을 조용히 기다렸어요.,We quietly awaited the arrival of the bus.,await.png,await_word_en.mp3,await_meaning_ko.mp3,await_example_en.mp3,await_example_ko.mp3,중급,3
backdrop,배경,,산은 사진의 멋진 배경이 되었어요.,The mountains became a wonderful backdrop for the photo.,backdrop.png,backdrop_word_en.mp3,backdrop_meaning_ko.mp3,backdrop_example_en.mp3,backdrop_example_ko.mp3,중급,3
backing,후원,,그 프로젝트는 정부의 후원을 받았어요.,The project received government backing.,backing.png,backing_word_en.mp3,backing_meaning_ko.mp3,backing_example_en.mp3,backing_example_ko.mp3,중급,3
backup,백업,,중요한 파일은 항상 백업을 해 두세요.,Always make a backup of important files.,backup.png,backup_word_en.mp3,backup_meaning_ko.mp3,backup_example_en.mp3,backup_example_ko.mp3,중급,3
bail,보석금,,그는 보석금을 내고 풀려났어요.,He paid bail and was released.,bail.png,bail_word_en.mp3,bail_meaning_ko.mp3,bail_example_en.mp3,bail_example_ko.mp3,중급,3
ballot,투표,,시민들은 시장을 뽑기 위해 투표를 했어요.,Citizens cast their ballots to choose the mayor.,ballot.png,ballot_word_en.mp3,ballot_meaning_ko.mp3,ballot_example_en.mp3,ballot_example_ko.mp3,중급,3
banner,현수막,,학교 정문에 축제 현수막이 걸렸어요.,A festival banner was hung at the school gate.,banner.png,banner_word_en.mp3,banner_meaning_ko.mp3,banner_example_en.mp3,banner_example_ko.mp3,중급,3
bare,벌거벗은,,아기는 벌거벗은 몸으로 목욕을 했어요.,The baby took a bath with a bare body.,,bare_word_en.mp3,bare_meaning_ko.mp3,bare_example_en.mp3,bare_example_ko.mp3,중급,3
barrel,통,,농부는 큰 통에 물을 담았어요.,The farmer put water in a large barrel.,barrel.png,barrel_word_en.mp3,barrel_meaning_ko.mp3,barrel_example_en.mp3,barrel_example_ko.mp3,중급,3
bass,저음,,그 노래는 저음이 아주 깊게 들려요.,The bass in that song sounds very deep.,bass.png,bass_word_en.mp3,bass_meaning_ko.mp3,bass_example_en.mp3,bass_example_ko.mp3,중급,3
battlefield,전쟁터,,그 군인은 전쟁터에서 가족을 생각했다.,The soldier thought of his family on the battlefield.,battlefield.png,battlefield_word_en.mp3,battlefield_meaning_ko.mp3,battlefield_example_en.mp3,battlefield_example_ko.mp3,중급,3
bay,만,,작은 만에는 배들이 조용히 떠 있었다.,Boats were floating quietly in the small bay.,bay.png,bay_word_en.mp3,bay_meaning_ko.mp3,bay_example_en.mp3,bay_example_ko.mp3,중급,3
beam,빛줄기,,아침 햇살의 빛줄기가 창문으로 들어왔다.,A beam of morning sunlight came through the window.,beam.png,beam_word_en.mp3,beam_meaning_ko.mp3,beam_example_en.mp3,beam_example_ko.mp3,중급,3
beast,짐승,,숲속에서 큰 짐승의 소리가 들렸다.,We heard the sound of a large beast in the forest.,beast.png,beast_word_en.mp3,beast_meaning_ko.mp3,beast_example_en.mp3,beast_example_ko.mp3,중급,3
behalf,대신,,제가 친구 대신 선생님께 말씀드렸어요.,I spoke to the teacher on behalf of my friend.,behalf.png,behalf_word_en.mp3,behalf_meaning_ko.mp3,behalf_example_en.mp3,behalf_example_ko.mp3,중급,3
beloved,사랑하는,,그는 사랑하는 가족에게 편지를 썼다.,He wrote a letter to his beloved family.,beloved.png,beloved_word_en.mp3,beloved_meaning_ko.mp3,beloved_example_en.mp3,beloved_example_ko.mp3,중급,3
bench,벤치,,공원 벤치에 앉아서 책을 읽었어요.,I sat on a park bench and read a book.,bench.png,bench_word_en.mp3,bench_meaning_ko.mp3,bench_example_en.mp3,bench_example_ko.mp3,중급,3
benchmark,기준,,이 기록은 우리 팀의 새로운 기준이 되었다.,This record became a new benchmark for our team.,benchmark.png,benchmark_word_en.mp3,benchmark_meaning_ko.mp3,benchmark_example_en.mp3,benchmark_example_ko.mp3,중급,3
beneath,아래에,,고양이가 책상 아래에 숨어 있어요.,The cat is hiding beneath the desk.,beneath.png,beneath_word_en.mp3,beneath_meaning_ko.mp3,beneath_example_en.mp3,beneath_example_ko.mp3,중급,3
beneficiary,수혜자,,이 장학금의 수혜자는 열 명입니다.,There are ten beneficiaries of this scholarship.,beneficiary.png,beneficiary_word_en.mp3,beneficiary_meaning_ko.mp3,beneficiary_example_en.mp3,beneficiary_example_ko.mp3,중급,3
betray,배신하다,,친구를 배신하면 신뢰를 잃게 됩니다.,"If you betray a friend, you will lose trust.",betray.png,betray_word_en.mp3,betray_meaning_ko.mp3,betray_example_en.mp3,betray_example_ko.mp3,중급,3
bind,묶다,,그는 상자를 끈으로 단단히 묶었다.,He tightly bound the box with a string.,bind.png,bind_word_en.mp3,bind_meaning_ko.mp3,bind_example_en.mp3,bind_example_ko.mp3,중급,3
biography,전기,,나는 유명한 과학자의 전기를 읽고 있어요.,I am reading the biography of a famous scientist.,biography.png,biography_word_en.mp3,biography_meaning_ko.mp3,biography_example_en.mp3,biography_example_ko.mp3,중급,3
bishop,주교,,주교가 교회에서 미사를 집전했다.,The bishop led the Mass at the church.,bishop.png,bishop_word_en.mp3,bishop_meaning_ko.mp3,bishop_example_en.mp3,bishop_example_ko.mp3,중급,3
bizarre,기묘한,,그 영화는 기묘한 장면이 많았다.,That movie had many bizarre scenes.,bizarre.png,bizarre_word_en.mp3,bizarre_meaning_ko.mp3,bizarre_example_en.mp3,bizarre_example_ko.mp3,중급,3
blade,칼날,,칼날이 매우 날카로우니 조심하세요.,"The blade is very sharp, so be careful.",blade.png,blade_word_en.mp3,blade_meaning_ko.mp3,blade_example_en.mp3,blade_example_ko.mp3,중급,3
blast,폭발,,큰 폭발 소리가 도시 전체에 울렸다.,The sound of a huge blast echoed throughout the city.,blast.png,blast_word_en.mp3,blast_meaning_ko.mp3,blast_example_en.mp3,blast_example_ko.mp3,중급,3
bleed,피가 나다,,손가락을 베어서 피가 났어요.,"I cut my finger, and it started to bleed.",bleed.png,bleed_word_en.mp3,bleed_meaning_ko.mp3,bleed_example_en.mp3,bleed_example_ko.mp3,위기탈출,3
blend,섞다,,우유와 딸기를 함께 섞어 주세요.,Please blend the milk and strawberries together.,blend.png,blend_word_en.mp3,blend_meaning_ko.mp3,blend_example_en.mp3,blend_example_ko.mp3,중급,3
bless,축복하다,,부모님은 우리의 결혼을 축복해 주셨다.,Our parents blessed our marriage.,bless.png,bless_word_en.mp3,bless_meaning_ko.mp3,bless_example_en.mp3,bless_example_ko.mp3,중급,3
blessing,축복,,건강은 큰 축복이라고 생각해요.,I think health is a great blessing.,blessing.png,blessing_word_en.mp3,blessing_meaning_ko.mp3,blessing_example_en.mp3,blessing_example_ko.mp3,중급,3
boast,자랑하다,,그는 항상 자기 실력을 자랑한다.,He always boasts about his skills.,boast.png,boast_word_en.mp3,boast_meaning_ko.mp3,boast_example_en.mp3,boast_example_ko.mp3,중급,3
bonus,보너스,,이번 달에 회사에서 보너스를 받았어요.,I received a bonus from the company this month.,bonus.png,bonus_word_en.mp3,bonus_meaning_ko.mp3,bonus_example_en.mp3,bonus_example_ko.mp3,비즈니스,3
boom,호황,,그 도시는 관광 산업의 호황을 맞았다.,The city experienced a boom in the tourism industry.,boom.png,boom_word_en.mp3,boom_meaning_ko.mp3,boom_example_en.mp3,boom_example_ko.mp3,중급,3
bounce,튀다,,공이 바닥에 맞고 높이 튀었다.,The ball hit the floor and bounced high.,bounce.png,bounce_word_en.mp3,bounce_meaning_ko.mp3,bounce_example_en.mp3,bounce_example_ko.mp3,중급,3
boundary,경계,,강은 두 나라의 경계 역할을 한다.,The river serves as the boundary between the two countries.,boundary.png,boundary_word_en.mp3,boundary_meaning_ko.mp3,boundary_example_en.mp3,boundary_example_ko.mp3,중급,3
bow,절하다,,학생들은 선생님께 공손히 절했다.,The students bowed politely to the teacher.,bow.png,bow_word_en.mp3,bow_meaning_ko.mp3,bow_example_en.mp3,bow_example_ko.mp3,중급,3
breach,위반,,그 회사는 계약 위반으로 벌금을 냈다.,The company paid a fine for a breach of contract.,breach.png,breach_word_en.mp3,breach_meaning_ko.mp3,breach_example_en.mp3,breach_example_ko.mp3,중급,3
breakdown,고장,,자동차 고장 때문에 약속에 늦었어요.,I was late for the appointment because of a car breakdown.,breakdown.png,breakdown_word_en.mp3,breakdown_meaning_ko.mp3,breakdown_example_en.mp3,breakdown_example_ko.mp3,중급,3
breakthrough,돌파구,,새로운 아이디어가 문제 해결의 돌파구가 되었다.,The new idea became a breakthrough in solving the problem.,breakthrough.png,breakthrough_word_en.mp3,breakthrough_meaning_ko.mp3,breakthrough_example_en.mp3,breakthrough_example_ko.mp3,중급,3
breed,기르다,,그 농부는 닭을 많이 기른다.,The farmer breeds many chickens.,breed.png,breed_word_en.mp3,breed_meaning_ko.mp3,breed_example_en.mp3,breed_example_ko.mp3,중급,3
broadband,광대역,,우리 집은 광대역 인터넷을 사용한다.,Our house uses broadband internet.,broadband.png,broadband_word_en.mp3,broadband_meaning_ko.mp3,broadband_example_en.mp3,broadband_example_ko.mp3,중급,3
browser,웹 브라우저,,웹 브라우저를 열고 주소를 입력하세요.,Open the web browser and enter the address.,browser.png,browser_word_en.mp3,browser_meaning_ko.mp3,browser_example_en.mp3,browser_example_ko.mp3,중급,3
brutal,잔인한,,그 영화에는 잔인한 장면이 많다.,There are many brutal scenes in that movie.,brutal.png,brutal_word_en.mp3,brutal_meaning_ko.mp3,brutal_example_en.mp3,brutal_example_ko.mp3,중급,3
buck,달러,,이 커피는 3달러입니다.,This coffee is three bucks.,buck.png,buck_word_en.mp3,buck_meaning_ko.mp3,buck_example_en.mp3,buck_example_ko.mp3,중급,3
buddy,친구,,그는 어릴 때부터 내 가장 친한 친구였어요.,He has been my best buddy since childhood.,buddy.png,buddy_word_en.mp3,buddy_meaning_ko.mp3,buddy_example_en.mp3,buddy_example_ko.mp3,중급,3
buffer,완충 장치,,이 완충 장치는 충격을 줄여 줍니다.,This buffer reduces impact.,buffer.png,buffer_word_en.mp3,buffer_meaning_ko.mp3,buffer_example_en.mp3,buffer_example_ko.mp3,중급,3
bulk,대부분,,일의 대부분은 이미 끝났어요.,The bulk of the work is already finished.,bulk.png,bulk_word_en.mp3,bulk_meaning_ko.mp3,bulk_example_en.mp3,bulk_example_ko.mp3,쇼핑,2
burden,부담,,학비는 부모님께 큰 부담이 되었다.,The tuition became a heavy burden on my parents.,burden.png,burden_word_en.mp3,burden_meaning_ko.mp3,burden_example_en.mp3,burden_example_ko.mp3,중급,3
bureaucracy,관료제,,복잡한 관료제 때문에 허가가 늦어졌다.,The permit was delayed because of the complicated bureaucracy.,bureaucracy.png,bureaucracy_word_en.mp3,bureaucracy_meaning_ko.mp3,bureaucracy_example_en.mp3,bureaucracy_example_ko.mp3,중급,3
burial,매장,,가족들은 조용히 매장 절차를 진행했다.,The family quietly carried out the burial process.,burial.png,burial_word_en.mp3,burial_meaning_ko.mp3,burial_example_en.mp3,burial_example_ko.mp3,중급,3
burst,터지다,,풍선이 갑자기 터졌다.,The balloon suddenly burst.,burst.png,burst_word_en.mp3,burst_meaning_ko.mp3,burst_example_en.mp3,burst_example_ko.mp3,중급,3
cabinet,캐비닛,,서류를 캐비닛 안에 넣어 주세요.,Please put the documents in the cabinet.,cabinet.png,cabinet_word_en.mp3,cabinet_meaning_ko.mp3,cabinet_example_en.mp3,cabinet_example_ko.mp3,쇼핑,2
calculation,계산,,계산이 틀려서 다시 확인했어요.,"The calculation was wrong, so I checked it again.",calculation.png,calculation_word_en.mp3,calculation_meaning_ko.mp3,calculation_example_en.mp3,calculation_example_ko.mp3,중급,3
canvas,캔버스,,화가는 하얀 캔버스에 그림을 그렸다.,The artist painted on a white canvas.,canvas.png,canvas_word_en.mp3,canvas_meaning_ko.mp3,canvas_example_en.mp3,canvas_example_ko.mp3,중급,3
capability,능력,,그는 어려운 문제를 해결할 능력이 있다.,He has the capability to solve difficult problems.,capability.png,capability_word_en.mp3,capability_meaning_ko.mp3,capability_example_en.mp3,capability_example_ko.mp3,중급,3
capitalism,자본주의,,자본주의에서는 시장의 역할이 중요하다.,"In capitalism, the role of the market is important.",capitalism.png,capitalism_word_en.mp3,capitalism_meaning_ko.mp3,capitalism_example_en.mp3,capitalism_example_ko.mp3,비즈니스,3
capitalist,자본가,,그 자본가는 여러 회사를 소유하고 있다.,The capitalist owns several companies.,capitalist.png,capitalist_word_en.mp3,capitalist_meaning_ko.mp3,capitalist_example_en.mp3,capitalist_example_ko.mp3,중급,3
cargo,화물,,배에는 많은 화물이 실려 있었다.,There was a lot of cargo loaded on the ship.,cargo.png,cargo_word_en.mp3,cargo_meaning_ko.mp3,cargo_example_en.mp3,cargo_example_ko.mp3,중급,3
carriage,객차,,우리는 기차의 마지막 객차에 탔다.,We got on the last carriage of the train.,carriage.png,carriage_word_en.mp3,carriage_meaning_ko.mp3,carriage_example_en.mp3,carriage_example_ko.mp3,중급,3
carve,조각하다,,그는 나무로 작은 새를 조각했다.,He carved a small bird out of wood.,carve.png,carve_word_en.mp3,carve_meaning_ko.mp3,carve_example_en.mp3,carve_example_ko.mp3,중급,3
casino,카지노,,그 도시는 큰 카지노로 유명하다.,The city is famous for its large casino.,casino.png,casino_word_en.mp3,casino_meaning_ko.mp3,casino_example_en.mp3,casino_example_ko.mp3,중급,3
casualty,사상자,,사고로 많은 사상자가 발생했다.,Many casualties occurred in the accident.,casualty.png,casualty_word_en.mp3,casualty_meaning_ko.mp3,casualty_example_en.mp3,casualty_example_ko.mp3,중급,3
catalogue,목록,,도서관 목록에서 원하는 책을 찾았다.,I found the book I wanted in the library catalogue.,catalogue.png,catalogue_word_en.mp3,catalogue_meaning_ko.mp3,catalogue_example_en.mp3,catalogue_example_ko.mp3,쇼핑,2
cater,음식을 제공하다,,그 식당은 행사에 음식을 제공한다.,The restaurant caters food for events.,cater.png,cater_word_en.mp3,cater_meaning_ko.mp3,cater_example_en.mp3,cater_example_ko.mp3,중급,3
cattle,소,,목장에는 소가 많이 있다.,There are many cattle on the farm.,cattle.png,cattle_word_en.mp3,cattle_meaning_ko.mp3,cattle_example_en.mp3,cattle_example_ko.mp3,중급,3
caution,주의,,비 오는 날에는 운전에 주의가 필요하다.,Caution is needed when driving on a rainy day.,caution.png,caution_word_en.mp3,caution_meaning_ko.mp3,caution_example_en.mp3,caution_example_ko.mp3,중급,3
cautious,신중한,,그는 돈을 쓸 때 매우 신중하다.,He is very cautious when spending money.,cautious.png,cautious_word_en.mp3,cautious_meaning_ko.mp3,cautious_example_en.mp3,cautious_example_ko.mp3,중급,3
cease,멈추다,,비가 그치자 사람들이 밖으로 나왔다.,"When the rain ceased, people came outside.",cease.png,cease_word_en.mp3,cease_meaning_ko.mp3,cease_example_en.mp3,cease_example_ko.mp3,중급,3
cemetery,공동묘지,,우리는 할아버지의 묘가 있는 공동묘지에 갔다.,We went to the cemetery where my grandfather's grave is.,cemetery.png,cemetery_word_en.mp3,cemetery_meaning_ko.mp3,cemetery_example_en.mp3,cemetery_example_ko.mp3,중급,3
chamber,방,,왕은 조용한 방에서 신하들과 이야기를 나누었다.,The king talked with his servants in a quiet chamber.,chamber.png,chamber_word_en.mp3,chamber_meaning_ko.mp3,chamber_example_en.mp3,chamber_example_ko.mp3,중급,3
chaos,혼란,,갑작스러운 정전으로 교실은 혼란에 빠졌다.,The classroom fell into chaos because of the sudden power outage.,chaos.png,chaos_word_en.mp3,chaos_meaning_ko.mp3,chaos_example_en.mp3,chaos_example_ko.mp3,중급,3
characterize,특징짓다,,밝은 색과 단순한 모양이 그의 그림을 특징짓는다.,Bright colors and simple shapes characterize his paintings.,characterize.png,characterize_word_en.mp3,characterize_meaning_ko.mp3,characterize_example_en.mp3,characterize_example_ko.mp3,중급,3
charm,매력,,그 작은 마을은 조용한 분위기와 따뜻한 사람들의 매력이 있다.,The small village has the charm of a quiet atmosphere and warm people.,charm.png,charm_word_en.mp3,charm_meaning_ko.mp3,charm_example_en.mp3,charm_example_ko.mp3,중급,3
charter,헌장,,그 단체는 새 헌장에 따라 운영된다.,The organization is run according to the new charter.,charter.png,charter_word_en.mp3,charter_meaning_ko.mp3,charter_example_en.mp3,charter_example_ko.mp3,중급,3
chronic,만성적인,,그는 만성적인 두통 때문에 자주 병원에 간다.,He often goes to the hospital because of chronic headaches.,chronic.png,chronic_word_en.mp3,chronic_meaning_ko.mp3,chronic_example_en.mp3,chronic_example_ko.mp3,중급,3
chunk,덩어리,,아이는 큰 빵 덩어리를 손에 들고 있었다.,The child was holding a large chunk of bread.,chunk.png,chunk_word_en.mp3,chunk_meaning_ko.mp3,chunk_example_en.mp3,chunk_example_ko.mp3,중급,3
circulate,순환하다,,피는 우리 몸속을 계속 순환한다.,Blood continues to circulate through our body.,circulate.png,circulate_word_en.mp3,circulate_meaning_ko.mp3,circulate_example_en.mp3,circulate_example_ko.mp3,중급,3
circulation,순환,,규칙적인 운동은 혈액 순환에 도움이 된다.,Regular exercise helps blood circulation.,circulation.png,circulation_word_en.mp3,circulation_meaning_ko.mp3,circulation_example_en.mp3,circulation_example_ko.mp3,중급,3
citizenship,시민권,,그는 오랫동안 살던 나라의 시민권을 받았다.,He received citizenship in the country where he had lived for a long time.,citizenship.png,citizenship_word_en.mp3,citizenship_meaning_ko.mp3,citizenship_example_en.mp3,citizenship_example_ko.mp3,중급,3
civic,시민의,,시민의 책임은 투표에 참여하는 것에서 시작된다.,Civic responsibility begins with participating in voting.,civic.png,civic_word_en.mp3,civic_meaning_ko.mp3,civic_example_en.mp3,civic_example_ko.mp3,중급,3
civilian,민간인,,전쟁 중에도 민간인의 안전은 보호되어야 한다.,The safety of civilians must be protected even during war.,civilian.png,civilian_word_en.mp3,civilian_meaning_ko.mp3,civilian_example_en.mp3,civilian_example_ko.mp3,중급,3
clarity,명료함,,그 선생님의 설명은 명료함이 있어서 이해하기 쉬웠다.,"The teacher's explanation had clarity, so it was easy to understand.",clarity.png,clarity_word_en.mp3,clarity_meaning_ko.mp3,clarity_example_en.mp3,clarity_example_ko.mp3,중급,3
clash,충돌,,두 팀의 의견 충돌로 회의가 길어졌다.,The meeting became longer because of a clash of opinions between the two teams.,clash.png,clash_word_en.mp3,clash_meaning_ko.mp3,clash_example_en.mp3,clash_example_ko.mp3,중급,3
classification,분류,,도서관에서는 책의 분류가 잘 되어 있다.,The classification of books is well organized in the library.,classification.png,classification_word_en.mp3,classification_meaning_ko.mp3,classification_example_en.mp3,classification_example_ko.mp3,중급,3
cling,달라붙다,,젖은 셔츠가 몸에 달라붙었다.,The wet shirt clung to my body.,cling.png,cling_word_en.mp3,cling_meaning_ko.mp3,cling_example_en.mp3,cling_example_ko.mp3,중급,3
clinical,임상의,,그 의사는 임상의 경험이 많다.,The doctor has a lot of clinical experience.,clinical.png,clinical_word_en.mp3,clinical_meaning_ko.mp3,clinical_example_en.mp3,clinical_example_ko.mp3,중급,3
closure,종결,,긴 논의 끝에 그 사건은 종결을 맞았다.,"After a long discussion, the case reached closure.",closure.png,closure_word_en.mp3,closure_meaning_ko.mp3,closure_example_en.mp3,closure_example_ko.mp3,중급,3
cluster,무리,,나무 위에 새 한 무리가 앉아 있었다.,A cluster of birds was sitting in the tree.,cluster.png,cluster_word_en.mp3,cluster_meaning_ko.mp3,cluster_example_en.mp3,cluster_example_ko.mp3,중급,3
coalition,연합,,여러 정당이 선거를 위해 연합을 만들었다.,Several political parties formed a coalition for the election.,coalition.png,coalition_word_en.mp3,coalition_meaning_ko.mp3,coalition_example_en.mp3,coalition_example_ko.mp3,중급,3
coastal,해안의,,해안의 마을은 여름에 많은 관광객이 찾는다.,Many tourists visit the coastal village in summer.,coastal.png,coastal_word_en.mp3,coastal_meaning_ko.mp3,coastal_example_en.mp3,coastal_example_ko.mp3,중급,3
cocktail,칵테일,,그는 파티에서 과일 칵테일을 마셨다.,He drank a fruit cocktail at the party.,cocktail.png,cocktail_word_en.mp3,cocktail_meaning_ko.mp3,cocktail_example_en.mp3,cocktail_example_ko.mp3,중급,3
cognitive,인지적인,,퍼즐은 아이들의 인지적인 발달에 도움이 된다.,Puzzles help children's cognitive development.,cognitive.png,cognitive_word_en.mp3,cognitive_meaning_ko.mp3,cognitive_example_en.mp3,cognitive_example_ko.mp3,중급,3
coincide,일치하다,,내 생일과 시험 날짜가 일치했다.,My birthday and the exam date coincided.,coincide.png,coincide_word_en.mp3,coincide_meaning_ko.mp3,coincide_example_en.mp3,coincide_example_ko.mp3,중급,3
collaborate,협력하다,,두 회사는 새 제품을 만들기 위해 협력했다.,The two companies collaborated to make a new product.,collaborate.png,collaborate_word_en.mp3,collaborate_meaning_ko.mp3,collaborate_example_en.mp3,collaborate_example_ko.mp3,중급,3
collaboration,협력,,이 프로젝트는 여러 연구자의 협력으로 완성되었다.,This project was completed through the collaboration of several researchers.,collaboration.png,collaboration_word_en.mp3,collaboration_meaning_ko.mp3,collaboration_example_en.mp3,collaboration_example_ko.mp3,중급,3
collective,집단적인,,우리는 집단적인 결정을 내리기 전에 모두의 의견을 들었다.,We listened to everyone's opinion before making a collective decision.,collective.png,collective_word_en.mp3,collective_meaning_ko.mp3,collective_example_en.mp3,collective_example_ko.mp3,중급,3
collision,충돌,,두 차의 충돌로 도로가 막혔다.,The road was blocked because of a collision between two cars.,collision.png,collision_word_en.mp3,collision_meaning_ko.mp3,collision_example_en.mp3,collision_example_ko.mp3,위기탈출,3
colonial,식민지의,,그 박물관에는 식민지의 역사를 보여 주는 자료가 많다.,The museum has many materials that show colonial history.,colonial.png,colonial_word_en.mp3,colonial_meaning_ko.mp3,colonial_example_en.mp3,colonial_example_ko.mp3,중급,3
columnist,칼럼니스트,,그 칼럼니스트는 매주 사회 문제에 대해 글을 쓴다.,The columnist writes about social issues every week.,columnist.png,columnist_word_en.mp3,columnist_meaning_ko.mp3,columnist_example_en.mp3,columnist_example_ko.mp3,중급,3
combat,전투,,군인들은 전투 준비를 마쳤다.,The soldiers finished preparing for combat.,combat.png,combat_word_en.mp3,combat_meaning_ko.mp3,combat_example_en.mp3,combat_example_ko.mp3,중급,3
commence,시작하다,,행사는 오전 열 시에 시작했다.,The event commenced at ten in the morning.,commence.png,commence_word_en.mp3,commence_meaning_ko.mp3,commence_example_en.mp3,commence_example_ko.mp3,중급,3
commentary,해설,,그 영화 해설은 내용을 이해하는 데 도움이 되었다.,The commentary on the movie helped me understand the story.,commentary.png,commentary_word_en.mp3,commentary_meaning_ko.mp3,commentary_example_en.mp3,commentary_example_ko.mp3,중급,3
commentator,해설자,,그 해설자는 경기 상황을 쉽게 설명했다.,The commentator explained the game situation clearly.,commentator.png,commentator_word_en.mp3,commentator_meaning_ko.mp3,commentator_example_en.mp3,commentator_example_ko.mp3,중급,3
commerce,상업,,인터넷의 발달로 상업의 방식이 크게 바뀌었다.,The development of the internet greatly changed the way commerce works.,commerce.png,commerce_word_en.mp3,commerce_meaning_ko.mp3,commerce_example_en.mp3,commerce_example_ko.mp3,중급,3
commissioner,위원,,그 위원은 회의에서 새 정책을 제안했다.,The commissioner proposed a new policy at the meeting.,commissioner.png,commissioner_word_en.mp3,commissioner_meaning_ko.mp3,commissioner_example_en.mp3,commissioner_example_ko.mp3,중급,3
commodity,상품,,쌀은 이 지역에서 중요한 상품이다.,Rice is an important commodity in this region.,commodity.png,commodity_word_en.mp3,commodity_meaning_ko.mp3,commodity_example_en.mp3,commodity_example_ko.mp3,중급,3
communist,공산주의자,,그는 젊었을 때 공산주의자로 활동했다.,He was active as a communist when he was young.,communist.png,communist_word_en.mp3,communist_meaning_ko.mp3,communist_example_en.mp3,communist_example_ko.mp3,중급,3
companion,동반자,,그 개는 할머니의 좋은 동반자이다.,The dog is a good companion for the grandmother.,companion.png,companion_word_en.mp3,companion_meaning_ko.mp3,companion_example_en.mp3,companion_example_ko.mp3,중급,3
comparable,비슷한,,두 제품은 품질이 비슷한 수준이다.,The two products are comparable in quality.,comparable.png,comparable_word_en.mp3,comparable_meaning_ko.mp3,comparable_example_en.mp3,comparable_example_ko.mp3,중급,3
compassion,연민,,그녀는 아픈 아이를 보고 깊은 연민을 느꼈다.,She felt deep compassion when she saw the sick child.,compassion.png,compassion_word_en.mp3,compassion_meaning_ko.mp3,compassion_example_en.mp3,compassion_example_ko.mp3,중급,3
compel,강요하다,,회사는 직원들에게 야근을 강요하지 않았다.,The company did not compel its employees to work overtime.,compel.png,compel_word_en.mp3,compel_meaning_ko.mp3,compel_example_en.mp3,compel_example_ko.mp3,중급,3
compelling,설득력 있는,,그의 주장은 매우 설득력 있는 설명을 담고 있었다.,His argument contained a very compelling explanation.,compelling.png,compelling_word_en.mp3,compelling_meaning_ko.mp3,compelling_example_en.mp3,compelling_example_ko.mp3,중급,3
compensate,보상하다,,항공사는 지연된 비행에 대해 승객들에게 보상했다.,The airline compensated the passengers for the delayed flight.,compensate.png,compensate_word_en.mp3,compensate_meaning_ko.mp3,compensate_example_en.mp3,compensate_example_ko.mp3,중급,3
compensation,보상,,그는 사고에 대한 보상을 받았다.,He received compensation for the accident.,compensation.png,compensation_word_en.mp3,compensation_meaning_ko.mp3,compensation_example_en.mp3,compensation_example_ko.mp3,중급,3
competence,역량,,이 일에는 높은 의사소통 역량이 필요하다.,This job requires strong communication competence.,competence.png,competence_word_en.mp3,competence_meaning_ko.mp3,competence_example_en.mp3,competence_example_ko.mp3,중급,3
competent,유능한,,그는 문제를 빠르게 해결하는 유능한 관리자이다.,He is a competent manager who solves problems quickly.,competent.png,competent_word_en.mp3,competent_meaning_ko.mp3,competent_example_en.mp3,competent_example_ko.mp3,중급,3
compile,수집하다,,학생들은 설문 결과를 수집해서 보고서를 만들었다.,The students compiled the survey results and made a report.,compile.png,compile_word_en.mp3,compile_meaning_ko.mp3,compile_example_en.mp3,compile_example_ko.mp3,중급,3
complement,보완하다,,이 소스는 고기의 맛을 잘 보완한다.,This sauce complements the taste of the meat well.,complement.png,complement_word_en.mp3,complement_meaning_ko.mp3,complement_example_en.mp3,complement_example_ko.mp3,중급,3
complexity,복잡성,,이 문제의 복잡성 때문에 해결에 시간이 걸렸다.,It took time to solve the problem because of its complexity.,complexity.png,complexity_word_en.mp3,complexity_meaning_ko.mp3,complexity_example_en.mp3,complexity_example_ko.mp3,중급,3
compliance,준수,,안전 규칙의 준수는 모든 직원에게 중요하다.,Compliance with safety rules is important for all employees.,compliance.png,compliance_word_en.mp3,compliance_meaning_ko.mp3,compliance_example_en.mp3,compliance_example_ko.mp3,중급,3
complication,합병증,,수술 후 합병증이 생기지 않도록 조심해야 한다.,You must be careful to prevent complications after surgery.,complication.png,complication_word_en.mp3,complication_meaning_ko.mp3,complication_example_en.mp3,complication_example_ko.mp3,중급,3
comply,따르다,,모든 학생은 학교 규칙을 따라야 한다.,All students must comply with school rules.,comply.png,comply_word_en.mp3,comply_meaning_ko.mp3,comply_example_en.mp3,comply_example_ko.mp3,중급,3
composition,구성,,이 팀의 구성은 경험 많은 사람과 젊은 사람의 조화가 좋다.,The composition of this team has a good balance of experienced and young people.,composition.png,composition_word_en.mp3,composition_meaning_ko.mp3,composition_example_en.mp3,composition_example_ko.mp3,중급,3
compromise,타협,,두 사람은 긴 대화 끝에 타협을 했다.,The two people reached a compromise after a long conversation.,compromise.png,compromise_word_en.mp3,compromise_meaning_ko.mp3,compromise_example_en.mp3,compromise_example_ko.mp3,중급,3
compute,계산하다,,컴퓨터가 복잡한 값을 빠르게 계산했다.,The computer computed the complex values quickly.,compute.png,compute_word_en.mp3,compute_meaning_ko.mp3,compute_example_en.mp3,compute_example_ko.mp3,중급,3
conceal,숨기다,,그는 친구에게 사실을 숨기려고 했다.,He tried to conceal the truth from his friend.,conceal.png,conceal_word_en.mp3,conceal_meaning_ko.mp3,conceal_example_en.mp3,conceal_example_ko.mp3,중급,3
concede,양보하다,,토론 끝에 그는 상대의 의견에 조금 양보했다.,"After the debate, he conceded a little to the other person's opinion.",concede.png,concede_word_en.mp3,concede_meaning_ko.mp3,concede_example_en.mp3,concede_example_ko.mp3,중급,3
conceive,임신하다,,그녀는 결혼 후 곧 아이를 임신했다.,She conceived a child soon after getting married.,conceive.png,conceive_word_en.mp3,conceive_meaning_ko.mp3,conceive_example_en.mp3,conceive_example_ko.mp3,중급,3
conception,구상,,그 건축가는 새 도서관의 구상을 발표했다.,The architect presented the conception for the new library.,conception.png,conception_word_en.mp3,conception_meaning_ko.mp3,conception_example_en.mp3,conception_example_ko.mp3,중급,3
concession,양보,,그의 작은 양보 덕분에 회의가 잘 끝났다.,"Thanks to his small concession, the meeting ended well.",concession.png,concession_word_en.mp3,concession_meaning_ko.mp3,concession_example_en.mp3,concession_example_ko.mp3,중급,3
condemn,비난하다,,사람들은 그의 무책임한 행동을 강하게 비난했다.,People strongly condemned his irresponsible behavior.,condemn.png,condemn_word_en.mp3,condemn_meaning_ko.mp3,condemn_example_en.mp3,condemn_example_ko.mp3,중급,3
confer,협의하다,,두 팀은 일정 변경에 대해 협의했다.,The two teams conferred about the schedule change.,confer.png,confer_word_en.mp3,confer_meaning_ko.mp3,confer_example_en.mp3,confer_example_ko.mp3,중급,3
confession,자백,,그의 자백으로 사건의 진실이 밝혀졌다.,The truth of the case was revealed through his confession.,confession.png,confession_word_en.mp3,confession_meaning_ko.mp3,confession_example_en.mp3,confession_example_ko.mp3,중급,3
configuration,구성,,이 컴퓨터의 구성은 게임에 적합하다.,The configuration of this computer is suitable for games.,configuration.png,configuration_word_en.mp3,configuration_meaning_ko.mp3,configuration_example_en.mp3,configuration_example_ko.mp3,중급,3
confine,제한하다,,선생님은 발표 시간을 5분으로 제한했다.,The teacher confined the presentation time to five minutes.,confine.png,confine_word_en.mp3,confine_meaning_ko.mp3,confine_example_en.mp3,confine_example_ko.mp3,중급,3
confirmation,확인,,예약 확인을 위해 호텔에 전화했다.,I called the hotel for confirmation of the reservation.,confirmation.png,confirmation_word_en.mp3,confirmation_meaning_ko.mp3,confirmation_example_en.mp3,confirmation_example_ko.mp3,중급,3
confront,직면하다,,우리는 어려운 문제에 직면했다.,We confronted a difficult problem.,confront.png,confront_word_en.mp3,confront_meaning_ko.mp3,confront_example_en.mp3,confront_example_ko.mp3,중급,3
confrontation,대립,,두 나라의 대립이 점점 심해졌다.,The confrontation between the two countries grew worse.,confrontation.png,confrontation_word_en.mp3,confrontation_meaning_ko.mp3,confrontation_example_en.mp3,confrontation_example_ko.mp3,중급,3
congratulate,축하하다,,나는 친구의 졸업을 축하했다.,I congratulated my friend on their graduation.,congratulate.png,congratulate_word_en.mp3,congratulate_meaning_ko.mp3,congratulate_example_en.mp3,congratulate_example_ko.mp3,중급,3
congregation,신도단,,그 교회의 신도단은 매주 일요일에 모인다.,The congregation of that church gathers every Sunday.,congregation.png,congregation_word_en.mp3,congregation_meaning_ko.mp3,congregation_example_en.mp3,congregation_example_ko.mp3,중급,3
congressional,미 의회의,,미 의회의 청문회가 TV로 생중계되었다.,The congressional hearing was broadcast live on TV.,congressional.png,congressional_word_en.mp3,congressional_meaning_ko.mp3,congressional_example_en.mp3,congressional_example_ko.mp3,중급,3
conquer,정복하다,,그 왕은 이웃 나라를 정복했다.,The king conquered the neighboring country.,conquer.png,conquer_word_en.mp3,conquer_meaning_ko.mp3,conquer_example_en.mp3,conquer_example_ko.mp3,중급,3
conscience,양심,,그는 양심 때문에 사실을 말했다.,He told the truth because of his conscience.,conscience.png,conscience_word_en.mp3,conscience_meaning_ko.mp3,conscience_example_en.mp3,conscience_example_ko.mp3,중급,3
consciousness,의식,,환자는 수술 후 곧 의식을 되찾았다.,The patient regained consciousness soon after the surgery.,consciousness.png,consciousness_word_en.mp3,consciousness_meaning_ko.mp3,consciousness_example_en.mp3,consciousness_example_ko.mp3,중급,3
consecutive,연속적인,,그 팀은 세 번의 연속적인 승리를 거두었다.,The team achieved three consecutive victories.,consecutive.png,consecutive_word_en.mp3,consecutive_meaning_ko.mp3,consecutive_example_en.mp3,consecutive_example_ko.mp3,중급,3
consensus,합의,,긴 토론 끝에 모두가 합의에 도달했다.,"After a long discussion, everyone reached a consensus.",consensus.png,consensus_word_en.mp3,consensus_meaning_ko.mp3,consensus_example_en.mp3,consensus_example_ko.mp3,중급,3
consent,동의,,그 여행에는 부모님의 동의가 필요하다.,Parental consent is needed for that trip.,consent.png,consent_word_en.mp3,consent_meaning_ko.mp3,consent_example_en.mp3,consent_example_ko.mp3,중급,3
conserve,보존하다,,우리는 자연을 보존해야 한다.,We must conserve nature.,conserve.png,conserve_word_en.mp3,conserve_meaning_ko.mp3,conserve_example_en.mp3,conserve_example_ko.mp3,중급,3
consistency,일관성,,그의 말에는 일관성이 있다.,There is consistency in what he says.,consistency.png,consistency_word_en.mp3,consistency_meaning_ko.mp3,consistency_example_en.mp3,consistency_example_ko.mp3,중급,3
consolidate,통합하다,,회사는 여러 부서를 하나로 통합했다.,The company consolidated several departments into one.,consolidate.png,consolidate_word_en.mp3,consolidate_meaning_ko.mp3,consolidate_example_en.mp3,consolidate_example_ko.mp3,중급,3
constituency,선거구,,그 의원은 자신의 선거구를 자주 방문한다.,The lawmaker often visits his constituency.,constituency.png,constituency_word_en.mp3,constituency_meaning_ko.mp3,constituency_example_en.mp3,constituency_example_ko.mp3,중급,3
constitute,구성하다,,학생들은 위원회의 절반을 구성한다.,Students constitute half of the committee.,constitute.png,constitute_word_en.mp3,constitute_meaning_ko.mp3,constitute_example_en.mp3,constitute_example_ko.mp3,중급,3
constitution,헌법,,헌법은 국민의 기본권을 보장한다.,The constitution guarantees the basic rights of the people.,constitution.png,constitution_word_en.mp3,constitution_meaning_ko.mp3,constitution_example_en.mp3,constitution_example_ko.mp3,중급,3
constitutional,헌법의,,표현의 자유는 헌법의 보호를 받는다.,Freedom of expression receives constitutional protection.,constitutional.png,constitutional_word_en.mp3,constitutional_meaning_ko.mp3,constitutional_example_en.mp3,constitutional_example_ko.mp3,중급,3
constraint,제약,,예산 제약 때문에 계획을 줄였다.,We reduced the plan because of budget constraints.,constraint.png,constraint_word_en.mp3,constraint_meaning_ko.mp3,constraint_example_en.mp3,constraint_example_ko.mp3,중급,3
consultation,협의,,정부는 전문가들과 협의를 시작했다.,The government began consultations with experts.,consultation.png,consultation_word_en.mp3,consultation_meaning_ko.mp3,consultation_example_en.mp3,consultation_example_ko.mp3,중급,3
contemplate,고려하다,,그는 이직을 진지하게 고려하고 있다.,He is seriously contemplating changing jobs.,contemplate.png,contemplate_word_en.mp3,contemplate_meaning_ko.mp3,contemplate_example_en.mp3,contemplate_example_ko.mp3,중급,3
contempt,경멸,,그는 거짓말하는 사람에게 경멸을 느꼈다.,He felt contempt for people who lie.,contempt.png,contempt_word_en.mp3,contempt_meaning_ko.mp3,contempt_example_en.mp3,contempt_example_ko.mp3,중급,3
contend,주장하다,,그 교수는 교육이 가장 중요하다고 주장했다.,The professor contended that education is the most important thing.,contend.png,contend_word_en.mp3,contend_meaning_ko.mp3,contend_example_en.mp3,contend_example_ko.mp3,중급,3
contender,경쟁자,,그 선수는 강력한 우승 경쟁자이다.,That athlete is a strong contender for the championship.,contender.png,contender_word_en.mp3,contender_meaning_ko.mp3,contender_example_en.mp3,contender_example_ko.mp3,중급,3
contention,논쟁,,그 문제는 큰 논쟁을 불러일으켰다.,The issue caused a major contention.,contention.png,contention_word_en.mp3,contention_meaning_ko.mp3,contention_example_en.mp3,contention_example_ko.mp3,중급,3
continually,계속,,아기가 계속 울었다.,The baby cried continually.,continually.png,continually_word_en.mp3,continually_meaning_ko.mp3,continually_example_en.mp3,continually_example_ko.mp3,중급,3
contractor,도급업자,,도급업자가 건물 공사를 맡았다.,The contractor took charge of the building construction.,contractor.png,contractor_word_en.mp3,contractor_meaning_ko.mp3,contractor_example_en.mp3,contractor_example_ko.mp3,중급,3
contradiction,모순,,그의 말에는 분명한 모순이 있었다.,There was a clear contradiction in what he said.,contradiction.png,contradiction_word_en.mp3,contradiction_meaning_ko.mp3,contradiction_example_en.mp3,contradiction_example_ko.mp3,중급,3
contrary,반대,,내 생각은 그의 생각과 반대다.,My opinion is contrary to his.,contrary.png,contrary_word_en.mp3,contrary_meaning_ko.mp3,contrary_example_en.mp3,contrary_example_ko.mp3,중급,3
contributor,기고가,,그 기고가는 매주 신문에 글을 쓴다.,The contributor writes an article for the newspaper every week.,contributor.png,contributor_word_en.mp3,contributor_meaning_ko.mp3,contributor_example_en.mp3,contributor_example_ko.mp3,중급,3
conversion,전환,,회사는 디지털 전환을 추진하고 있다.,The company is pursuing a digital conversion.,conversion.png,conversion_word_en.mp3,conversion_meaning_ko.mp3,conversion_example_en.mp3,conversion_example_ko.mp3,중급,3
convict,유죄를 선고하다,,법원은 그에게 유죄를 선고했다.,The court convicted him.,convict.png,convict_word_en.mp3,convict_meaning_ko.mp3,convict_example_en.mp3,convict_example_ko.mp3,중급,3
conviction,확신,,그녀는 성공할 수 있다는 확신이 있었다.,She had the conviction that she could succeed.,conviction.png,conviction_word_en.mp3,conviction_meaning_ko.mp3,conviction_example_en.mp3,conviction_example_ko.mp3,중급,3
cooperate,협력하다,,두 회사는 새 프로젝트에서 협력했다.,The two companies cooperated on the new project.,cooperate.png,cooperate_word_en.mp3,cooperate_meaning_ko.mp3,cooperate_example_en.mp3,cooperate_example_ko.mp3,중급,3
cooperative,협조적인,,그 직원은 항상 협조적인 태도를 보인다.,The employee always shows a cooperative attitude.,cooperative.png,cooperative_word_en.mp3,cooperative_meaning_ko.mp3,cooperative_example_en.mp3,cooperative_example_ko.mp3,중급,3
coordinate,조정하다,,그는 회의 시간을 조정했다.,He coordinated the meeting time.,coordinate.png,coordinate_word_en.mp3,coordinate_meaning_ko.mp3,coordinate_example_en.mp3,coordinate_example_ko.mp3,중급,3
coordination,조정,,팀 간의 조정이 중요하다.,Coordination between teams is important.,coordination.png,coordination_word_en.mp3,coordination_meaning_ko.mp3,coordination_example_en.mp3,coordination_example_ko.mp3,중급,3
coordinator,조정자,,그녀는 행사 조정자로 일한다.,She works as an event coordinator.,coordinator.png,coordinator_word_en.mp3,coordinator_meaning_ko.mp3,coordinator_example_en.mp3,coordinator_example_ko.mp3,중급,3
cop,경찰,,경찰이 길을 안내했다.,The cop gave directions.,cop.png,cop_word_en.mp3,cop_meaning_ko.mp3,cop_example_en.mp3,cop_example_ko.mp3,중급,3
copper,구리,,이 전선은 구리로 만들어졌다.,This wire is made of copper.,copper.png,copper_word_en.mp3,copper_meaning_ko.mp3,copper_example_en.mp3,copper_example_ko.mp3,중급,3
copyright,저작권,,이 사진의 저작권은 작가에게 있다.,The copyright of this photo belongs to the artist.,copyright.png,copyright_word_en.mp3,copyright_meaning_ko.mp3,copyright_example_en.mp3,copyright_example_ko.mp3,중급,3
correction,수정,,보고서에 몇 가지 수정이 필요하다.,The report needs a few corrections.,correction.png,correction_word_en.mp3,correction_meaning_ko.mp3,correction_example_en.mp3,correction_example_ko.mp3,중급,3
correlate,관련짓다,,연구자는 수면 시간과 건강을 관련지었다.,The researcher correlated sleep time with health.,correlate.png,correlate_word_en.mp3,correlate_meaning_ko.mp3,correlate_example_en.mp3,correlate_example_ko.mp3,중급,3
correlation,상관관계,,운동과 건강 사이에는 상관관계가 있다.,There is a correlation between exercise and health.,correlation.png,correlation_word_en.mp3,correlation_meaning_ko.mp3,correlation_example_en.mp3,correlation_example_ko.mp3,중급,3
correspond,일치하다,,그의 설명은 사실과 일치했다.,His explanation corresponded with the facts.,correspond.png,correspond_word_en.mp3,correspond_meaning_ko.mp3,correspond_example_en.mp3,correspond_example_ko.mp3,중급,3
correspondence,서신,,그들은 오랫동안 서신을 주고받았다.,They exchanged correspondence for a long time.,correspondence.png,correspondence_word_en.mp3,correspondence_meaning_ko.mp3,correspondence_example_en.mp3,correspondence_example_ko.mp3,중급,3
correspondent,특파원,,그 특파원은 전쟁 지역에서 뉴스를 보도했다.,The correspondent reported news from the war zone.,correspondent.png,correspondent_word_en.mp3,correspondent_meaning_ko.mp3,correspondent_example_en.mp3,correspondent_example_ko.mp3,중급,3
corresponding,대응하는,,각 번호에 대응하는 답을 고르세요.,Choose the answer corresponding to each number.,corresponding.png,corresponding_word_en.mp3,corresponding_meaning_ko.mp3,corresponding_example_en.mp3,corresponding_example_ko.mp3,중급,3
corrupt,부패한,,부패한 관리가 뇌물을 받았다.,The corrupt official accepted a bribe.,corrupt.png,corrupt_word_en.mp3,corrupt_meaning_ko.mp3,corrupt_example_en.mp3,corrupt_example_ko.mp3,중급,3
corruption,부패,,정부는 부패를 줄이기 위해 노력했다.,The government worked to reduce corruption.,corruption.png,corruption_word_en.mp3,corruption_meaning_ko.mp3,corruption_example_en.mp3,corruption_example_ko.mp3,중급,3
costly,값비싼,,그녀는 값비싼 가방을 샀다.,She bought a costly bag.,costly.png,costly_word_en.mp3,costly_meaning_ko.mp3,costly_example_en.mp3,costly_example_ko.mp3,중급,3
councillor,지방의원,,그 지방의원은 주민들의 의견을 들었다.,The councillor listened to the residents' opinions.,councillor.png,councillor_word_en.mp3,councillor_meaning_ko.mp3,councillor_example_en.mp3,councillor_example_ko.mp3,중급,3
counselling,상담,,그는 스트레스 때문에 상담을 받았다.,He received counselling because of stress.,counselling.png,counselling_word_en.mp3,counselling_meaning_ko.mp3,counselling_example_en.mp3,counselling_example_ko.mp3,중급,3
counsellor,상담원,,상담원은 제 고민을 조용히 들어 주었습니다.,The counsellor quietly listened to my worries.,counsellor.png,counsellor_word_en.mp3,counsellor_meaning_ko.mp3,counsellor_example_en.mp3,counsellor_example_ko.mp3,중급,3
counterpart,상대,,회의에서 그는 상대의 의견을 끝까지 들었습니다.,"At the meeting, he listened to the other party's opinion until the end.",counterpart.png,counterpart_word_en.mp3,counterpart_meaning_ko.mp3,counterpart_example_en.mp3,counterpart_example_ko.mp3,중급,3
countless,무수한,,하늘에는 무수한 별들이 빛나고 있었습니다.,Countless stars were shining in the sky.,countless.png,countless_word_en.mp3,countless_meaning_ko.mp3,countless_example_en.mp3,countless_example_ko.mp3,중급,3
coup,쿠데타,,그 나라는 쿠데타 이후 정치가 불안해졌습니다.,The country's politics became unstable after the coup.,coup.png,coup_word_en.mp3,coup_meaning_ko.mp3,coup_example_en.mp3,coup_example_ko.mp3,중급,3
courtesy,예의,,버스에서 어르신께 자리를 양보하는 것은 예의입니다.,Giving up your seat to an elderly person on the bus is courtesy.,courtesy.png,courtesy_word_en.mp3,courtesy_meaning_ko.mp3,courtesy_example_en.mp3,courtesy_example_ko.mp3,중급,3
crawl,기다,,아기가 바닥에서 천천히 기고 있습니다.,The baby is slowly crawling on the floor.,crawl.png,crawl_word_en.mp3,crawl_meaning_ko.mp3,crawl_example_en.mp3,crawl_example_ko.mp3,중급,3
creator,창작자,,그 창작자는 매주 새로운 영상을 만듭니다.,The creator makes a new video every week.,creator.png,creator_word_en.mp3,creator_meaning_ko.mp3,creator_example_en.mp3,creator_example_ko.mp3,중급,3
credibility,신뢰성,,정확한 자료는 보고서의 신뢰성을 높입니다.,Accurate data increases the credibility of the report.,credibility.png,credibility_word_en.mp3,credibility_meaning_ko.mp3,credibility_example_en.mp3,credibility_example_ko.mp3,중급,3
credible,믿을 만한,,그 뉴스는 믿을 만한 출처에서 나왔습니다.,The news came from a credible source.,credible.png,credible_word_en.mp3,credible_meaning_ko.mp3,credible_example_en.mp3,credible_example_ko.mp3,중급,3
creep,기어가다,,벌레가 벽을 따라 천천히 기어갔습니다.,The bug slowly crept along the wall.,creep.png,creep_word_en.mp3,creep_meaning_ko.mp3,creep_example_en.mp3,creep_example_ko.mp3,중급,3
critique,비평,,선생님은 제 글에 대해 자세한 비평을 해 주셨습니다.,The teacher gave a detailed critique of my writing.,critique.png,critique_word_en.mp3,critique_meaning_ko.mp3,critique_example_en.mp3,critique_example_ko.mp3,중급,3
crown,왕관,,왕은 금으로 만든 왕관을 썼습니다.,The king wore a crown made of gold.,crown.png,crown_word_en.mp3,crown_meaning_ko.mp3,crown_example_en.mp3,crown_example_ko.mp3,중급,3
crude,정제되지 않은,,정제되지 않은 기름은 바로 사용할 수 없습니다.,Crude oil cannot be used right away.,crude.png,crude_word_en.mp3,crude_meaning_ko.mp3,crude_example_en.mp3,crude_example_ko.mp3,중급,3
crush,으스러뜨리다,,그는 손으로 빈 캔을 으스러뜨렸습니다.,He crushed the empty can with his hand.,crush.png,crush_word_en.mp3,crush_meaning_ko.mp3,crush_example_en.mp3,crush_example_ko.mp3,중급,3
crystal,결정,,소금 결정이 유리컵 바닥에 생겼습니다.,Salt crystals formed at the bottom of the glass.,crystal.png,crystal_word_en.mp3,crystal_meaning_ko.mp3,crystal_example_en.mp3,crystal_example_ko.mp3,중급,3
cult,종교집단,,그 종교집단은 외부 사람들과 거의 만나지 않았습니다.,The cult rarely met people from outside.,cult.png,cult_word_en.mp3,cult_meaning_ko.mp3,cult_example_en.mp3,cult_example_ko.mp3,중급,3
cultivate,경작하다,,농부는 봄마다 밭을 경작합니다.,The farmer cultivates the field every spring.,cultivate.png,cultivate_word_en.mp3,cultivate_meaning_ko.mp3,cultivate_example_en.mp3,cultivate_example_ko.mp3,중급,3
curiosity,호기심,,아이들은 새로운 것에 대한 호기심이 많습니다.,Children have a lot of curiosity about new things.,curiosity.png,curiosity_word_en.mp3,curiosity_meaning_ko.mp3,curiosity_example_en.mp3,curiosity_example_ko.mp3,중급,3
custody,구금,,용의자는 경찰서에서 구금 상태에 있었습니다.,The suspect was in custody at the police station.,custody.png,custody_word_en.mp3,custody_meaning_ko.mp3,custody_example_en.mp3,custody_example_ko.mp3,중급,3
cutting,자르기,,종이 자르기는 아이들에게 재미있는 활동입니다.,Paper cutting is a fun activity for children.,cutting.png,cutting_word_en.mp3,cutting_meaning_ko.mp3,cutting_example_en.mp3,cutting_example_ko.mp3,중급,3
cynical,냉소적인,,그는 정치인들의 약속에 대해 냉소적인 태도를 보였습니다.,He showed a cynical attitude toward politicians' promises.,cynical.png,cynical_word_en.mp3,cynical_meaning_ko.mp3,cynical_example_en.mp3,cynical_example_ko.mp3,중급,3
dam,댐,,큰 댐이 강물을 막고 있습니다.,A large dam is blocking the river water.,dam.png,dam_word_en.mp3,dam_meaning_ko.mp3,dam_example_en.mp3,dam_example_ko.mp3,중급,3
damaging,해로운,,흡연은 건강에 해로운 습관입니다.,Smoking is a damaging habit for health.,damaging.png,damaging_word_en.mp3,damaging_meaning_ko.mp3,damaging_example_en.mp3,damaging_example_ko.mp3,중급,3
dawn,새벽,,우리는 새벽에 일어나 산에 올랐습니다.,We woke up at dawn and climbed the mountain.,dawn.png,dawn_word_en.mp3,dawn_meaning_ko.mp3,dawn_example_en.mp3,dawn_example_ko.mp3,중급,3
debris,잔해,,폭풍이 지나간 뒤 길에는 잔해가 가득했습니다.,"After the storm passed, the road was full of debris.",debris.png,debris_word_en.mp3,debris_meaning_ko.mp3,debris_example_en.mp3,debris_example_ko.mp3,중급,3
debut,데뷔,,그 가수는 어제 무대에서 데뷔를 했습니다.,The singer made her debut on stage yesterday.,debut.png,debut_word_en.mp3,debut_meaning_ko.mp3,debut_example_en.mp3,debut_example_ko.mp3,중급,3
decision-making,의사 결정,,중요한 의사 결정에는 충분한 정보가 필요합니다.,Important decision-making requires enough information.,decision-making.png,decision-making_word_en.mp3,decision-making_meaning_ko.mp3,decision-making_example_en.mp3,decision-making_example_ko.mp3,중급,3
decisive,결정적인,,그의 마지막 골은 경기의 결정적인 순간이었습니다.,His final goal was the decisive moment of the game.,decisive.png,decisive_word_en.mp3,decisive_meaning_ko.mp3,decisive_example_en.mp3,decisive_example_ko.mp3,중급,3
declaration,선언,,대통령은 전쟁 중단을 공식적으로 선언했습니다.,The president made an official declaration to stop the war.,declaration.png,declaration_word_en.mp3,declaration_meaning_ko.mp3,declaration_example_en.mp3,declaration_example_ko.mp3,중급,3
dedicated,헌신적인,,그녀는 학생들을 위해 항상 노력하는 헌신적인 선생님입니다.,She is a dedicated teacher who always works hard for her students.,dedicated.png,dedicated_word_en.mp3,dedicated_meaning_ko.mp3,dedicated_example_en.mp3,dedicated_example_ko.mp3,중급,3
dedication,헌신,,그의 헌신 덕분에 프로젝트가 성공했습니다.,"Thanks to his dedication, the project succeeded.",dedication.png,dedication_word_en.mp3,dedication_meaning_ko.mp3,dedication_example_en.mp3,dedication_example_ko.mp3,중급,3
deed,행위,,작은 친절한 행위가 누군가에게 큰 힘이 될 수 있습니다.,A small kind deed can be a great help to someone.,deed.png,deed_word_en.mp3,deed_meaning_ko.mp3,deed_example_en.mp3,deed_example_ko.mp3,중급,3
deem,여기다,,우리는 이 계획을 안전하다고 여겼습니다.,We deemed this plan safe.,deem.png,deem_word_en.mp3,deem_meaning_ko.mp3,deem_example_en.mp3,deem_example_ko.mp3,중급,3
default,기본값,,휴대폰의 언어 설정은 기본값으로 한국어입니다.,The phone's language setting is Korean by default.,default.png,default_word_en.mp3,default_meaning_ko.mp3,default_example_en.mp3,default_example_ko.mp3,중급,3
defect,결함,,이 제품에는 작은 결함이 있어서 교환했습니다.,"This product had a small defect, so I exchanged it.",defect.png,defect_word_en.mp3,defect_meaning_ko.mp3,defect_example_en.mp3,defect_example_ko.mp3,중급,3
defensive,방어적인,,그는 비판을 듣자 방어적인 태도를 보였습니다.,He showed a defensive attitude when he heard the criticism.,defensive.png,defensive_word_en.mp3,defensive_meaning_ko.mp3,defensive_example_en.mp3,defensive_example_ko.mp3,중급,3
deficiency,부족,,비타민 부족은 피로를 일으킬 수 있습니다.,A vitamin deficiency can cause fatigue.,deficiency.png,deficiency_word_en.mp3,deficiency_meaning_ko.mp3,deficiency_example_en.mp3,deficiency_example_ko.mp3,중급,3
deficit,적자,,회사는 올해 큰 적자를 기록했습니다.,The company recorded a large deficit this year.,deficit.png,deficit_word_en.mp3,deficit_meaning_ko.mp3,deficit_example_en.mp3,deficit_example_ko.mp3,비즈니스,3
defy,거역하다,,그는 부모님의 뜻을 거역하고 혼자 여행을 떠났습니다.,He defied his parents' wishes and went on a trip alone.,defy.png,defy_word_en.mp3,defy_meaning_ko.mp3,defy_example_en.mp3,defy_example_ko.mp3,중급,3
delegate,위임하다,,팀장은 중요한 일을 부하 직원에게 위임했습니다.,The team leader delegated the important task to a staff member.,delegate.png,delegate_word_en.mp3,delegate_meaning_ko.mp3,delegate_example_en.mp3,delegate_example_ko.mp3,중급,3
delegation,대표단,,한국 대표단은 국제회의에 참석했습니다.,The Korean delegation attended the international conference.,delegation.png,delegation_word_en.mp3,delegation_meaning_ko.mp3,delegation_example_en.mp3,delegation_example_ko.mp3,고급,4
delicate,민감한,,이 문제는 민감한 주제라서 조심해서 말해야 합니다.,"This issue is a delicate topic, so we must speak carefully.",delicate.png,delicate_word_en.mp3,delicate_meaning_ko.mp3,delicate_example_en.mp3,delicate_example_ko.mp3,고급,4
demon,악마,,영화 속 악마는 사람들을 무섭게 했습니다.,The demon in the movie scared people.,demon.png,demon_word_en.mp3,demon_meaning_ko.mp3,demon_example_en.mp3,demon_example_ko.mp3,고급,4
denial,부정,,그는 자신의 실수에 대한 부정을 멈추고 사과했습니다.,He stopped his denial of his mistake and apologized.,denial.png,denial_word_en.mp3,denial_meaning_ko.mp3,denial_example_en.mp3,denial_example_ko.mp3,고급,4
denounce,비난하다,,시민들은 부패한 정치인을 공개적으로 비난했습니다.,The citizens publicly denounced the corrupt politician.,denounce.png,denounce_word_en.mp3,denounce_meaning_ko.mp3,denounce_example_en.mp3,denounce_example_ko.mp3,고급,4
dense,빽빽한,,이 숲은 나무가 빽빽해서 걷기 어렵습니다.,"This forest is dense with trees, so it is hard to walk through.",dense.png,dense_word_en.mp3,dense_meaning_ko.mp3,dense_example_en.mp3,dense_example_ko.mp3,고급,4
density,밀도,,도시의 인구 밀도가 점점 높아지고 있습니다.,The population density of the city is gradually increasing.,density.png,density_word_en.mp3,density_meaning_ko.mp3,density_example_en.mp3,density_example_ko.mp3,고급,4
dependence,의존,,그는 스마트폰에 대한 의존을 줄이려고 노력합니다.,He is trying to reduce his dependence on his smartphone.,dependence.png,dependence_word_en.mp3,dependence_meaning_ko.mp3,dependence_example_en.mp3,dependence_example_ko.mp3,고급,4
depict,묘사하다,,그 그림은 시골 마을의 평화로운 모습을 묘사합니다.,The painting depicts the peaceful appearance of a rural village.,depict.png,depict_word_en.mp3,depict_meaning_ko.mp3,depict_example_en.mp3,depict_example_ko.mp3,고급,4
deploy,배치하다,,정부는 재난 지역에 구조대를 배치했습니다.,The government deployed rescue teams to the disaster area.,deploy.png,deploy_word_en.mp3,deploy_meaning_ko.mp3,deploy_example_en.mp3,deploy_example_ko.mp3,고급,4
deployment,배치,,군대의 배치는 아침 일찍 시작되었습니다.,The deployment of the troops began early in the morning.,deployment.png,deployment_word_en.mp3,deployment_meaning_ko.mp3,deployment_example_en.mp3,deployment_example_ko.mp3,고급,4
deprive,빼앗다,,전쟁은 많은 아이들에게 교육의 기회를 빼앗았습니다.,The war deprived many children of the opportunity for education.,deprive.png,deprive_word_en.mp3,deprive_meaning_ko.mp3,deprive_example_en.mp3,deprive_example_ko.mp3,고급,4
deputy,대리인,,사장이 없을 때 대리인이 회의를 진행했습니다.,"When the president was absent, the deputy led the meeting.",deputy.png,deputy_word_en.mp3,deputy_meaning_ko.mp3,deputy_example_en.mp3,deputy_example_ko.mp3,고급,4
descend,내려가다,,비행기는 천천히 공항으로 내려갔습니다.,The airplane slowly descended toward the airport.,descend.png,descend_word_en.mp3,descend_meaning_ko.mp3,descend_example_en.mp3,descend_example_ko.mp3,고급,4
descent,하강,,산에서의 하강은 올라갈 때보다 더 위험했습니다.,The descent from the mountain was more dangerous than the climb.,descent.png,descent_word_en.mp3,descent_meaning_ko.mp3,descent_example_en.mp3,descent_example_ko.mp3,고급,4
designate,지명하다,,학교는 민수를 반 대표로 지명했습니다.,The school designated Minsu as the class representative.,designate.png,designate_word_en.mp3,designate_meaning_ko.mp3,designate_example_en.mp3,designate_example_ko.mp3,고급,4
desirable,바람직한,,문제를 대화로 해결하는 것이 바람직한 방법입니다.,Solving problems through conversation is a desirable method.,desirable.png,desirable_word_en.mp3,desirable_meaning_ko.mp3,desirable_example_en.mp3,desirable_example_ko.mp3,고급,4
desktop,데스크톱 컴퓨터,,저는 집에서 데스크톱 컴퓨터로 숙제를 합니다.,I do my homework on a desktop computer at home.,desktop.png,desktop_word_en.mp3,desktop_meaning_ko.mp3,desktop_example_en.mp3,desktop_example_ko.mp3,고급,4
destructive,파괴적인,,강한 지진은 매우 파괴적인 피해를 남겼습니다.,The strong earthquake left very destructive damage.,destructive.png,destructive_word_en.mp3,destructive_meaning_ko.mp3,destructive_example_en.mp3,destructive_example_ko.mp3,고급,4
detain,구금하다,,경찰은 조사를 위해 그 남자를 구금했습니다.,The police detained the man for questioning.,detain.png,detain_word_en.mp3,detain_meaning_ko.mp3,detain_example_en.mp3,detain_example_ko.mp3,고급,4
detection,탐지,,이 기계는 연기 탐지에 사용된다.,This machine is used for smoke detection.,detection.png,detection_word_en.mp3,detection_meaning_ko.mp3,detection_example_en.mp3,detection_example_ko.mp3,고급,4
detention,구금,,그는 재판 전까지 구금 상태에 있었다.,He was in detention until the trial.,detention.png,detention_word_en.mp3,detention_meaning_ko.mp3,detention_example_en.mp3,detention_example_ko.mp3,고급,4
deteriorate,악화되다,,비가 계속 와서 도로 상태가 악화되었다.,The road condition deteriorated because it kept raining.,deteriorate.png,deteriorate_word_en.mp3,deteriorate_meaning_ko.mp3,deteriorate_example_en.mp3,deteriorate_example_ko.mp3,고급,4
devastate,황폐하게 만들다,,큰 지진이 도시를 황폐하게 만들었다.,A major earthquake devastated the city.,devastate.png,devastate_word_en.mp3,devastate_meaning_ko.mp3,devastate_example_en.mp3,devastate_example_ko.mp3,고급,4
devil,악마,,그 영화에는 무서운 악마가 나온다.,A scary devil appears in that movie.,devil.png,devil_word_en.mp3,devil_meaning_ko.mp3,devil_example_en.mp3,devil_example_ko.mp3,고급,4
devise,고안하다,,우리는 문제를 해결할 새로운 방법을 고안했다.,We devised a new way to solve the problem.,devise.png,devise_word_en.mp3,devise_meaning_ko.mp3,devise_example_en.mp3,devise_example_ko.mp3,고급,4
diagnose,진단하다,,의사는 그 환자를 독감으로 진단했다.,The doctor diagnosed the patient with the flu.,diagnose.png,diagnose_word_en.mp3,diagnose_meaning_ko.mp3,diagnose_example_en.mp3,diagnose_example_ko.mp3,고급,4
diagnosis,진단,,정확한 진단을 위해 검사가 필요하다.,Tests are needed for an accurate diagnosis.,diagnosis.png,diagnosis_word_en.mp3,diagnosis_meaning_ko.mp3,diagnosis_example_en.mp3,diagnosis_example_ko.mp3,고급,4
dictate,명령하다,,상사는 직원들에게 즉시 일을 시작하라고 명령했다.,The boss dictated that the employees start work immediately.,dictate.png,dictate_word_en.mp3,dictate_meaning_ko.mp3,dictate_example_en.mp3,dictate_example_ko.mp3,고급,4
dictator,독재자,,그 독재자는 국민의 자유를 빼앗았다.,The dictator took away the people's freedom.,dictator.png,dictator_word_en.mp3,dictator_meaning_ko.mp3,dictator_example_en.mp3,dictator_example_ko.mp3,고급,4
differentiate,구별하다,,아이들은 비슷한 두 그림을 구별했다.,The children differentiated between the two similar pictures.,differentiate.png,differentiate_word_en.mp3,differentiate_meaning_ko.mp3,differentiate_example_en.mp3,differentiate_example_ko.mp3,고급,4
dignity,존엄,,모든 사람은 존엄을 존중받아야 한다.,Everyone's dignity should be respected.,dignity.png,dignity_word_en.mp3,dignity_meaning_ko.mp3,dignity_example_en.mp3,dignity_example_ko.mp3,고급,4
dilemma,딜레마,,나는 돈을 아낄지 여행을 갈지 딜레마에 빠졌다.,I was in a dilemma about whether to save money or go on a trip.,dilemma.png,dilemma_word_en.mp3,dilemma_meaning_ko.mp3,dilemma_example_en.mp3,dilemma_example_ko.mp3,고급,4
dimension,차원,,그 문제는 새로운 차원에서 생각해야 한다.,That problem must be considered from a new dimension.,dimension.png,dimension_word_en.mp3,dimension_meaning_ko.mp3,dimension_example_en.mp3,dimension_example_ko.mp3,고급,4
diminish,줄어들다,,시간이 지나면서 그의 불안감이 줄어들었다.,His anxiety diminished as time passed.,diminish.png,diminish_word_en.mp3,diminish_meaning_ko.mp3,diminish_example_en.mp3,diminish_example_ko.mp3,고급,4
dip,담그다,,그녀는 빵을 수프에 살짝 담갔다.,She dipped the bread lightly in the soup.,dip.png,dip_word_en.mp3,dip_meaning_ko.mp3,dip_example_en.mp3,dip_example_ko.mp3,고급,4
diplomat,외교관,,그 외교관은 두 나라의 회의에 참석했다.,The diplomat attended a meeting between the two countries.,diplomat.png,diplomat_word_en.mp3,diplomat_meaning_ko.mp3,diplomat_example_en.mp3,diplomat_example_ko.mp3,고급,4
diplomatic,외교의,,두 나라는 외교의 문제를 평화롭게 해결했다.,The two countries peacefully resolved the diplomatic issue.,diplomatic.png,diplomatic_word_en.mp3,diplomatic_meaning_ko.mp3,diplomatic_example_en.mp3,diplomatic_example_ko.mp3,고급,4
directory,전화번호부,,나는 전화번호부에서 병원 번호를 찾았다.,I found the hospital's number in the directory.,directory.png,directory_word_en.mp3,directory_meaning_ko.mp3,directory_example_en.mp3,directory_example_ko.mp3,고급,4
disastrous,재앙적인,,그 결정은 회사에 재앙적인 결과를 가져왔다.,That decision brought disastrous results to the company.,disastrous.png,disastrous_word_en.mp3,disastrous_meaning_ko.mp3,disastrous_example_en.mp3,disastrous_example_ko.mp3,고급,4
discard,버리다,,나는 오래된 영수증을 버렸다.,I discarded the old receipt.,discard.png,discard_word_en.mp3,discard_meaning_ko.mp3,discard_example_en.mp3,discard_example_ko.mp3,고급,4
discharge,배출,,공장의 폐수 배출이 강을 오염시켰다.,The discharge of wastewater from the factory polluted the river.,discharge.png,discharge_word_en.mp3,discharge_meaning_ko.mp3,discharge_example_en.mp3,discharge_example_ko.mp3,고급,4
disclose,밝히다,,회사는 사고의 원인을 공개적으로 밝혔다.,The company disclosed the cause of the accident publicly.,disclose.png,disclose_word_en.mp3,disclose_meaning_ko.mp3,disclose_example_en.mp3,disclose_example_ko.mp3,고급,4
disclosure,공개,,정부는 정보 공개를 약속했다.,The government promised disclosure of the information.,disclosure.png,disclosure_word_en.mp3,disclosure_meaning_ko.mp3,disclosure_example_en.mp3,disclosure_example_ko.mp3,고급,4
discourse,담론,,환경 보호에 대한 사회적 담론이 활발하다.,Social discourse about environmental protection is active.,discourse.png,discourse_word_en.mp3,discourse_meaning_ko.mp3,discourse_example_en.mp3,discourse_example_ko.mp3,고급,4
discretion,재량,,선생님은 학생들에게 주제를 고를 재량을 주었다.,The teacher gave the students discretion to choose their topics.,discretion.png,discretion_word_en.mp3,discretion_meaning_ko.mp3,discretion_example_en.mp3,discretion_example_ko.mp3,고급,4
discrimination,차별,,그 회사는 성별 차별을 금지한다.,The company prohibits gender discrimination.,discrimination.png,discrimination_word_en.mp3,discrimination_meaning_ko.mp3,discrimination_example_en.mp3,discrimination_example_ko.mp3,고급,4
dismissal,해고,,그 직원은 갑작스러운 해고 소식을 들었다.,The employee heard the news of his sudden dismissal.,dismissal.png,dismissal_word_en.mp3,dismissal_meaning_ko.mp3,dismissal_example_en.mp3,dismissal_example_ko.mp3,고급,4
displace,대체하다,,새로운 기술이 오래된 방식을 대체했다.,New technology displaced the old method.,displace.png,displace_word_en.mp3,displace_meaning_ko.mp3,displace_example_en.mp3,displace_example_ko.mp3,고급,4
disposal,처분,,쓰레기의 안전한 처분이 중요하다.,Safe disposal of waste is important.,disposal.png,disposal_word_en.mp3,disposal_meaning_ko.mp3,disposal_example_en.mp3,disposal_example_ko.mp3,고급,4
dispose,처분하다,,우리는 오래된 가구를 처분했다.,We disposed of the old furniture.,dispose.png,dispose_word_en.mp3,dispose_meaning_ko.mp3,dispose_example_en.mp3,dispose_example_ko.mp3,고급,4
dispute,분쟁,,두 회사 사이에 계약 분쟁이 생겼다.,A contract dispute arose between the two companies.,dispute.png,dispute_word_en.mp3,dispute_meaning_ko.mp3,dispute_example_en.mp3,dispute_example_ko.mp3,고급,4
disrupt,방해하다,,큰 소음이 수업을 방해했다.,The loud noise disrupted the class.,disrupt.png,disrupt_word_en.mp3,disrupt_meaning_ko.mp3,disrupt_example_en.mp3,disrupt_example_ko.mp3,고급,4
disruption,혼란,,갑작스러운 정전으로 큰 혼란이 일어났다.,A sudden power outage caused great disruption.,disruption.png,disruption_word_en.mp3,disruption_meaning_ko.mp3,disruption_example_en.mp3,disruption_example_ko.mp3,고급,4
dissolve,녹다,,설탕이 따뜻한 물에 빨리 녹았다.,The sugar dissolved quickly in warm water.,dissolve.png,dissolve_word_en.mp3,dissolve_meaning_ko.mp3,dissolve_example_en.mp3,dissolve_example_ko.mp3,고급,4
distinction,차이,,두 단어의 차이를 이해하기 어렵다.,It is difficult to understand the distinction between the two words.,distinction.png,distinction_word_en.mp3,distinction_meaning_ko.mp3,distinction_example_en.mp3,distinction_example_ko.mp3,고급,4
distinctive,독특한,,그 가수는 독특한 목소리를 가지고 있다.,The singer has a distinctive voice.,distinctive.png,distinctive_word_en.mp3,distinctive_meaning_ko.mp3,distinctive_example_en.mp3,distinctive_example_ko.mp3,고급,4
distort,왜곡하다,,그 신문은 사실을 왜곡했다.,The newspaper distorted the facts.,distort.png,distort_word_en.mp3,distort_meaning_ko.mp3,distort_example_en.mp3,distort_example_ko.mp3,고급,4
distress,고통,,그는 친구의 죽음으로 큰 고통을 느꼈다.,He felt great distress because of his friend's death.,distress.png,distress_word_en.mp3,distress_meaning_ko.mp3,distress_example_en.mp3,distress_example_ko.mp3,고급,4
disturbing,충격적인,,그 뉴스는 매우 충격적인 내용이었다.,The news had very disturbing content.,disturbing.png,disturbing_word_en.mp3,disturbing_meaning_ko.mp3,disturbing_example_en.mp3,disturbing_example_ko.mp3,고급,4
divert,우회시키다,,경찰은 사고 때문에 차들을 다른 길로 우회시켰다.,The police diverted the cars to another road because of the accident.,divert.png,divert_word_en.mp3,divert_meaning_ko.mp3,divert_example_en.mp3,divert_example_ko.mp3,고급,4
divine,신성한,,사람들은 그곳을 신성한 장소로 여겼다.,People considered that place a divine place.,divine.png,divine_word_en.mp3,divine_meaning_ko.mp3,divine_example_en.mp3,divine_example_ko.mp3,고급,4
doctrine,교리,,그 종교의 교리는 평화를 강조한다.,The doctrine of that religion emphasizes peace.,doctrine.png,doctrine_word_en.mp3,doctrine_meaning_ko.mp3,doctrine_example_en.mp3,doctrine_example_ko.mp3,고급,4
documentation,문서,,회의 전에 관련 문서를 모두 읽었다.,I read all the related documentation before the meeting.,documentation.png,documentation_word_en.mp3,documentation_meaning_ko.mp3,documentation_example_en.mp3,documentation_example_ko.mp3,고급,4
domain,영역,,인공지능은 빠르게 성장하는 연구 영역이다.,Artificial intelligence is a rapidly growing research domain.,domain.png,domain_word_en.mp3,domain_meaning_ko.mp3,domain_example_en.mp3,domain_example_ko.mp3,고급,4
dominance,지배,,그 제국의 지배는 오랫동안 계속되었다.,The empire's dominance continued for a long time.,dominance.png,dominance_word_en.mp3,dominance_meaning_ko.mp3,dominance_example_en.mp3,dominance_example_ko.mp3,고급,4
donor,기부자,,많은 기부자가 병원 건립을 도왔다.,Many donors helped build the hospital.,donor.png,donor_word_en.mp3,donor_meaning_ko.mp3,donor_example_en.mp3,donor_example_ko.mp3,고급,4
dose,복용량,,약의 복용량을 꼭 지켜야 한다.,You must follow the dose of the medicine.,dose.png,dose_word_en.mp3,dose_meaning_ko.mp3,dose_example_en.mp3,dose_example_ko.mp3,고급,4
drain,물을 빼다,,청소하기 전에 수영장의 물을 뺐다.,We drained the water from the pool before cleaning it.,drain.png,drain_word_en.mp3,drain_meaning_ko.mp3,drain_example_en.mp3,drain_example_ko.mp3,고급,4
drift,떠다니다,,작은 배가 강 위에 떠다녔다.,A small boat drifted on the river.,drift.png,drift_word_en.mp3,drift_meaning_ko.mp3,drift_example_en.mp3,drift_example_ko.mp3,고급,4
drown,익사하다,,그는 깊은 물에서 익사할 뻔했다.,He almost drowned in deep water.,drown.png,drown_word_en.mp3,drown_meaning_ko.mp3,drown_example_en.mp3,drown_example_ko.mp3,위기탈출,3
dual,이중의,,이 가방은 이중의 기능을 가지고 있다.,This bag has a dual function.,dual.png,dual_word_en.mp3,dual_meaning_ko.mp3,dual_example_en.mp3,dual_example_ko.mp3,고급,4
dub,더빙하다,,그 영화는 한국어로 더빙되었다.,The movie was dubbed in Korean.,dub.png,dub_word_en.mp3,dub_meaning_ko.mp3,dub_example_en.mp3,dub_example_ko.mp3,고급,4
dumb,어리석은,,그런 어리석은 결정을 하지 마세요.,Do not make such a dumb decision.,dumb.png,dumb_word_en.mp3,dumb_meaning_ko.mp3,dumb_example_en.mp3,dumb_example_ko.mp3,고급,4
duo,2인조,,그 2인조는 무대에서 멋진 노래를 불렀다.,The duo sang a wonderful song on stage.,duo.png,duo_word_en.mp3,duo_meaning_ko.mp3,duo_example_en.mp3,duo_example_ko.mp3,고급,4
eager,열렬한,,아이들은 여행을 가고 싶어 열렬한 기대를 보였다.,The children showed eager excitement about going on a trip.,eager.png,eager_word_en.mp3,eager_meaning_ko.mp3,eager_example_en.mp3,eager_example_ko.mp3,고급,4
earnings,소득,,그는 매달 소득의 일부를 저축한다.,He saves part of his earnings every month.,earnings.png,earnings_word_en.mp3,earnings_meaning_ko.mp3,earnings_example_en.mp3,earnings_example_ko.mp3,비즈니스,3
ease,쉬움,,이 앱은 사용의 쉬움 때문에 인기가 많다.,This app is popular because of its ease of use.,ease.png,ease_word_en.mp3,ease_meaning_ko.mp3,ease_example_en.mp3,ease_example_ko.mp3,고급,4
echo,메아리,,산에서 내 목소리의 메아리가 들렸다.,I heard the echo of my voice in the mountains.,echo.png,echo_word_en.mp3,echo_meaning_ko.mp3,echo_example_en.mp3,echo_example_ko.mp3,고급,4
ecological,생태학적인,,그 연구는 생태학적인 변화를 다룬다.,The study deals with ecological changes.,ecological.png,ecological_word_en.mp3,ecological_meaning_ko.mp3,ecological_example_en.mp3,ecological_example_ko.mp3,고급,4
educator,교육자,,그는 아이들의 성장을 돕는 훌륭한 교육자입니다.,He is a great educator who helps children grow.,educator.png,educator_word_en.mp3,educator_meaning_ko.mp3,educator_example_en.mp3,educator_example_ko.mp3,고급,4
effectiveness,유효성,,이 약의 유효성은 여러 연구에서 확인되었습니다.,The effectiveness of this medicine was confirmed in several studies.,effectiveness.png,effectiveness_word_en.mp3,effectiveness_meaning_ko.mp3,effectiveness_example_en.mp3,effectiveness_example_ko.mp3,고급,4
efficiency,효율,,새 기계는 일의 효율을 크게 높였습니다.,The new machine greatly increased work efficiency.,efficiency.png,efficiency_word_en.mp3,efficiency_meaning_ko.mp3,efficiency_example_en.mp3,efficiency_example_ko.mp3,고급,4
ego,자아,,그는 여행을 통해 자신의 자아를 더 잘 이해하게 되었습니다.,He came to understand his ego better through travel.,ego.png,ego_word_en.mp3,ego_meaning_ko.mp3,ego_example_en.mp3,ego_example_ko.mp3,고급,4
elaborate,정교한,,그 장인은 정교한 무늬를 나무에 새겼습니다.,The craftsman carved an elaborate pattern into the wood.,elaborate.png,elaborate_word_en.mp3,elaborate_meaning_ko.mp3,elaborate_example_en.mp3,elaborate_example_ko.mp3,고급,4
electoral,선거의,,선거의 결과는 내일 발표될 예정입니다.,The electoral results are scheduled to be announced tomorrow.,electoral.png,electoral_word_en.mp3,electoral_meaning_ko.mp3,electoral_example_en.mp3,electoral_example_ko.mp3,고급,4
elevate,높이다,,운동은 기분을 높이는 데 도움이 됩니다.,Exercise helps elevate your mood.,elevate.png,elevate_word_en.mp3,elevate_meaning_ko.mp3,elevate_example_en.mp3,elevate_example_ko.mp3,고급,4
eligible,자격이 있는,,만 18세 이상이면 투표할 자격이 있습니다.,"If you are 18 or older, you are eligible to vote.",eligible.png,eligible_word_en.mp3,eligible_meaning_ko.mp3,eligible_example_en.mp3,eligible_example_ko.mp3,고급,4
elite,엘리트,,그 학교는 많은 엘리트 인재를 배출했습니다.,That school produced many elite talents.,elite.png,elite_word_en.mp3,elite_meaning_ko.mp3,elite_example_en.mp3,elite_example_ko.mp3,고급,4
embark,시작하다,,우리는 다음 달에 새로운 프로젝트를 시작할 것입니다.,We will embark on a new project next month.,embark.png,embark_word_en.mp3,embark_meaning_ko.mp3,embark_example_en.mp3,embark_example_ko.mp3,고급,4
embarrassment,당황스러움,,그는 이름을 잘못 불러서 큰 당황스러움을 느꼈습니다.,He felt great embarrassment because he called the wrong name.,embarrassment.png,embarrassment_word_en.mp3,embarrassment_meaning_ko.mp3,embarrassment_example_en.mp3,embarrassment_example_ko.mp3,고급,4
embassy,대사관,,여권을 잃어버려서 대사관에 갔습니다.,I went to the embassy because I lost my passport.,embassy.png,embassy_word_en.mp3,embassy_meaning_ko.mp3,embassy_example_en.mp3,embassy_example_ko.mp3,여행,2
embed,삽입하다,,그는 발표 자료에 짧은 영상을 삽입했습니다.,He embedded a short video in the presentation materials.,embed.png,embed_word_en.mp3,embed_meaning_ko.mp3,embed_example_en.mp3,embed_example_ko.mp3,고급,4
embody,구체화하다,,그 조각상은 자유의 정신을 구체화합니다.,The statue embodies the spirit of freedom.,embody.png,embody_word_en.mp3,embody_meaning_ko.mp3,embody_example_en.mp3,embody_example_ko.mp3,고급,4
emergence,출현,,인터넷의 출현은 사람들의 생활을 크게 바꾸었습니다.,The emergence of the Internet greatly changed people's lives.,emergence.png,emergence_word_en.mp3,emergence_meaning_ko.mp3,emergence_example_en.mp3,emergence_example_ko.mp3,고급,4
empirical,경험적인,,그 주장은 경험적인 자료에 근거하고 있습니다.,The claim is based on empirical data.,empirical.png,empirical_word_en.mp3,empirical_meaning_ko.mp3,empirical_example_en.mp3,empirical_example_ko.mp3,고급,4
empower,권한을 부여하다,,회사는 직원들에게 결정을 내릴 권한을 부여했습니다.,The company empowered employees to make decisions.,empower.png,empower_word_en.mp3,empower_meaning_ko.mp3,empower_example_en.mp3,empower_example_ko.mp3,고급,4
enact,제정하다,,정부는 새로운 환경법을 제정했습니다.,The government enacted a new environmental law.,enact.png,enact_word_en.mp3,enact_meaning_ko.mp3,enact_example_en.mp3,enact_example_ko.mp3,고급,4
encompass,포함하다,,이 과정은 문법과 회화를 모두 포함합니다.,This course encompasses both grammar and conversation.,encompass.png,encompass_word_en.mp3,encompass_meaning_ko.mp3,encompass_example_en.mp3,encompass_example_ko.mp3,고급,4
encouragement,격려,,친구의 격려 덕분에 저는 포기하지 않았습니다.,"Thanks to my friend's encouragement, I did not give up.",encouragement.png,encouragement_word_en.mp3,encouragement_meaning_ko.mp3,encouragement_example_en.mp3,encouragement_example_ko.mp3,고급,4
encouraging,고무적인,,시험 결과는 매우 고무적인 신호였습니다.,The test results were a very encouraging sign.,encouraging.png,encouraging_word_en.mp3,encouraging_meaning_ko.mp3,encouraging_example_en.mp3,encouraging_example_ko.mp3,고급,4
endeavour,노력,,그의 노력은 마침내 좋은 결과를 가져왔습니다.,His endeavour finally brought good results.,endeavour.png,endeavour_word_en.mp3,endeavour_meaning_ko.mp3,endeavour_example_en.mp3,endeavour_example_ko.mp3,고급,4
endless,끝없는,,끝없는 연습 끝에 그는 피아노를 잘 치게 되었습니다.,"After endless practice, he became good at playing the piano.",endless.png,endless_word_en.mp3,endless_meaning_ko.mp3,endless_example_en.mp3,endless_example_ko.mp3,고급,4
endorse,지지하다,,많은 시민들이 그 후보를 지지했습니다.,Many citizens endorsed the candidate.,endorse.png,endorse_word_en.mp3,endorse_meaning_ko.mp3,endorse_example_en.mp3,endorse_example_ko.mp3,고급,4
endorsement,승인,,이 계획은 시장의 승인을 받았습니다.,This plan received the mayor's endorsement.,endorsement.png,endorsement_word_en.mp3,endorsement_meaning_ko.mp3,endorsement_example_en.mp3,endorsement_example_ko.mp3,고급,4
endure,견디다,,그는 긴 훈련을 끝까지 견뎠습니다.,He endured the long training until the end.,endure.png,endure_word_en.mp3,endure_meaning_ko.mp3,endure_example_en.mp3,endure_example_ko.mp3,고급,4
enforce,시행하다,,경찰은 교통 법규를 엄격히 시행합니다.,The police strictly enforce traffic laws.,enforce.png,enforce_word_en.mp3,enforce_meaning_ko.mp3,enforce_example_en.mp3,enforce_example_ko.mp3,고급,4
enforcement,시행,,새 규칙의 시행은 다음 주부터 시작됩니다.,Enforcement of the new rule will begin next week.,enforcement.png,enforcement_word_en.mp3,enforcement_meaning_ko.mp3,enforcement_example_en.mp3,enforcement_example_ko.mp3,고급,4
engagement,약혼,,두 사람은 가족들 앞에서 약혼을 발표했습니다.,The two announced their engagement in front of their families.,engagement.png,engagement_word_en.mp3,engagement_meaning_ko.mp3,engagement_example_en.mp3,engagement_example_ko.mp3,고급,4
engaging,매력적인,,그 강사의 이야기는 매우 매력적이었습니다.,The instructor's story was very engaging.,engaging.png,engaging_word_en.mp3,engaging_meaning_ko.mp3,engaging_example_en.mp3,engaging_example_ko.mp3,고급,4
enquire,문의하다,,예약 가능 여부를 문의하려고 호텔에 전화했습니다.,I called the hotel to enquire about room availability.,enquire.png,enquire_word_en.mp3,enquire_meaning_ko.mp3,enquire_example_en.mp3,enquire_example_ko.mp3,고급,4
enrich,풍부하게 하다,,독서는 우리의 지식을 풍부하게 합니다.,Reading enriches our knowledge.,enrich.png,enrich_word_en.mp3,enrich_meaning_ko.mp3,enrich_example_en.mp3,enrich_example_ko.mp3,고급,4
enrol,등록하다,,저는 한국어 수업에 등록했습니다.,I enrolled in a Korean class.,enrol.png,enrol_word_en.mp3,enrol_meaning_ko.mp3,enrol_example_en.mp3,enrol_example_ko.mp3,고급,4
ensue,뒤따르다,,갑작스러운 발표 후에 혼란이 뒤따랐습니다.,Confusion ensued after the sudden announcement.,ensue.png,ensue_word_en.mp3,ensue_meaning_ko.mp3,ensue_example_en.mp3,ensue_example_ko.mp3,고급,4
enterprise,사업,,그는 작은 사업을 시작해 크게 성공했습니다.,He started a small enterprise and became very successful.,enterprise.png,enterprise_word_en.mp3,enterprise_meaning_ko.mp3,enterprise_example_en.mp3,enterprise_example_ko.mp3,비즈니스,3
enthusiast,애호가,,민수는 오래된 카메라 애호가입니다.,Minsu is an enthusiast of old cameras.,enthusiast.png,enthusiast_word_en.mp3,enthusiast_meaning_ko.mp3,enthusiast_example_en.mp3,enthusiast_example_ko.mp3,고급,4
entitle,자격을 주다,,이 티켓은 당신에게 무료 음료를 받을 자격을 줍니다.,This ticket entitles you to receive a free drink.,entitle.png,entitle_word_en.mp3,entitle_meaning_ko.mp3,entitle_example_en.mp3,entitle_example_ko.mp3,고급,4
entity,독립체,,그 회사는 본사와 별개의 독립체로 운영됩니다.,That company operates as an entity separate from the headquarters.,entity.png,entity_word_en.mp3,entity_meaning_ko.mp3,entity_example_en.mp3,entity_example_ko.mp3,고급,4
epidemic,유행병,,그 유행병은 여러 나라로 빠르게 퍼졌습니다.,The epidemic spread quickly to several countries.,epidemic.png,epidemic_word_en.mp3,epidemic_meaning_ko.mp3,epidemic_example_en.mp3,epidemic_example_ko.mp3,위기탈출,3
equality,평등,,우리는 모든 사람의 평등을 존중해야 합니다.,We must respect the equality of all people.,equality.png,equality_word_en.mp3,equality_meaning_ko.mp3,equality_example_en.mp3,equality_example_ko.mp3,고급,4
equation,방정식,,학생들은 수학 시간에 방정식을 풀었습니다.,The students solved equations in math class.,equation.png,equation_word_en.mp3,equation_meaning_ko.mp3,equation_example_en.mp3,equation_example_ko.mp3,고급,4
erect,세우다,,마을 사람들은 광장에 기념비를 세웠습니다.,The villagers erected a monument in the square.,erect.png,erect_word_en.mp3,erect_meaning_ko.mp3,erect_example_en.mp3,erect_example_ko.mp3,고급,4
escalate,확대되다,,작은 말다툼이 큰 싸움으로 확대되었습니다.,A small argument escalated into a big fight.,escalate.png,escalate_word_en.mp3,escalate_meaning_ko.mp3,escalate_example_en.mp3,escalate_example_ko.mp3,고급,4
essence,본질,,이 책의 본질은 사랑과 용서에 관한 것입니다.,The essence of this book is about love and forgiveness.,essence.png,essence_word_en.mp3,essence_meaning_ko.mp3,essence_example_en.mp3,essence_example_ko.mp3,고급,4
establishment,설립,,학교의 설립은 지역 사회에 큰 도움이 되었습니다.,The establishment of the school greatly helped the local community.,establishment.png,establishment_word_en.mp3,establishment_meaning_ko.mp3,establishment_example_en.mp3,establishment_example_ko.mp3,고급,4
eternal,영원한,,그들은 영원한 사랑을 약속했습니다.,They promised eternal love.,eternal.png,eternal_word_en.mp3,eternal_meaning_ko.mp3,eternal_example_en.mp3,eternal_example_ko.mp3,고급,4
evacuate,대피시키다,,소방관들은 주민들을 안전한 곳으로 대피시켰습니다.,The firefighters evacuated the residents to a safe place.,evacuate.png,evacuate_word_en.mp3,evacuate_meaning_ko.mp3,evacuate_example_en.mp3,evacuate_example_ko.mp3,위기탈출,3
evoke,환기시키다,,그 노래는 어린 시절의 추억을 환기시켰습니다.,The song evoked memories of childhood.,evoke.png,evoke_word_en.mp3,evoke_meaning_ko.mp3,evoke_example_en.mp3,evoke_example_ko.mp3,고급,4
exaggerate,과장하다,,그는 자신의 성공을 조금 과장했습니다.,He exaggerated his success a little.,exaggerate.png,exaggerate_word_en.mp3,exaggerate_meaning_ko.mp3,exaggerate_example_en.mp3,exaggerate_example_ko.mp3,고급,4
excellence,우수함,,그 학교는 교육의 우수함으로 유명합니다.,The school is famous for its excellence in education.,excellence.png,excellence_word_en.mp3,excellence_meaning_ko.mp3,excellence_example_en.mp3,excellence_example_ko.mp3,고급,4
exceptional,이례적인,,올해 겨울은 이례적으로 따뜻했습니다.,This winter was exceptionally warm.,exceptional.png,exceptional_word_en.mp3,exceptional_meaning_ko.mp3,exceptional_example_en.mp3,exceptional_example_ko.mp3,고급,4
excess,초과,,수하물 무게가 초과되어 추가 요금을 냈습니다.,"The luggage weight was in excess, so I paid an extra fee.",excess.png,excess_word_en.mp3,excess_meaning_ko.mp3,excess_example_en.mp3,excess_example_ko.mp3,고급,4
exclusion,제외,,그 규칙은 일부 학생들의 제외를 불러왔습니다.,The rule led to the exclusion of some students.,exclusion.png,exclusion_word_en.mp3,exclusion_meaning_ko.mp3,exclusion_example_en.mp3,exclusion_example_ko.mp3,고급,4
exclusive,독점적인,,그 회사는 이 제품에 대한 독점적인 판매권을 가지고 있습니다.,The company has exclusive sales rights for this product.,exclusive.png,exclusive_word_en.mp3,exclusive_meaning_ko.mp3,exclusive_example_en.mp3,exclusive_example_ko.mp3,고급,4
exclusively,오로지,,이 가게는 오로지 친환경 제품만 판매합니다.,This store sells exclusively eco-friendly products.,exclusively.png,exclusively_word_en.mp3,exclusively_meaning_ko.mp3,exclusively_example_en.mp3,exclusively_example_ko.mp3,고급,4
execute,실행하다,,팀은 계획을 빠르게 실행했습니다.,The team executed the plan quickly.,execute.png,execute_word_en.mp3,execute_meaning_ko.mp3,execute_example_en.mp3,execute_example_ko.mp3,고급,4
execution,실행,,좋은 아이디어도 실행이 없으면 소용없습니다.,Even a good idea is useless without execution.,execution.png,execution_word_en.mp3,execution_meaning_ko.mp3,execution_example_en.mp3,execution_example_ko.mp3,고급,4
exert,행사하다,,부모는 아이에게 큰 영향을 행사할 수 있습니다.,Parents can exert a strong influence on their children.,exert.png,exert_word_en.mp3,exert_meaning_ko.mp3,exert_example_en.mp3,exert_example_ko.mp3,고급,4
exile,추방,,그 작가는 정치적인 이유로 추방을 당했습니다.,The writer suffered exile for political reasons.,exile.png,exile_word_en.mp3,exile_meaning_ko.mp3,exile_example_en.mp3,exile_example_ko.mp3,고급,4
expenditure,지출,,이번 달 지출이 지난달보다 늘었다.,This month's expenditure increased compared to last month.,expenditure.png,expenditure_word_en.mp3,expenditure_meaning_ko.mp3,expenditure_example_en.mp3,expenditure_example_ko.mp3,고급,4
experimental,실험적인,,그 회사는 실험적인 디자인을 시도했다.,The company tried an experimental design.,experimental.png,experimental_word_en.mp3,experimental_meaning_ko.mp3,experimental_example_en.mp3,experimental_example_ko.mp3,고급,4
expire,만료되다,,내 여권은 다음 달에 만료된다.,My passport expires next month.,expire.png,expire_word_en.mp3,expire_meaning_ko.mp3,expire_example_en.mp3,expire_example_ko.mp3,고급,4
explicit,명확한,,선생님은 명확한 설명을 해 주셨다.,The teacher gave a clear explanation.,explicit.png,explicit_word_en.mp3,explicit_meaning_ko.mp3,explicit_example_en.mp3,explicit_example_ko.mp3,고급,4
explicitly,명백히,,그는 회의에서 자신의 의견을 명백히 말했다.,He explicitly stated his opinion at the meeting.,explicitly.png,explicitly_word_en.mp3,explicitly_meaning_ko.mp3,explicitly_example_en.mp3,explicitly_example_ko.mp3,고급,4
exploitation,착취,,그 회사는 노동자 착취로 비판을 받았다.,The company was criticized for the exploitation of workers.,exploitation.png,exploitation_word_en.mp3,exploitation_meaning_ko.mp3,exploitation_example_en.mp3,exploitation_example_ko.mp3,고급,4
explosive,폭발적인,,그 선수는 폭발적인 속도로 달렸다.,The athlete ran with explosive speed.,explosive.png,explosive_word_en.mp3,explosive_meaning_ko.mp3,explosive_example_en.mp3,explosive_example_ko.mp3,고급,4
extremist,극단주의자,,경찰은 그를 위험한 극단주의자로 보았다.,The police saw him as a dangerous extremist.,extremist.png,extremist_word_en.mp3,extremist_meaning_ko.mp3,extremist_example_en.mp3,extremist_example_ko.mp3,고급,4
facilitate,용이하게 하다,,새로운 앱은 온라인 결제를 용이하게 한다.,The new app facilitates online payments.,facilitate.png,facilitate_word_en.mp3,facilitate_meaning_ko.mp3,facilitate_example_en.mp3,facilitate_example_ko.mp3,고급,4
faction,파벌,,당 안의 두 파벌이 서로 다른 의견을 냈다.,Two factions within the party expressed different opinions.,faction.png,faction_word_en.mp3,faction_meaning_ko.mp3,faction_example_en.mp3,faction_example_ko.mp3,고급,4
faculty,학부,,그는 공과대학 학부에 입학했다.,He entered the faculty of engineering.,faculty.png,faculty_word_en.mp3,faculty_meaning_ko.mp3,faculty_example_en.mp3,faculty_example_ko.mp3,고급,4
fade,희미해지다,,오래된 사진의 색이 점점 희미해졌다.,The colors of the old photo gradually faded.,fade.png,fade_word_en.mp3,fade_meaning_ko.mp3,fade_example_en.mp3,fade_example_ko.mp3,고급,4
fairness,공정성,,심판은 경기의 공정성을 지켜야 한다.,The referee must maintain the fairness of the game.,fairness.png,fairness_word_en.mp3,fairness_meaning_ko.mp3,fairness_example_en.mp3,fairness_example_ko.mp3,고급,4
fatal,치명적인,,작은 실수가 치명적인 결과를 가져왔다.,A small mistake brought a fatal result.,fatal.png,fatal_word_en.mp3,fatal_meaning_ko.mp3,fatal_example_en.mp3,fatal_example_ko.mp3,위기탈출,3
fate,운명,,그들은 운명을 받아들이기로 했다.,They decided to accept their fate.,fate.png,fate_word_en.mp3,fate_meaning_ko.mp3,fate_example_en.mp3,fate_example_ko.mp3,고급,4
favourable,유리한,,우리 팀에게 유리한 조건이 만들어졌다.,Favorable conditions were created for our team.,favourable.png,favourable_word_en.mp3,favourable_meaning_ko.mp3,favourable_example_en.mp3,favourable_example_ko.mp3,고급,4
feat,위업,,그의 우승은 모두가 인정한 위업이었다.,His victory was a feat that everyone recognized.,feat.png,feat_word_en.mp3,feat_meaning_ko.mp3,feat_example_en.mp3,feat_example_ko.mp3,고급,4
feminist,페미니스트,,그 작가는 자신을 페미니스트라고 소개했다.,The writer introduced herself as a feminist.,feminist.png,feminist_word_en.mp3,feminist_meaning_ko.mp3,feminist_example_en.mp3,feminist_example_ko.mp3,고급,4
fibre,섬유,,이 옷은 자연 섬유로 만들어졌다.,This clothing was made from natural fibre.,fibre.png,fibre_word_en.mp3,fibre_meaning_ko.mp3,fibre_example_en.mp3,fibre_example_ko.mp3,고급,4
fierce,사나운,,사나운 개가 문 앞에서 짖고 있었다.,A fierce dog was barking in front of the door.,fierce.png,fierce_word_en.mp3,fierce_meaning_ko.mp3,fierce_example_en.mp3,fierce_example_ko.mp3,고급,4
film-maker,영화 제작자,,그 영화 제작자는 새로운 다큐멘터리를 만들고 있다.,The film-maker is making a new documentary.,film-maker.png,film-maker_word_en.mp3,film-maker_meaning_ko.mp3,film-maker_example_en.mp3,film-maker_example_ko.mp3,고급,4
filter,필터,,정수기의 필터를 새것으로 바꿨다.,I changed the water purifier's filter to a new one.,filter.png,filter_word_en.mp3,filter_meaning_ko.mp3,filter_example_en.mp3,filter_example_ko.mp3,고급,4
firearm,총기류,,그 지역에서는 총기류 소지가 엄격히 금지되어 있다.,Possession of firearms is strictly prohibited in that area.,firearm.png,firearm_word_en.mp3,firearm_meaning_ko.mp3,firearm_example_en.mp3,firearm_example_ko.mp3,고급,4
fixture,설비,,욕실의 오래된 설비를 교체했다.,We replaced the old fixtures in the bathroom.,fixture.png,fixture_word_en.mp3,fixture_meaning_ko.mp3,fixture_example_en.mp3,fixture_example_ko.mp3,고급,4
flaw,결함,,이 계획에는 큰 결함이 있다.,There is a major flaw in this plan.,flaw.png,flaw_word_en.mp3,flaw_meaning_ko.mp3,flaw_example_en.mp3,flaw_example_ko.mp3,고급,4
flawed,결점이 있는,,그 보고서는 결점이 있는 자료를 바탕으로 작성되었다.,The report was written based on flawed data.,flawed.png,flawed_word_en.mp3,flawed_meaning_ko.mp3,flawed_example_en.mp3,flawed_example_ko.mp3,고급,4
flee,도망치다,,사람들은 불을 피해 건물 밖으로 도망쳤다.,People fled out of the building to escape the fire.,flee.png,flee_word_en.mp3,flee_meaning_ko.mp3,flee_example_en.mp3,flee_example_ko.mp3,고급,4
fleet,함대,,그 나라의 함대가 항구에 도착했다.,The country's fleet arrived at the port.,fleet.png,fleet_word_en.mp3,fleet_meaning_ko.mp3,fleet_example_en.mp3,fleet_example_ko.mp3,고급,4
flesh,살,,그는 손가락의 살을 조금 베었다.,He cut a little flesh on his finger.,flesh.png,flesh_word_en.mp3,flesh_meaning_ko.mp3,flesh_example_en.mp3,flesh_example_ko.mp3,고급,4
flexibility,융통성,,이 회사는 근무 시간에 융통성이 있다.,This company has flexibility in working hours.,flexibility.png,flexibility_word_en.mp3,flexibility_meaning_ko.mp3,flexibility_example_en.mp3,flexibility_example_ko.mp3,고급,4
flourish,번창하다,,그 작은 마을은 관광업으로 번창했다.,The small town flourished through tourism.,flourish.png,flourish_word_en.mp3,flourish_meaning_ko.mp3,flourish_example_en.mp3,flourish_example_ko.mp3,고급,4
fluid,액체,,의사는 몸에 액체를 충분히 섭취하라고 말했다.,The doctor told me to take in enough fluids.,fluid.png,fluid_word_en.mp3,fluid_meaning_ko.mp3,fluid_example_en.mp3,fluid_example_ko.mp3,고급,4
footage,장면,,뉴스에서 사고 당시의 장면을 보여 주었다.,The news showed footage from the time of the accident.,footage.png,footage_word_en.mp3,footage_meaning_ko.mp3,footage_example_en.mp3,footage_example_ko.mp3,고급,4
foreigner,외국인,,그 외국인은 한국어를 아주 잘한다.,The foreigner speaks Korean very well.,foreigner.png,foreigner_word_en.mp3,foreigner_meaning_ko.mp3,foreigner_example_en.mp3,foreigner_example_ko.mp3,고급,4
forge,위조하다,,그는 친구의 서명을 위조했다.,He forged his friend's signature.,forge.png,forge_word_en.mp3,forge_meaning_ko.mp3,forge_example_en.mp3,forge_example_ko.mp3,고급,4
formula,공식,,학생들은 수학 공식을 외웠다.,The students memorized the math formula.,formula.png,formula_word_en.mp3,formula_meaning_ko.mp3,formula_example_en.mp3,formula_example_ko.mp3,고급,4
formulate,고안하다,,연구팀은 새로운 해결책을 고안했다.,The research team formulated a new solution.,formulate.png,formulate_word_en.mp3,formulate_meaning_ko.mp3,formulate_example_en.mp3,formulate_example_ko.mp3,고급,4
forth,앞으로,,그는 한 걸음 앞으로 나아갔다.,He stepped forth one step.,forth.png,forth_word_en.mp3,forth_meaning_ko.mp3,forth_example_en.mp3,forth_example_ko.mp3,고급,4
forthcoming,다가오는,,다가오는 회의에서 이 문제를 논의할 것이다.,We will discuss this issue at the forthcoming meeting.,forthcoming.png,forthcoming_word_en.mp3,forthcoming_meaning_ko.mp3,forthcoming_example_en.mp3,forthcoming_example_ko.mp3,고급,4
foster,촉진하다,,학교는 학생들의 창의력을 촉진하려고 노력한다.,The school tries to foster students' creativity.,foster.png,foster_word_en.mp3,foster_meaning_ko.mp3,foster_example_en.mp3,foster_example_ko.mp3,고급,4
fragile,깨지기 쉬운,,이 유리컵은 깨지기 쉬우니 조심하세요.,"This glass is fragile, so please be careful.",fragile.png,fragile_word_en.mp3,fragile_meaning_ko.mp3,fragile_example_en.mp3,fragile_example_ko.mp3,고급,4
franchise,프랜차이즈,,그는 유명 커피 프랜차이즈 매장을 열었다.,He opened a famous coffee franchise store.,franchise.png,franchise_word_en.mp3,franchise_meaning_ko.mp3,franchise_example_en.mp3,franchise_example_ko.mp3,고급,4
frankly,솔직히,,솔직히 말해서 나는 그 계획에 반대한다.,"Frankly speaking, I oppose that plan.",frankly.png,frankly_word_en.mp3,frankly_meaning_ko.mp3,frankly_example_en.mp3,frankly_example_ko.mp3,고급,4
frustrated,좌절한,,시험에 떨어진 그는 매우 좌절했다.,He was very frustrated after failing the exam.,frustrated.png,frustrated_word_en.mp3,frustrated_meaning_ko.mp3,frustrated_example_en.mp3,frustrated_example_ko.mp3,고급,4
frustrating,몹시 짜증나는,,컴퓨터가 계속 멈춰서 몹시 짜증났다.,It was frustrating because the computer kept freezing.,frustrating.png,frustrating_word_en.mp3,frustrating_meaning_ko.mp3,frustrating_example_en.mp3,frustrating_example_ko.mp3,고급,4
frustration,좌절,,그는 계속되는 실패로 좌절을 느꼈다.,He felt frustration from repeated failures.,frustration.png,frustration_word_en.mp3,frustration_meaning_ko.mp3,frustration_example_en.mp3,frustration_example_ko.mp3,고급,4
functional,기능적인,,이 가방은 작지만 매우 기능적이다.,This bag is small but very functional.,functional.png,functional_word_en.mp3,functional_meaning_ko.mp3,functional_example_en.mp3,functional_example_ko.mp3,고급,4
fundraising,모금,,학생들은 병원을 돕기 위해 모금 활동을 했다.,The students held a fundraising event to help the hospital.,fundraising.png,fundraising_word_en.mp3,fundraising_meaning_ko.mp3,fundraising_example_en.mp3,fundraising_example_ko.mp3,고급,4
funeral,장례식,,많은 사람들이 그의 장례식에 참석했다.,Many people attended his funeral.,funeral.png,funeral_word_en.mp3,funeral_meaning_ko.mp3,funeral_example_en.mp3,funeral_example_ko.mp3,고급,4
gallon,갤런,,그 차는 한 갤런으로 오래 달릴 수 있다.,That car can drive a long distance on one gallon.,gallon.png,gallon_word_en.mp3,gallon_meaning_ko.mp3,gallon_example_en.mp3,gallon_example_ko.mp3,고급,4
gambling,도박,,그는 도박 때문에 많은 돈을 잃었다.,He lost a lot of money because of gambling.,gambling.png,gambling_word_en.mp3,gambling_meaning_ko.mp3,gambling_example_en.mp3,gambling_example_ko.mp3,고급,4
gathering,모임,,이번 주말에 가족 모임이 있다.,There is a family gathering this weekend.,gathering.png,gathering_word_en.mp3,gathering_meaning_ko.mp3,gathering_example_en.mp3,gathering_example_ko.mp3,고급,4
gaze,응시,,그녀의 응시는 매우 진지했다.,Her gaze was very serious.,gaze.png,gaze_word_en.mp3,gaze_meaning_ko.mp3,gaze_example_en.mp3,gaze_example_ko.mp3,고급,4
gear,장비,,등산 전에 필요한 장비를 모두 챙겼다.,I packed all the necessary gear before hiking.,gear.png,gear_word_en.mp3,gear_meaning_ko.mp3,gear_example_en.mp3,gear_example_ko.mp3,고급,4
generic,일반적인,,이것은 특별한 제품명이 아니라 일반적인 이름이다.,This is not a special product name but a generic name.,generic.png,generic_word_en.mp3,generic_meaning_ko.mp3,generic_example_en.mp3,generic_example_ko.mp3,고급,4
genocide,대량 학살,,그 나라는 대량 학살의 역사를 기억한다.,The country remembers the history of genocide.,genocide.png,genocide_word_en.mp3,genocide_meaning_ko.mp3,genocide_example_en.mp3,genocide_example_ko.mp3,고급,4
glance,힐끗 봄,,그는 시계를 힐끗 보았다.,He glanced at the clock.,glance.png,glance_word_en.mp3,glance_meaning_ko.mp3,glance_example_en.mp3,glance_example_ko.mp3,고급,4
glimpse,얼핏 봄,,나는 창문 사이로 바다를 얼핏 보았다.,I caught a glimpse of the sea through the window.,glimpse.png,glimpse_word_en.mp3,glimpse_meaning_ko.mp3,glimpse_example_en.mp3,glimpse_example_ko.mp3,고급,4
glorious,영광스러운,,그들은 영광스러운 승리를 기념했다.,They celebrated a glorious victory.,glorious.png,glorious_word_en.mp3,glorious_meaning_ko.mp3,glorious_example_en.mp3,glorious_example_ko.mp3,고급,4
glory,영광,,그 선수는 나라에 큰 영광을 안겼다.,The athlete brought great glory to the country.,glory.png,glory_word_en.mp3,glory_meaning_ko.mp3,glory_example_en.mp3,glory_example_ko.mp3,고급,4
governance,통치,,그 왕의 통치는 오랫동안 계속되었다.,The king's governance continued for a long time.,governance.png,governance_word_en.mp3,governance_meaning_ko.mp3,governance_example_en.mp3,governance_example_ko.mp3,고급,4
grace,우아함,,그 무용수는 우아함이 돋보였다.,The dancer stood out for her grace.,grace.png,grace_word_en.mp3,grace_meaning_ko.mp3,grace_example_en.mp3,grace_example_ko.mp3,고급,4
grasp,이해하다,,학생들은 선생님의 설명을 쉽게 이해했다.,The students easily grasped the teacher's explanation.,grasp.png,grasp_word_en.mp3,grasp_meaning_ko.mp3,grasp_example_en.mp3,grasp_example_ko.mp3,고급,4
grave,무덤,,우리는 할아버지의 무덤에 꽃을 놓았다.,We placed flowers on my grandfather's grave.,grave.png,grave_word_en.mp3,grave_meaning_ko.mp3,grave_example_en.mp3,grave_example_ko.mp3,고급,4
gravity,중력,,중력 때문에 물건은 아래로 떨어진다.,Objects fall downward because of gravity.,gravity.png,gravity_word_en.mp3,gravity_meaning_ko.mp3,gravity_example_en.mp3,gravity_example_ko.mp3,고급,4
grid,격자,,공책에 격자 모양의 선이 그려져 있다.,Grid-shaped lines are drawn in the notebook.,grid.png,grid_word_en.mp3,grid_meaning_ko.mp3,grid_example_en.mp3,grid_example_ko.mp3,고급,4
grief,슬픔,,그는 친구를 잃은 슬픔에 잠겼다.,He was filled with grief after losing his friend.,grief.png,grief_word_en.mp3,grief_meaning_ko.mp3,grief_example_en.mp3,grief_example_ko.mp3,고급,4
grin,싱긋 웃다,,아이는 선물을 보고 싱긋 웃었다.,The child grinned when he saw the gift.,grin.png,grin_word_en.mp3,grin_meaning_ko.mp3,grin_example_en.mp3,grin_example_ko.mp3,고급,4
grind,갈다,,엄마는 커피 원두를 곱게 갈았다.,Mom ground the coffee beans finely.,grind.png,grind_word_en.mp3,grind_meaning_ko.mp3,grind_example_en.mp3,grind_example_ko.mp3,고급,4
grip,잡다,,그는 버스에서 손잡이를 꽉 잡았다.,He gripped the handle tightly on the bus.,,grip_word_en.mp3,grip_meaning_ko.mp3,grip_example_en.mp3,grip_example_ko.mp3,고급,4
gross,총,,이번 달 총 매출은 천만 원이다.,This month's gross sales are ten million won.,gross.png,gross_word_en.mp3,gross_meaning_ko.mp3,gross_example_en.mp3,gross_example_ko.mp3,고급,4
guerrilla,게릴라,,게릴라 부대는 숲속에 숨어 있었다.,The guerrilla unit was hiding in the forest.,guerrilla.png,guerrilla_word_en.mp3,guerrilla_meaning_ko.mp3,guerrilla_example_en.mp3,guerrilla_example_ko.mp3,고급,4
guidance,안내,,공항 직원의 안내를 따라가세요.,Please follow the airport staff's guidance.,guidance.png,guidance_word_en.mp3,guidance_meaning_ko.mp3,guidance_example_en.mp3,guidance_example_ko.mp3,고급,4
guilt,죄책감,,그는 거짓말을 한 뒤 죄책감을 느꼈다.,He felt guilt after telling a lie.,guilt.png,guilt_word_en.mp3,guilt_meaning_ko.mp3,guilt_example_en.mp3,guilt_example_ko.mp3,고급,4
gut,내장,,요리사는 생선의 내장을 조심스럽게 제거했다.,The cook carefully removed the fish's guts.,gut.png,gut_word_en.mp3,gut_meaning_ko.mp3,gut_example_en.mp3,gut_example_ko.mp3,고급,4
hail,우박,,갑자기 하늘에서 우박이 떨어졌다.,Hail suddenly fell from the sky.,hail.png,hail_word_en.mp3,hail_meaning_ko.mp3,hail_example_en.mp3,hail_example_ko.mp3,고급,4
halfway,중간에서,,우리는 산길 중간에서 잠시 쉬었다.,We rested for a while halfway along the mountain path.,halfway.png,halfway_word_en.mp3,halfway_meaning_ko.mp3,halfway_example_en.mp3,halfway_example_ko.mp3,고급,4
halt,멈추다,,차가 신호등 앞에서 멈췄다.,The car halted in front of the traffic light.,halt.png,halt_word_en.mp3,halt_meaning_ko.mp3,halt_example_en.mp3,halt_example_ko.mp3,고급,4
handful,한 줌,,그녀는 견과류 한 줌을 먹었다.,She ate a handful of nuts.,handful.png,handful_word_en.mp3,handful_meaning_ko.mp3,handful_example_en.mp3,handful_example_ko.mp3,고급,4
handling,처리,,고객 불만 처리는 신중해야 한다.,The handling of customer complaints must be careful.,handling.png,handling_word_en.mp3,handling_meaning_ko.mp3,handling_example_en.mp3,handling_example_ko.mp3,고급,4
handy,편리한,,이 작은 칼은 여행할 때 편리한 도구이다.,This small knife is a handy tool when traveling.,handy.png,handy_word_en.mp3,handy_meaning_ko.mp3,handy_example_en.mp3,handy_example_ko.mp3,고급,4
harassment,괴롭힘,,학교는 괴롭힘을 막기 위해 새 규칙을 만들었다.,The school made new rules to prevent harassment.,harassment.png,harassment_word_en.mp3,harassment_meaning_ko.mp3,harassment_example_en.mp3,harassment_example_ko.mp3,고급,4
hardware,하드웨어,,컴퓨터 하드웨어가 오래되어 교체해야 한다.,The computer hardware is old and needs to be replaced.,hardware.png,hardware_word_en.mp3,hardware_meaning_ko.mp3,hardware_example_en.mp3,hardware_example_ko.mp3,고급,4
harmony,조화,,두 색이 잘 어울려 조화를 이룬다.,The two colors go well together and create harmony.,harmony.png,harmony_word_en.mp3,harmony_meaning_ko.mp3,harmony_example_en.mp3,harmony_example_ko.mp3,고급,4
harsh,가혹한,,그 선수는 가혹한 훈련을 견뎌 냈다.,The athlete endured harsh training.,,harsh_word_en.mp3,harsh_meaning_ko.mp3,harsh_example_en.mp3,harsh_example_ko.mp3,고급,4
harvest,수확,,올해 사과 수확이 아주 좋았다.,This year's apple harvest was very good.,harvest.png,harvest_word_en.mp3,harvest_meaning_ko.mp3,harvest_example_en.mp3,harvest_example_ko.mp3,고급,4
hatred,증오,,그의 마음에는 깊은 증오가 남아 있었다.,Deep hatred remained in his heart.,hatred.png,hatred_word_en.mp3,hatred_meaning_ko.mp3,hatred_example_en.mp3,hatred_example_ko.mp3,고급,4
haunt,출몰하다,,사람들은 그 집에 유령이 출몰한다고 믿었다.,People believed that ghosts haunted that house.,haunt.png,haunt_word_en.mp3,haunt_meaning_ko.mp3,haunt_example_en.mp3,haunt_example_ko.mp3,고급,4
hazard,위험,,젖은 바닥은 큰 위험이 될 수 있다.,A wet floor can be a serious hazard.,hazard.png,hazard_word_en.mp3,hazard_meaning_ko.mp3,hazard_example_en.mp3,hazard_example_ko.mp3,위기탈출,3
heighten,강화하다,,운동은 몸의 면역력을 강화한다.,Exercise heightens the body's immunity.,heighten.png,heighten_word_en.mp3,heighten_meaning_ko.mp3,heighten_example_en.mp3,heighten_example_ko.mp3,고급,4
heritage,유산,,경주는 한국의 중요한 문화유산이 많은 도시이다.,Gyeongju is a city with many important cultural heritages of Korea.,heritage.png,heritage_word_en.mp3,heritage_meaning_ko.mp3,heritage_example_en.mp3,heritage_example_ko.mp3,고급,4
hierarchy,계층,,회사에는 직급에 따른 계층이 있다.,There is a hierarchy based on job ranks in the company.,hierarchy.png,hierarchy_word_en.mp3,hierarchy_meaning_ko.mp3,hierarchy_example_en.mp3,hierarchy_example_ko.mp3,고급,4
high-profile,세간의 이목을 모으는,,그 배우의 결혼식은 세간의 이목을 모으는 행사였다.,The actor's wedding was a high-profile event.,high-profile.png,high-profile_word_en.mp3,high-profile_meaning_ko.mp3,high-profile_example_en.mp3,high-profile_example_ko.mp3,고급,4
hint,힌트,,선생님은 문제를 풀 수 있도록 힌트를 주셨다.,The teacher gave us a hint so we could solve the problem.,hint.png,hint_word_en.mp3,hint_meaning_ko.mp3,hint_example_en.mp3,hint_example_ko.mp3,고급,4
homeland,조국,,그는 오랜 해외 생활 후 조국으로 돌아왔다.,He returned to his homeland after living abroad for a long time.,homeland.png,homeland_word_en.mp3,homeland_meaning_ko.mp3,homeland_example_en.mp3,homeland_example_ko.mp3,고급,4
hopeful,희망적인,,의사의 말은 우리에게 희망적인 소식이었다.,The doctor's words were hopeful news for us.,hopeful.png,hopeful_word_en.mp3,hopeful_meaning_ko.mp3,hopeful_example_en.mp3,hopeful_example_ko.mp3,고급,4
horizon,지평선,,해가 지평선 아래로 천천히 내려갔다.,The sun slowly went down below the horizon.,horizon.png,horizon_word_en.mp3,horizon_meaning_ko.mp3,horizon_example_en.mp3,horizon_example_ko.mp3,고급,4
horn,뿔,,소의 뿔이 매우 길었다.,The cow's horns were very long.,horn.png,horn_word_en.mp3,horn_meaning_ko.mp3,horn_example_en.mp3,horn_example_ko.mp3,고급,4
hostage,인질,,경찰은 인질을 안전하게 구출했다.,The police rescued the hostage safely.,hostage.png,hostage_word_en.mp3,hostage_meaning_ko.mp3,hostage_example_en.mp3,hostage_example_ko.mp3,고급,4
hostile,적대적인,,그는 처음 만난 사람에게도 적대적인 태도를 보였다.,He showed a hostile attitude even toward someone he had just met.,hostile.png,hostile_word_en.mp3,hostile_meaning_ko.mp3,hostile_example_en.mp3,hostile_example_ko.mp3,고급,4
hostility,적개심,,두 사람 사이에는 아직 적개심이 남아 있다.,Hostility still remains between the two people.,hostility.png,hostility_word_en.mp3,hostility_meaning_ko.mp3,hostility_example_en.mp3,hostility_example_ko.mp3,고급,4
humanitarian,인도주의적인,,그 단체는 난민을 돕는 인도주의적인 활동을 한다.,The organization carries out humanitarian activities to help refugees.,humanitarian.png,humanitarian_word_en.mp3,humanitarian_meaning_ko.mp3,humanitarian_example_en.mp3,humanitarian_example_ko.mp3,고급,4
humanity,인류,,기후 변화는 인류가 함께 해결해야 할 문제이다.,Climate change is a problem that humanity must solve together.,humanity.png,humanity_word_en.mp3,humanity_meaning_ko.mp3,humanity_example_en.mp3,humanity_example_ko.mp3,고급,4
humble,겸손한,,그는 성공한 후에도 항상 겸손한 태도를 유지했다.,He remained humble even after becoming successful.,humble.png,humble_word_en.mp3,humble_meaning_ko.mp3,humble_example_en.mp3,humble_example_ko.mp3,고급,4
hydrogen,수소,,수소는 가장 가벼운 원소이다.,Hydrogen is the lightest element.,hydrogen.png,hydrogen_word_en.mp3,hydrogen_meaning_ko.mp3,hydrogen_example_en.mp3,hydrogen_example_ko.mp3,고급,4
identification,신분증,,입장하려면 신분증을 보여 주세요.,Please show your identification to enter.,identification.png,identification_word_en.mp3,identification_meaning_ko.mp3,identification_example_en.mp3,identification_example_ko.mp3,고급,4
ideological,이념적인,,두 정당은 이념적인 차이 때문에 자주 다툰다.,The two parties often argue because of ideological differences.,ideological.png,ideological_word_en.mp3,ideological_meaning_ko.mp3,ideological_example_en.mp3,ideological_example_ko.mp3,고급,4
ideology,이데올로기,,그 작가는 자신의 이데올로기를 작품에 담았다.,The writer included his ideology in his work.,ideology.png,ideology_word_en.mp3,ideology_meaning_ko.mp3,ideology_example_en.mp3,ideology_example_ko.mp3,고급,4
idiot,바보,,그는 실수한 자신을 바보라고 생각했다.,He thought of himself as an idiot for making a mistake.,idiot.png,idiot_word_en.mp3,idiot_meaning_ko.mp3,idiot_example_en.mp3,idiot_example_ko.mp3,고급,4
ignorance,무지,,무지는 때때로 큰 문제를 만든다.,Ignorance sometimes creates big problems.,ignorance.png,ignorance_word_en.mp3,ignorance_meaning_ko.mp3,ignorance_example_en.mp3,ignorance_example_ko.mp3,고급,4
imagery,이미지,,그 시에는 바다의 이미지가 자주 나온다.,Imagery of the sea often appears in that poem.,imagery.png,imagery_word_en.mp3,imagery_meaning_ko.mp3,imagery_example_en.mp3,imagery_example_ko.mp3,고급,4
immense,거대한,,그들은 거대한 바위 앞에서 사진을 찍었다.,They took a picture in front of an immense rock.,immense.png,immense_word_en.mp3,immense_meaning_ko.mp3,immense_example_en.mp3,immense_example_ko.mp3,고급,4
imminent,임박한,,태풍이 임박한 상황이라 모두 조심해야 한다.,Everyone must be careful because a typhoon is imminent.,imminent.png,imminent_word_en.mp3,imminent_meaning_ko.mp3,imminent_example_en.mp3,imminent_example_ko.mp3,고급,4
implementation,실행,,새 계획의 실행은 다음 달에 시작된다.,The implementation of the new plan will begin next month.,implementation.png,implementation_word_en.mp3,implementation_meaning_ko.mp3,implementation_example_en.mp3,implementation_example_ko.mp3,고급,4
imprison,수감하다,,법원은 그 범죄자를 5년 동안 수감하기로 했다.,The court decided to imprison the criminal for five years.,imprison.png,imprison_word_en.mp3,imprison_meaning_ko.mp3,imprison_example_en.mp3,imprison_example_ko.mp3,고급,4
imprisonment,투옥,,그는 긴 투옥 생활 후에 자유를 얻었다.,He gained freedom after a long imprisonment.,imprisonment.png,imprisonment_word_en.mp3,imprisonment_meaning_ko.mp3,imprisonment_example_en.mp3,imprisonment_example_ko.mp3,고급,4
inability,무능,,그의 무능은 팀 전체에 문제를 일으켰다.,His inability caused problems for the whole team.,inability.png,inability_word_en.mp3,inability_meaning_ko.mp3,inability_example_en.mp3,inability_example_ko.mp3,고급,4
inadequate,불충분한,,이 보고서에는 정보가 불충분한 부분이 많다.,This report has many parts with inadequate information.,inadequate.png,inadequate_word_en.mp3,inadequate_meaning_ko.mp3,inadequate_example_en.mp3,inadequate_example_ko.mp3,고급,4
inappropriate,부적절한,,회의 중에 큰 소리로 웃는 것은 부적절한 행동이다.,Laughing loudly during a meeting is inappropriate behavior.,inappropriate.png,inappropriate_word_en.mp3,inappropriate_meaning_ko.mp3,inappropriate_example_en.mp3,inappropriate_example_ko.mp3,고급,4
incidence,발생률,,겨울에는 독감 발생률이 높아진다.,The incidence of the flu increases in winter.,incidence.png,incidence_word_en.mp3,incidence_meaning_ko.mp3,incidence_example_en.mp3,incidence_example_ko.mp3,고급,4
inclined,경향이 있는,,그는 스트레스를 받으면 단것을 먹는 경향이 있다.,He is inclined to eat sweets when he is stressed.,inclined.png,inclined_word_en.mp3,inclined_meaning_ko.mp3,inclined_example_en.mp3,inclined_example_ko.mp3,고급,4
inclusion,포함,,이 가격에는 아침 식사 포함이 되어 있습니다.,This price includes breakfast.,inclusion.png,inclusion_word_en.mp3,inclusion_meaning_ko.mp3,inclusion_example_en.mp3,inclusion_example_ko.mp3,고급,4
incur,초래하다,,부주의한 운전은 큰 사고를 초래할 수 있다.,Careless driving can incur a serious accident.,incur.png,incur_word_en.mp3,incur_meaning_ko.mp3,incur_example_en.mp3,incur_example_ko.mp3,고급,4
indicator,지표,,실업률은 경제 상태를 보여 주는 중요한 지표다.,The unemployment rate is an important indicator of the state of the economy.,indicator.png,indicator_word_en.mp3,indicator_meaning_ko.mp3,indicator_example_en.mp3,indicator_example_ko.mp3,고급,4
indictment,기소,,검찰의 기소 후 재판이 시작되었다.,The trial began after the prosecution's indictment.,indictment.png,indictment_word_en.mp3,indictment_meaning_ko.mp3,indictment_example_en.mp3,indictment_example_ko.mp3,고급,4
indigenous,토착의,,이 박물관에는 토착의 문화 자료가 많다.,This museum has many materials on indigenous culture.,indigenous.png,indigenous_word_en.mp3,indigenous_meaning_ko.mp3,indigenous_example_en.mp3,indigenous_example_ko.mp3,고급,4
induce,유도하다,,선생님은 질문으로 학생들의 대답을 유도했다.,The teacher induced the students' answers with questions.,induce.png,induce_word_en.mp3,induce_meaning_ko.mp3,induce_example_en.mp3,induce_example_ko.mp3,고급,4
indulge,마음껏 즐기다,,주말에는 좋아하는 영화를 마음껏 즐겼다.,"On the weekend, I indulged in my favorite movies.",indulge.png,indulge_word_en.mp3,indulge_meaning_ko.mp3,indulge_example_en.mp3,indulge_example_ko.mp3,고급,4
inequality,불평등,,교육의 불평등을 줄여야 한다.,We must reduce inequality in education.,inequality.png,inequality_word_en.mp3,inequality_meaning_ko.mp3,inequality_example_en.mp3,inequality_example_ko.mp3,고급,4
infamous,악명 높은,,그 도시는 악명 높은 교통 체증으로 유명하다.,That city is famous for its infamous traffic jams.,infamous.png,infamous_word_en.mp3,infamous_meaning_ko.mp3,infamous_example_en.mp3,infamous_example_ko.mp3,고급,4
infant,유아,,유아는 충분한 잠이 필요하다.,An infant needs enough sleep.,infant.png,infant_word_en.mp3,infant_meaning_ko.mp3,infant_example_en.mp3,infant_example_ko.mp3,고급,4
infect,감염시키다,,바이러스는 많은 사람을 감염시킬 수 있다.,A virus can infect many people.,infect.png,infect_word_en.mp3,infect_meaning_ko.mp3,infect_example_en.mp3,infect_example_ko.mp3,위기탈출,3
inflict,가하다,,그는 상대에게 심한 고통을 가했다.,He inflicted severe pain on his opponent.,inflict.png,inflict_word_en.mp3,inflict_meaning_ko.mp3,inflict_example_en.mp3,inflict_example_ko.mp3,고급,4
influential,영향력 있는,,그녀는 환경 운동에서 영향력 있는 인물이다.,She is an influential figure in the environmental movement.,influential.png,influential_word_en.mp3,influential_meaning_ko.mp3,influential_example_en.mp3,influential_example_ko.mp3,고급,4
inherent,고유의,,모든 문화에는 고유의 아름다움이 있다.,Every culture has its own inherent beauty.,inherent.png,inherent_word_en.mp3,inherent_meaning_ko.mp3,inherent_example_en.mp3,inherent_example_ko.mp3,고급,4
inhibit,억제하다,,이 약은 통증을 억제하는 데 도움이 된다.,This medicine helps inhibit pain.,inhibit.png,inhibit_word_en.mp3,inhibit_meaning_ko.mp3,inhibit_example_en.mp3,inhibit_example_ko.mp3,고급,4
initiate,시작하다,,회사는 새 프로젝트를 시작했다.,The company initiated a new project.,initiate.png,initiate_word_en.mp3,initiate_meaning_ko.mp3,initiate_example_en.mp3,initiate_example_ko.mp3,고급,4
inject,주사하다,,간호사가 환자에게 백신을 주사했다.,The nurse injected the vaccine into the patient.,inject.png,inject_word_en.mp3,inject_meaning_ko.mp3,inject_example_en.mp3,inject_example_ko.mp3,고급,4
injection,주사,,아이는 주사를 맞기 전에 조금 울었다.,The child cried a little before getting an injection.,injection.png,injection_word_en.mp3,injection_meaning_ko.mp3,injection_example_en.mp3,injection_example_ko.mp3,고급,4
injustice,불공평,,그는 사회의 불공평에 맞서 싸웠다.,He fought against injustice in society.,injustice.png,injustice_word_en.mp3,injustice_meaning_ko.mp3,injustice_example_en.mp3,injustice_example_ko.mp3,고급,4
inmate,수감자,,그 수감자는 도서관에서 책을 빌렸다.,The inmate borrowed a book from the library.,inmate.png,inmate_word_en.mp3,inmate_meaning_ko.mp3,inmate_example_en.mp3,inmate_example_ko.mp3,고급,4
insertion,삽입,,문서에 그림 삽입이 필요합니다.,The insertion of an image is needed in the document.,insertion.png,insertion_word_en.mp3,insertion_meaning_ko.mp3,insertion_example_en.mp3,insertion_example_ko.mp3,고급,4
insider,내부인,,그 정보는 회사 내부인만 알고 있었다.,Only company insiders knew that information.,insider.png,insider_word_en.mp3,insider_meaning_ko.mp3,insider_example_en.mp3,insider_example_ko.mp3,고급,4
inspect,검사하다,,기술자가 기계를 꼼꼼히 검사했다.,The technician carefully inspected the machine.,inspect.png,inspect_word_en.mp3,inspect_meaning_ko.mp3,inspect_example_en.mp3,inspect_example_ko.mp3,고급,4
inspection,검사,,정기 검사가 내일 있습니다.,The regular inspection is tomorrow.,inspection.png,inspection_word_en.mp3,inspection_meaning_ko.mp3,inspection_example_en.mp3,inspection_example_ko.mp3,고급,4
inspiration,영감,,여행은 내 그림에 큰 영감을 주었다.,The trip gave great inspiration to my painting.,inspiration.png,inspiration_word_en.mp3,inspiration_meaning_ko.mp3,inspiration_example_en.mp3,inspiration_example_ko.mp3,고급,4
instinct,본능,,새끼 고양이는 본능으로 엄마를 찾았다.,The kitten found its mother by instinct.,instinct.png,instinct_word_en.mp3,instinct_meaning_ko.mp3,instinct_example_en.mp3,instinct_example_ko.mp3,고급,4
institutional,제도적인,,이 문제는 제도적인 변화가 필요하다.,This problem requires institutional change.,institutional.png,institutional_word_en.mp3,institutional_meaning_ko.mp3,institutional_example_en.mp3,institutional_example_ko.mp3,고급,4
instruct,가르치다,,선생님은 학생들에게 안전하게 실험하는 법을 가르쳤다.,The teacher instructed the students on how to do the experiment safely.,instruct.png,instruct_word_en.mp3,instruct_meaning_ko.mp3,instruct_example_en.mp3,instruct_example_ko.mp3,고급,4
instrumental,도움이 되는,,그의 조언은 문제 해결에 큰 도움이 되었다.,His advice was instrumental in solving the problem.,instrumental.png,instrumental_word_en.mp3,instrumental_meaning_ko.mp3,instrumental_example_en.mp3,instrumental_example_ko.mp3,고급,4
insufficient,불충분한,,설명이 불충분해서 다시 물어보았다.,"The explanation was insufficient, so I asked again.",insufficient.png,insufficient_word_en.mp3,insufficient_meaning_ko.mp3,insufficient_example_en.mp3,insufficient_example_ko.mp3,고급,4
insult,모욕하다,,다른 사람을 모욕하면 안 된다.,You should not insult other people.,insult.png,insult_word_en.mp3,insult_meaning_ko.mp3,insult_example_en.mp3,insult_example_ko.mp3,고급,4
intact,손상되지 않은,,상자는 떨어졌지만 안의 물건은 손상되지 않았다.,"The box fell, but the items inside remained intact.",intact.png,intact_word_en.mp3,intact_meaning_ko.mp3,intact_example_en.mp3,intact_example_ko.mp3,고급,4
intake,섭취량,,하루 물 섭취량을 늘리려고 노력한다.,I try to increase my daily water intake.,intake.png,intake_word_en.mp3,intake_meaning_ko.mp3,intake_example_en.mp3,intake_example_ko.mp3,고급,4
integral,필수적인,,운동은 건강한 생활에 필수적인 부분이다.,Exercise is an integral part of a healthy life.,integral.png,integral_word_en.mp3,integral_meaning_ko.mp3,integral_example_en.mp3,integral_example_ko.mp3,고급,4
integrated,통합된,,학교는 통합된 학습 시스템을 사용한다.,The school uses an integrated learning system.,integrated.png,integrated_word_en.mp3,integrated_meaning_ko.mp3,integrated_example_en.mp3,integrated_example_ko.mp3,고급,4
integration,통합,,두 부서의 통합이 다음 달에 이루어진다.,The integration of the two departments will take place next month.,integration.png,integration_word_en.mp3,integration_meaning_ko.mp3,integration_example_en.mp3,integration_example_ko.mp3,고급,4
integrity,정직함,,정직함은 좋은 지도자의 중요한 자질이다.,Integrity is an important quality of a good leader.,integrity.png,integrity_word_en.mp3,integrity_meaning_ko.mp3,integrity_example_en.mp3,integrity_example_ko.mp3,고급,4
intensify,강화하다,,정부는 안전 규칙을 강화했다.,The government intensified the safety rules.,intensify.png,intensify_word_en.mp3,intensify_meaning_ko.mp3,intensify_example_en.mp3,intensify_example_ko.mp3,고급,4
intensity,강도,,운동 강도를 천천히 높이세요.,Increase the intensity of your exercise slowly.,intensity.png,intensity_word_en.mp3,intensity_meaning_ko.mp3,intensity_example_en.mp3,intensity_example_ko.mp3,고급,4
intensive,집중적인,,그는 시험 전에 집중적인 공부를 했다.,He did intensive studying before the exam.,intensive.png,intensive_word_en.mp3,intensive_meaning_ko.mp3,intensive_example_en.mp3,intensive_example_ko.mp3,고급,4
intent,의도,,나는 그녀를 화나게 할 의도가 없었다.,I had no intent to make her angry.,intent.png,intent_word_en.mp3,intent_meaning_ko.mp3,intent_example_en.mp3,intent_example_ko.mp3,고급,4
interactive,상호작용적인,,이 수업은 학생들이 많이 참여하는 상호작용적인 수업이다.,This class is an interactive class in which students participate a lot.,interactive.png,interactive_word_en.mp3,interactive_meaning_ko.mp3,interactive_example_en.mp3,interactive_example_ko.mp3,고급,4
interface,인터페이스,,이 앱의 인터페이스는 사용하기 쉽다.,The interface of this app is easy to use.,interface.png,interface_word_en.mp3,interface_meaning_ko.mp3,interface_example_en.mp3,interface_example_ko.mp3,고급,4
interfere,방해하다,,시끄러운 소리가 공부를 방해했다.,The loud noise interfered with my studying.,interfere.png,interfere_word_en.mp3,interfere_meaning_ko.mp3,interfere_example_en.mp3,interfere_example_ko.mp3,고급,4
interference,방해,,외부의 방해 없이 일하고 싶다.,I want to work without outside interference.,interference.png,interference_word_en.mp3,interference_meaning_ko.mp3,interference_example_en.mp3,interference_example_ko.mp3,고급,4
interim,임시의,,우리는 새 건물이 완성될 때까지 임시의 사무실을 사용했다.,We used an interim office until the new building was completed.,interim.png,interim_word_en.mp3,interim_meaning_ko.mp3,interim_example_en.mp3,interim_example_ko.mp3,고급,4
interior,내부,,집 내부는 생각보다 넓었다.,The interior of the house was larger than I expected.,interior.png,interior_word_en.mp3,interior_meaning_ko.mp3,interior_example_en.mp3,interior_example_ko.mp3,고급,4
intermediate,중간의,,이 과정은 초급과 고급 사이의 중간의 수준이다.,This course is at an intermediate level between beginner and advanced.,intermediate.png,intermediate_word_en.mp3,intermediate_meaning_ko.mp3,intermediate_example_en.mp3,intermediate_example_ko.mp3,고급,4
intervene,개입하다,,선생님은 학생들의 싸움에 개입했다.,The teacher intervened in the students' fight.,intervene.png,intervene_word_en.mp3,intervene_meaning_ko.mp3,intervene_example_en.mp3,intervene_example_ko.mp3,고급,4
intervention,개입,,빠른 개입 덕분에 문제가 커지지 않았다.,"Thanks to quick intervention, the problem did not get worse.",intervention.png,intervention_word_en.mp3,intervention_meaning_ko.mp3,intervention_example_en.mp3,intervention_example_ko.mp3,고급,4
intimate,친밀한,,두 친구는 아주 친밀한 관계다.,The two friends have a very intimate relationship.,intimate.png,intimate_word_en.mp3,intimate_meaning_ko.mp3,intimate_example_en.mp3,intimate_example_ko.mp3,고급,4
intriguing,흥미로운,,그 영화에는 흥미로운 결말이 있었다.,The movie had an intriguing ending.,intriguing.png,intriguing_word_en.mp3,intriguing_meaning_ko.mp3,intriguing_example_en.mp3,intriguing_example_ko.mp3,고급,4
investigator,조사관,,조사관은 사고 현장을 자세히 살폈다.,The investigator examined the accident scene carefully.,investigator.png,investigator_word_en.mp3,investigator_meaning_ko.mp3,investigator_example_en.mp3,investigator_example_ko.mp3,고급,4
invisible,보이지 않는,,공기처럼 보이지 않는 것도 중요하다.,"Things that are invisible, like air, are also important.",invisible.png,invisible_word_en.mp3,invisible_meaning_ko.mp3,invisible_example_en.mp3,invisible_example_ko.mp3,고급,4
invoke,불러일으키다,,그 노래는 어린 시절의 기억을 불러일으켰다.,That song invoked memories of childhood.,invoke.png,invoke_word_en.mp3,invoke_meaning_ko.mp3,invoke_example_en.mp3,invoke_example_ko.mp3,고급,4
involvement,관련,,경찰은 그의 사건 관련 여부를 조사했다.,The police investigated his involvement in the case.,involvement.png,involvement_word_en.mp3,involvement_meaning_ko.mp3,involvement_example_en.mp3,involvement_example_ko.mp3,고급,4
ironic,모순적인,,건강을 말하면서 담배를 피우는 것은 모순적인 행동이다.,Talking about health while smoking is ironic behavior.,ironic.png,ironic_word_en.mp3,ironic_meaning_ko.mp3,ironic_example_en.mp3,ironic_example_ko.mp3,고급,4
ironically,아이러니하게도,,"아이러니하게도, 우산을 산 날에는 비가 오지 않았다.","Ironically, it did not rain on the day I bought an umbrella.",ironically.png,ironically_word_en.mp3,ironically_meaning_ko.mp3,ironically_example_en.mp3,ironically_example_ko.mp3,고급,4
irony,아이러니,,가장 빠른 길이 가장 오래 걸린 것이 아이러니였다.,It was an irony that the fastest route took the longest time.,irony.png,irony_word_en.mp3,irony_meaning_ko.mp3,irony_example_en.mp3,irony_example_ko.mp3,고급,4
irrelevant,무관한,,그 질문은 오늘 주제와 무관한 내용이에요.,That question is irrelevant to today's topic.,irrelevant.png,irrelevant_word_en.mp3,irrelevant_meaning_ko.mp3,irrelevant_example_en.mp3,irrelevant_example_ko.mp3,고급,4
isolation,격리,,환자는 감염을 막기 위해 격리 중입니다.,The patient is in isolation to prevent infection.,isolation.png,isolation_word_en.mp3,isolation_meaning_ko.mp3,isolation_example_en.mp3,isolation_example_ko.mp3,고급,4
judicial,사법의,,사법의 독립은 민주주의에 중요합니다.,Judicial independence is important for democracy.,judicial.png,judicial_word_en.mp3,judicial_meaning_ko.mp3,judicial_example_en.mp3,judicial_example_ko.mp3,고급,4
junction,교차로,,교차로에서 왼쪽으로 도세요.,Turn left at the junction.,junction.png,junction_word_en.mp3,junction_meaning_ko.mp3,junction_example_en.mp3,junction_example_ko.mp3,고급,4
jurisdiction,관할권,,이 사건은 그 법원의 관할권 안에 있습니다.,This case is within the jurisdiction of that court.,jurisdiction.png,jurisdiction_word_en.mp3,jurisdiction_meaning_ko.mp3,jurisdiction_example_en.mp3,jurisdiction_example_ko.mp3,고급,4
justification,정당화,,그의 행동에는 정당화가 필요했습니다.,His actions needed justification.,justification.png,justification_word_en.mp3,justification_meaning_ko.mp3,justification_example_en.mp3,justification_example_ko.mp3,고급,4
kidnap,납치하다,,범인은 아이를 납치하려고 했습니다.,The criminal tried to kidnap the child.,kidnap.png,kidnap_word_en.mp3,kidnap_meaning_ko.mp3,kidnap_example_en.mp3,kidnap_example_ko.mp3,고급,4
kidney,콩팥,,콩팥은 몸에서 노폐물을 걸러 냅니다.,The kidneys filter waste from the body.,kidney.png,kidney_word_en.mp3,kidney_meaning_ko.mp3,kidney_example_en.mp3,kidney_example_ko.mp3,고급,4
kingdom,왕국,,옛날에 작은 왕국이 그 산 너머에 있었습니다.,"Long ago, there was a small kingdom beyond that mountain.",kingdom.png,kingdom_word_en.mp3,kingdom_meaning_ko.mp3,kingdom_example_en.mp3,kingdom_example_ko.mp3,고급,4
lad,소년,,그 소년은 강아지와 함께 뛰어놀았습니다.,The lad played and ran with his puppy.,lad.png,lad_word_en.mp3,lad_meaning_ko.mp3,lad_example_en.mp3,lad_example_ko.mp3,고급,4
landlord,집주인,,집주인이 다음 달에 월세를 올린다고 말했습니다.,The landlord said he would raise the rent next month.,landlord.png,landlord_word_en.mp3,landlord_meaning_ko.mp3,landlord_example_en.mp3,landlord_example_ko.mp3,고급,4
landmark,랜드마크,,남산타워는 서울의 유명한 랜드마크입니다.,Namsan Tower is a famous landmark in Seoul.,landmark.png,landmark_word_en.mp3,landmark_meaning_ko.mp3,landmark_example_en.mp3,landmark_example_ko.mp3,여행,2
lap,무릎,,아이가 엄마 무릎에 앉았습니다.,The child sat on his mother's lap.,lap.png,lap_word_en.mp3,lap_meaning_ko.mp3,lap_example_en.mp3,lap_example_ko.mp3,고급,4
large-scale,대규모의,,정부는 대규모의 도로 공사를 시작했습니다.,The government started large-scale road construction.,large-scale.png,large-scale_word_en.mp3,large-scale_meaning_ko.mp3,large-scale_example_en.mp3,large-scale_example_ko.mp3,고급,4
laser,레이저,,의사는 레이저로 피부 치료를 했습니다.,The doctor treated the skin with a laser.,laser.png,laser_word_en.mp3,laser_meaning_ko.mp3,laser_example_en.mp3,laser_example_ko.mp3,고급,4
latter,후자,,커피와 차 중에서 저는 후자를 선택하겠습니다.,"Between coffee and tea, I will choose the latter.",latter.png,latter_word_en.mp3,latter_meaning_ko.mp3,latter_example_en.mp3,latter_example_ko.mp3,고급,4
lawn,잔디밭,,아이들이 잔디밭에서 공을 찼습니다.,The children kicked a ball on the lawn.,lawn.png,lawn_word_en.mp3,lawn_meaning_ko.mp3,lawn_example_en.mp3,lawn_example_ko.mp3,고급,4
lawsuit,소송,,그 회사는 고객에게 소송을 당했습니다.,The company faced a lawsuit from a customer.,lawsuit.png,lawsuit_word_en.mp3,lawsuit_meaning_ko.mp3,lawsuit_example_en.mp3,lawsuit_example_ko.mp3,고급,4
layout,배치,,이 방의 가구 배치가 아주 좋습니다.,The layout of the furniture in this room is very good.,layout.png,layout_word_en.mp3,layout_meaning_ko.mp3,layout_example_en.mp3,layout_example_ko.mp3,고급,4
leak,새다,,천장에서 물이 새고 있습니다.,Water is leaking from the ceiling.,leak.png,leak_word_en.mp3,leak_meaning_ko.mp3,leak_example_en.mp3,leak_example_ko.mp3,고급,4
leap,도약,,그 선수의 기록은 큰 도약이었습니다.,The athlete's record was a big leap.,leap.png,leap_word_en.mp3,leap_meaning_ko.mp3,leap_example_en.mp3,leap_example_ko.mp3,고급,4
legacy,유산,,그 작가는 훌륭한 문학적 유산을 남겼습니다.,The writer left a great literary legacy.,legacy.png,legacy_word_en.mp3,legacy_meaning_ko.mp3,legacy_example_en.mp3,legacy_example_ko.mp3,고급,4
legendary,전설적인,,그는 전설적인 축구 선수로 기억됩니다.,He is remembered as a legendary soccer player.,legendary.png,legendary_word_en.mp3,legendary_meaning_ko.mp3,legendary_example_en.mp3,legendary_example_ko.mp3,고급,4
legislation,입법,,새로운 입법이 환경 보호를 강화했습니다.,New legislation strengthened environmental protection.,legislation.png,legislation_word_en.mp3,legislation_meaning_ko.mp3,legislation_example_en.mp3,legislation_example_ko.mp3,고급,4
legislative,입법의,,국회는 입법의 역할을 담당합니다.,The National Assembly is responsible for the legislative role.,legislative.png,legislative_word_en.mp3,legislative_meaning_ko.mp3,legislative_example_en.mp3,legislative_example_ko.mp3,고급,4
legislature,입법부,,입법부는 새로운 법을 만들 수 있습니다.,The legislature can make new laws.,legislature.png,legislature_word_en.mp3,legislature_meaning_ko.mp3,legislature_example_en.mp3,legislature_example_ko.mp3,고급,4
legitimate,합법적인,,그는 합법적인 절차를 통해 비자를 받았습니다.,He received his visa through a legitimate process.,legitimate.png,legitimate_word_en.mp3,legitimate_meaning_ko.mp3,legitimate_example_en.mp3,legitimate_example_ko.mp3,고급,4
lengthy,긴,,우리는 긴 회의 끝에 결정을 내렸습니다.,We made a decision after a lengthy meeting.,lengthy.png,lengthy_word_en.mp3,lengthy_meaning_ko.mp3,lengthy_example_en.mp3,lengthy_example_ko.mp3,고급,4
lesbian,레즈비언,,그녀는 자신이 레즈비언이라고 말했습니다.,She said that she is a lesbian.,lesbian.png,lesbian_word_en.mp3,lesbian_meaning_ko.mp3,lesbian_example_en.mp3,lesbian_example_ko.mp3,고급,4
lesser,더 작은,,우리는 더 작은 문제부터 해결했습니다.,We solved the lesser problem first.,lesser.png,lesser_word_en.mp3,lesser_meaning_ko.mp3,lesser_example_en.mp3,lesser_example_ko.mp3,고급,4
lethal,치명적인,,그 독은 사람에게 치명적인 영향을 줄 수 있습니다.,That poison can have a lethal effect on people.,,lethal_word_en.mp3,lethal_meaning_ko.mp3,lethal_example_en.mp3,lethal_example_ko.mp3,고급,4
liable,책임이 있는,,사고에 대해 운전자가 책임이 있는 것으로 보입니다.,The driver appears to be liable for the accident.,liable.png,liable_word_en.mp3,liable_meaning_ko.mp3,liable_example_en.mp3,liable_example_ko.mp3,고급,4
liberal,진보적인,,그 정치인은 진보적인 생각을 가지고 있습니다.,The politician has liberal ideas.,liberal.png,liberal_word_en.mp3,liberal_meaning_ko.mp3,liberal_example_en.mp3,liberal_example_ko.mp3,고급,4
liberation,해방,,그 나라는 오랜 전쟁 후에 해방을 맞았습니다.,The country achieved liberation after a long war.,liberation.png,liberation_word_en.mp3,liberation_meaning_ko.mp3,liberation_example_en.mp3,liberation_example_ko.mp3,고급,4
liberty,자유,,모든 사람은 자유를 누릴 권리가 있습니다.,Everyone has the right to enjoy liberty.,liberty.png,liberty_word_en.mp3,liberty_meaning_ko.mp3,liberty_example_en.mp3,liberty_example_ko.mp3,고급,4
license,면허,,운전을 하려면 면허가 필요합니다.,You need a license to drive.,license.png,license_word_en.mp3,license_meaning_ko.mp3,license_example_en.mp3,license_example_ko.mp3,고급,4
lifelong,평생의,,독서는 그의 평생의 취미였습니다.,Reading was his lifelong hobby.,lifelong.png,lifelong_word_en.mp3,lifelong_meaning_ko.mp3,lifelong_example_en.mp3,lifelong_example_ko.mp3,고급,4
likelihood,가능성,,내일 비가 올 가능성이 높습니다.,There is a high likelihood of rain tomorrow.,likelihood.png,likelihood_word_en.mp3,likelihood_meaning_ko.mp3,likelihood_example_en.mp3,likelihood_example_ko.mp3,고급,4
limb,팔다리,,운동 전에는 팔다리를 잘 풀어야 합니다.,You should stretch your limbs well before exercise.,limb.png,limb_word_en.mp3,limb_meaning_ko.mp3,limb_example_en.mp3,limb_example_ko.mp3,고급,4
line-up,라인업,,오늘 경기의 라인업이 발표되었습니다.,The line-up for today's game was announced.,line-up.png,line-up_word_en.mp3,line-up_meaning_ko.mp3,line-up_example_en.mp3,line-up_example_ko.mp3,고급,4
linear,선형의,,이 그래프는 선형의 변화를 보여 줍니다.,This graph shows a linear change.,linear.png,linear_word_en.mp3,linear_meaning_ko.mp3,linear_example_en.mp3,linear_example_ko.mp3,고급,4
linger,머물다,,그는 카페에 조금 더 머물고 싶어 했습니다.,He wanted to linger a little longer at the cafe.,linger.png,linger_word_en.mp3,linger_meaning_ko.mp3,linger_example_en.mp3,linger_example_ko.mp3,고급,4
listing,목록,,선생님은 필요한 책의 목록을 나누어 주셨습니다.,The teacher handed out a listing of the required books.,listing.png,listing_word_en.mp3,listing_meaning_ko.mp3,listing_example_en.mp3,listing_example_ko.mp3,고급,4
literacy,문해력,,이 프로그램은 아이들의 문해력을 높이는 데 도움을 줍니다.,This program helps improve children's literacy.,literacy.png,literacy_word_en.mp3,literacy_meaning_ko.mp3,literacy_example_en.mp3,literacy_example_ko.mp3,고급,4
liver,간,,간은 우리 몸에서 중요한 역할을 합니다.,The liver plays an important role in our body.,liver.png,liver_word_en.mp3,liver_meaning_ko.mp3,liver_example_en.mp3,liver_example_ko.mp3,고급,4
lobby,로비,,호텔 로비에서 친구를 기다렸습니다.,I waited for my friend in the hotel lobby.,lobby.png,lobby_word_en.mp3,lobby_meaning_ko.mp3,lobby_example_en.mp3,lobby_example_ko.mp3,고급,4
log,통나무,,그는 벽난로에 통나무를 넣었습니다.,He put a log into the fireplace.,log.png,log_word_en.mp3,log_meaning_ko.mp3,log_example_en.mp3,log_example_ko.mp3,고급,4
logic,논리,,그의 설명에는 분명한 논리가 있습니다.,There is clear logic in his explanation.,logic.png,logic_word_en.mp3,logic_meaning_ko.mp3,logic_example_en.mp3,logic_example_ko.mp3,고급,4
long-standing,오래된,,두 나라 사이에는 오래된 우정이 있습니다.,There is a long-standing friendship between the two countries.,long-standing.png,long-standing_word_en.mp3,long-standing_meaning_ko.mp3,long-standing_example_en.mp3,long-standing_example_ko.mp3,고급,4
long-time,오랜,,그는 나의 오랜 친구입니다.,He is my long-time friend.,long-time.png,long-time_word_en.mp3,long-time_meaning_ko.mp3,long-time_example_en.mp3,long-time_example_ko.mp3,고급,4
loom,다가오다,,시험 날짜가 점점 다가오고 있습니다.,The exam date is gradually looming.,loom.png,loom_word_en.mp3,loom_meaning_ko.mp3,loom_example_en.mp3,loom_example_ko.mp3,고급,4
loop,고리,,그는 밧줄로 작은 고리를 만들었습니다.,He made a small loop with the rope.,loop.png,loop_word_en.mp3,loop_meaning_ko.mp3,loop_example_en.mp3,loop_example_ko.mp3,고급,4
loyalty,충성심,,그 개는 주인에게 큰 충성심을 보였습니다.,The dog showed great loyalty to its owner.,loyalty.png,loyalty_word_en.mp3,loyalty_meaning_ko.mp3,loyalty_example_en.mp3,loyalty_example_ko.mp3,쇼핑,2
machinery,기계류,,공장 안에는 여러 종류의 기계류가 있습니다.,There are many kinds of machinery inside the factory.,machinery.png,machinery_word_en.mp3,machinery_meaning_ko.mp3,machinery_example_en.mp3,machinery_example_ko.mp3,고급,4
magical,마법의,,아이들은 마법의 성을 보고 놀랐습니다.,The children were amazed when they saw the magical castle.,magical.png,magical_word_en.mp3,magical_meaning_ko.mp3,magical_example_en.mp3,magical_example_ko.mp3,고급,4
magistrate,판사,,판사는 피고인의 말을 조용히 들었습니다.,The magistrate quietly listened to the defendant.,magistrate.png,magistrate_word_en.mp3,magistrate_meaning_ko.mp3,magistrate_example_en.mp3,magistrate_example_ko.mp3,고급,4
magnetic,자기의,,이 장치는 자기의 힘으로 작동합니다.,This device works by magnetic force.,magnetic.png,magnetic_word_en.mp3,magnetic_meaning_ko.mp3,magnetic_example_en.mp3,magnetic_example_ko.mp3,고급,4
magnitude,규모,,피해의 규모가 예상보다 컸습니다.,The magnitude of the damage was greater than expected.,magnitude.png,magnitude_word_en.mp3,magnitude_meaning_ko.mp3,magnitude_example_en.mp3,magnitude_example_ko.mp3,고급,4
mainland,본토,,그 섬은 배로 본토와 연결됩니다.,The island is connected to the mainland by boat.,mainland.png,mainland_word_en.mp3,mainland_meaning_ko.mp3,mainland_example_en.mp3,mainland_example_ko.mp3,고급,4
mainstream,주류,,그 음악 스타일은 이제 주류가 되었습니다.,That music style has now become mainstream.,mainstream.png,mainstream_word_en.mp3,mainstream_meaning_ko.mp3,mainstream_example_en.mp3,mainstream_example_ko.mp3,고급,4
maintenance,유지,,건강 유지를 위해 매일 운동합니다.,I exercise every day to maintain my health.,maintenance.png,maintenance_word_en.mp3,maintenance_meaning_ko.mp3,maintenance_example_en.mp3,maintenance_example_ko.mp3,고급,4
mandate,권한,,그 위원회는 예산을 검토할 권한이 있습니다.,The committee has the authority to review the budget.,mandate.png,mandate_word_en.mp3,mandate_meaning_ko.mp3,mandate_example_en.mp3,mandate_example_ko.mp3,고급,4
mandatory,의무적인,,이 안전 교육은 모든 직원에게 의무적인 과정입니다.,This safety training is a mandatory course for all employees.,mandatory.png,mandatory_word_en.mp3,mandatory_meaning_ko.mp3,mandatory_example_en.mp3,mandatory_example_ko.mp3,고급,4
manifest,명백한,,그의 실수는 모두에게 명백한 사실이었다.,His mistake was an obvious fact to everyone.,manifest.png,manifest_word_en.mp3,manifest_meaning_ko.mp3,manifest_example_en.mp3,manifest_example_ko.mp3,고급,4
manipulate,조작하다,,그는 결과를 유리하게 만들기 위해 자료를 조작했다.,He manipulated the data to make the results favorable.,manipulate.png,manipulate_word_en.mp3,manipulate_meaning_ko.mp3,manipulate_example_en.mp3,manipulate_example_ko.mp3,고급,4
manipulation,조작,,자료 조작은 심각한 문제입니다.,Data manipulation is a serious problem.,manipulation.png,manipulation_word_en.mp3,manipulation_meaning_ko.mp3,manipulation_example_en.mp3,manipulation_example_ko.mp3,고급,4
manuscript,원고,,작가는 출판사에 새 소설의 원고를 보냈습니다.,The writer sent the manuscript of the new novel to the publisher.,manuscript.png,manuscript_word_en.mp3,manuscript_meaning_ko.mp3,manuscript_example_en.mp3,manuscript_example_ko.mp3,고급,4
marginal,미미한,,새 정책의 효과는 아직 미미한 수준입니다.,The effect of the new policy is still minimal.,marginal.png,marginal_word_en.mp3,marginal_meaning_ko.mp3,marginal_example_en.mp3,marginal_example_ko.mp3,고급,4
marine,해양의,,그 연구소는 해양의 생태계를 조사합니다.,The institute studies marine ecosystems.,marine.png,marine_word_en.mp3,marine_meaning_ko.mp3,marine_example_en.mp3,marine_example_ko.mp3,고급,4
marketplace,시장,,주말마다 이 시장에는 사람들이 많이 모입니다.,Many people gather at this marketplace every weekend.,marketplace.png,marketplace_word_en.mp3,marketplace_meaning_ko.mp3,marketplace_example_en.mp3,marketplace_example_ko.mp3,고급,4
mask,가면,,아이들은 축제에서 동물 가면을 썼습니다.,The children wore animal masks at the festival.,mask.png,mask_word_en.mp3,mask_meaning_ko.mp3,mask_example_en.mp3,mask_example_ko.mp3,고급,4
massacre,대량학살,,그 마을의 대량학살은 역사에 큰 비극으로 남았다.,The massacre in that village remained a great tragedy in history.,massacre.png,massacre_word_en.mp3,massacre_meaning_ko.mp3,massacre_example_en.mp3,massacre_example_ko.mp3,고급,4
mathematical,수학적인,,이 문제는 수학적인 사고가 필요합니다.,This problem requires mathematical thinking.,mathematical.png,mathematical_word_en.mp3,mathematical_meaning_ko.mp3,mathematical_example_en.mp3,mathematical_example_ko.mp3,고급,4
mature,성숙한,,그는 나이에 비해 매우 성숙한 태도를 보였다.,He showed a very mature attitude for his age.,mature.png,mature_word_en.mp3,mature_meaning_ko.mp3,mature_example_en.mp3,mature_example_ko.mp3,고급,4
maximize,극대화하다,,회사는 이익을 극대화하기 위해 비용을 줄였습니다.,The company reduced costs to maximize profits.,maximize.png,maximize_word_en.mp3,maximize_meaning_ko.mp3,maximize_example_en.mp3,maximize_example_ko.mp3,고급,4
meaningful,의미 있는,,가족과 함께한 시간은 정말 의미 있는 시간이었습니다.,The time I spent with my family was truly meaningful.,meaningful.png,meaningful_word_en.mp3,meaningful_meaning_ko.mp3,meaningful_example_en.mp3,meaningful_example_ko.mp3,고급,4
meantime,그동안,,나는 저녁을 준비할게요. 그동안 너는 방을 정리해 주세요.,"I will prepare dinner. In the meantime, please clean your room.",meantime.png,meantime_word_en.mp3,meantime_meaning_ko.mp3,meantime_example_en.mp3,meantime_example_ko.mp3,고급,4
medieval,중세의,,이 성은 중세의 건축 양식을 보여 줍니다.,This castle shows medieval architectural style.,medieval.png,medieval_word_en.mp3,medieval_meaning_ko.mp3,medieval_example_en.mp3,medieval_example_ko.mp3,고급,4
meditation,명상,,아침 명상은 마음을 차분하게 해 줍니다.,Morning meditation helps calm the mind.,meditation.png,meditation_word_en.mp3,meditation_meaning_ko.mp3,meditation_example_en.mp3,meditation_example_ko.mp3,고급,4
melody,멜로디,,이 노래의 멜로디는 매우 부드럽습니다.,The melody of this song is very gentle.,melody.png,melody_word_en.mp3,melody_meaning_ko.mp3,melody_example_en.mp3,melody_example_ko.mp3,고급,4
memo,메모,,회의 내용을 잊지 않으려고 메모를 했습니다.,I wrote a memo so I would not forget the meeting details.,memo.png,memo_word_en.mp3,memo_meaning_ko.mp3,memo_example_en.mp3,memo_example_ko.mp3,비즈니스,3
memoir,회고록,,그 배우는 자신의 인생을 담은 회고록을 출간했습니다.,The actor published a memoir about his life.,memoir.png,memoir_word_en.mp3,memoir_meaning_ko.mp3,memoir_example_en.mp3,memoir_example_ko.mp3,고급,4
memorial,기념비,,공원에는 전쟁 희생자를 위한 기념비가 있습니다.,There is a memorial for the victims of the war in the park.,memorial.png,memorial_word_en.mp3,memorial_meaning_ko.mp3,memorial_example_en.mp3,memorial_example_ko.mp3,고급,4
mentor,멘토,,선생님은 제 인생의 좋은 멘토입니다.,My teacher is a good mentor in my life.,mentor.png,mentor_word_en.mp3,mentor_meaning_ko.mp3,mentor_example_en.mp3,mentor_example_ko.mp3,고급,4
merchant,상인,,그 상인은 시장에서 과일을 팔았습니다.,The merchant sold fruit at the market.,merchant.png,merchant_word_en.mp3,merchant_meaning_ko.mp3,merchant_example_en.mp3,merchant_example_ko.mp3,고급,4
mercy,자비,,왕은 죄수에게 자비를 베풀었습니다.,The king showed mercy to the prisoner.,mercy.png,mercy_word_en.mp3,mercy_meaning_ko.mp3,mercy_example_en.mp3,mercy_example_ko.mp3,고급,4
mere,단지,,그것은 단지 소문일 뿐입니다.,It is merely a rumor.,mere.png,mere_word_en.mp3,mere_meaning_ko.mp3,mere_example_en.mp3,mere_example_ko.mp3,고급,4
merely,단지,,나는 단지 도와주고 싶었을 뿐입니다.,I merely wanted to help.,merely.png,merely_word_en.mp3,merely_meaning_ko.mp3,merely_example_en.mp3,merely_example_ko.mp3,고급,4
merge,합쳐지다,,두 회사가 하나로 합쳐졌습니다.,The two companies merged into one.,merge.png,merge_word_en.mp3,merge_meaning_ko.mp3,merge_example_en.mp3,merge_example_ko.mp3,비즈니스,3
merger,합병,,두 은행의 합병이 다음 달에 완료됩니다.,The merger of the two banks will be completed next month.,merger.png,merger_word_en.mp3,merger_meaning_ko.mp3,merger_example_en.mp3,merger_example_ko.mp3,비즈니스,3
merit,장점,,이 계획의 가장 큰 장점은 비용이 적게 든다는 것입니다.,The biggest merit of this plan is that it costs little.,merit.png,merit_word_en.mp3,merit_meaning_ko.mp3,merit_example_en.mp3,merit_example_ko.mp3,고급,4
methodology,방법론,,그 연구는 새로운 방법론을 사용했습니다.,The study used a new methodology.,methodology.png,methodology_word_en.mp3,methodology_meaning_ko.mp3,methodology_example_en.mp3,methodology_example_ko.mp3,고급,4
midst,한가운데,,그는 군중 한가운데에 서 있었습니다.,He was standing in the midst of the crowd.,midst.png,midst_word_en.mp3,midst_meaning_ko.mp3,midst_example_en.mp3,midst_example_ko.mp3,고급,4
migration,이주,,많은 새들의 이주는 가을에 시작됩니다.,The migration of many birds begins in autumn.,migration.png,migration_word_en.mp3,migration_meaning_ko.mp3,migration_example_en.mp3,migration_example_ko.mp3,고급,4
militant,과격한,,그 단체는 과격한 행동으로 비판을 받았습니다.,The group was criticized for its militant actions.,militant.png,militant_word_en.mp3,militant_meaning_ko.mp3,militant_example_en.mp3,militant_example_ko.mp3,고급,4
militia,민병대,,마을 사람들은 스스로를 지키기 위해 민병대를 만들었습니다.,The villagers formed a militia to protect themselves.,militia.png,militia_word_en.mp3,militia_meaning_ko.mp3,militia_example_en.mp3,militia_example_ko.mp3,고급,4
mill,제분소,,옛날에는 이 강가에 작은 제분소가 있었습니다.,There used to be a small mill by this river.,mill.png,mill_word_en.mp3,mill_meaning_ko.mp3,mill_example_en.mp3,mill_example_ko.mp3,고급,4
minimal,최소의,,이 작업에는 최소의 시간만 필요합니다.,This task requires only minimal time.,minimal.png,minimal_word_en.mp3,minimal_meaning_ko.mp3,minimal_example_en.mp3,minimal_example_ko.mp3,고급,4
minimize,최소화하다,,우리는 실수를 최소화하기 위해 다시 확인했습니다.,We checked again to minimize mistakes.,minimize.png,minimize_word_en.mp3,minimize_meaning_ko.mp3,minimize_example_en.mp3,minimize_example_ko.mp3,고급,4
mining,광산업,,그 지역의 경제는 오랫동안 광산업에 의존했습니다.,The economy of that region depended on mining for a long time.,mining.png,mining_word_en.mp3,mining_meaning_ko.mp3,mining_example_en.mp3,mining_example_ko.mp3,고급,4
ministry,부처,,교육부는 학교 정책을 담당하는 부처입니다.,The Ministry of Education is the department responsible for school policies.,ministry.png,ministry_word_en.mp3,ministry_meaning_ko.mp3,ministry_example_en.mp3,ministry_example_ko.mp3,고급,4
miracle,기적,,의사들은 그의 회복을 기적이라고 불렀습니다.,The doctors called his recovery a miracle.,miracle.png,miracle_word_en.mp3,miracle_meaning_ko.mp3,miracle_example_en.mp3,miracle_example_ko.mp3,고급,4
misery,비참함,,전쟁은 많은 사람들에게 비참함을 가져왔습니다.,The war brought misery to many people.,misery.png,misery_word_en.mp3,misery_meaning_ko.mp3,misery_example_en.mp3,misery_example_ko.mp3,고급,4
misleading,오해의 소지가 있는,,그 광고는 오해의 소지가 있는 표현을 사용했습니다.,The advertisement used misleading expressions.,misleading.png,misleading_word_en.mp3,misleading_meaning_ko.mp3,misleading_example_en.mp3,misleading_example_ko.mp3,고급,4
missile,미사일,,군은 새로운 미사일 시험을 발표했습니다.,The military announced a new missile test.,missile.png,missile_word_en.mp3,missile_meaning_ko.mp3,missile_example_en.mp3,missile_example_ko.mp3,고급,4
mob,폭도,,폭도들이 거리에서 상점을 부수었습니다.,The mob broke shop windows on the street.,mob.png,mob_word_en.mp3,mob_meaning_ko.mp3,mob_example_en.mp3,mob_example_ko.mp3,고급,4
mobility,이동성,,전동 휠체어는 노인의 이동성을 높여 줍니다.,An electric wheelchair increases an elderly person's mobility.,mobility.png,mobility_word_en.mp3,mobility_meaning_ko.mp3,mobility_example_en.mp3,mobility_example_ko.mp3,고급,4
mobilize,동원하다,,정부는 재난 지역에 구조 인력을 동원했습니다.,The government mobilized rescue workers to the disaster area.,mobilize.png,mobilize_word_en.mp3,mobilize_meaning_ko.mp3,mobilize_example_en.mp3,mobilize_example_ko.mp3,고급,4
moderate,온건한,,그 정치인은 온건한 입장으로 유명합니다.,The politician is known for his moderate position.,moderate.png,moderate_word_en.mp3,moderate_meaning_ko.mp3,moderate_example_en.mp3,moderate_example_ko.mp3,고급,4
modification,수정,,계획의 작은 수정이 필요합니다.,A small modification to the plan is needed.,modification.png,modification_word_en.mp3,modification_meaning_ko.mp3,modification_example_en.mp3,modification_example_ko.mp3,고급,4
momentum,추진력,,그 팀은 첫 승리 후에 큰 추진력을 얻었습니다.,The team gained great momentum after its first victory.,momentum.png,momentum_word_en.mp3,momentum_meaning_ko.mp3,momentum_example_en.mp3,momentum_example_ko.mp3,고급,4
monk,수도사,,그 수도사는 조용한 수도원에서 살았습니다.,The monk lived in a quiet monastery.,monk.png,monk_word_en.mp3,monk_meaning_ko.mp3,monk_example_en.mp3,monk_example_ko.mp3,고급,4
monopoly,독점,,한 회사의 독점은 소비자에게 불리할 수 있습니다.,A company's monopoly can be disadvantageous to consumers.,monopoly.png,monopoly_word_en.mp3,monopoly_meaning_ko.mp3,monopoly_example_en.mp3,monopoly_example_ko.mp3,고급,4
morality,도덕성,,아이들은 이야기에서 도덕성의 중요성을 배웠습니다.,The children learned the importance of morality from the story.,morality.png,morality_word_en.mp3,morality_meaning_ko.mp3,morality_example_en.mp3,morality_example_ko.mp3,고급,4
motive,동기,,경찰은 범인의 동기를 조사하고 있습니다.,The police are investigating the criminal's motive.,motive.png,motive_word_en.mp3,motive_meaning_ko.mp3,motive_example_en.mp3,motive_example_ko.mp3,고급,4
motorist,자동차 운전자,,자동차 운전자는 교통 신호를 지켜야 합니다.,A motorist must obey traffic signals.,motorist.png,motorist_word_en.mp3,motorist_meaning_ko.mp3,motorist_example_en.mp3,motorist_example_ko.mp3,고급,4
municipal,시의,,시의 도서관은 시민들에게 무료로 개방됩니다.,The municipal library is open to citizens for free.,municipal.png,municipal_word_en.mp3,municipal_meaning_ko.mp3,municipal_example_en.mp3,municipal_example_ko.mp3,고급,4
mutual,상호의,,좋은 관계는 상호의 신뢰에서 시작됩니다.,A good relationship begins with mutual trust.,mutual.png,mutual_word_en.mp3,mutual_meaning_ko.mp3,mutual_example_en.mp3,mutual_example_ko.mp3,고급,4
namely,즉,,한국에는 큰 명절이 두 개 있습니다. 즉 설날과 추석입니다.,"There are two major holidays in Korea, namely Seollal and Chuseok.",namely.png,namely_word_en.mp3,namely_meaning_ko.mp3,namely_example_en.mp3,namely_example_ko.mp3,고급,4
nationwide,전국적인,,그 회사는 전국적인 할인 행사를 시작했습니다.,The company started a nationwide discount event.,nationwide.png,nationwide_word_en.mp3,nationwide_meaning_ko.mp3,nationwide_example_en.mp3,nationwide_example_ko.mp3,고급,4
naval,해군의,,그 도시는 해군의 기지가 있어서 군인들이 많다.,"The city has a naval base, so there are many soldiers.",naval.png,naval_word_en.mp3,naval_meaning_ko.mp3,naval_example_en.mp3,naval_example_ko.mp3,고급,4
neglect,방치,,오랜 방치로 빈집이 많이 낡았다.,The empty house became very old because of long neglect.,neglect.png,neglect_word_en.mp3,neglect_meaning_ko.mp3,neglect_example_en.mp3,neglect_example_ko.mp3,고급,4
neighbouring,이웃의,,이웃의 마을에서 축제가 열렸다.,A festival was held in the neighboring village.,neighbouring.png,neighbouring_word_en.mp3,neighbouring_meaning_ko.mp3,neighbouring_example_en.mp3,neighbouring_example_ko.mp3,고급,4
nest,둥지,,나무 위에 작은 새 둥지가 있다.,There is a small bird's nest in the tree.,nest.png,nest_word_en.mp3,nest_meaning_ko.mp3,nest_example_en.mp3,nest_example_ko.mp3,고급,4
newsletter,회보,,학교 회보에 이번 달 행사가 소개되었다.,This month's events were introduced in the school newsletter.,newsletter.png,newsletter_word_en.mp3,newsletter_meaning_ko.mp3,newsletter_example_en.mp3,newsletter_example_ko.mp3,고급,4
niche,틈새시장,,그 회사는 친환경 장난감이라는 틈새시장을 찾았다.,The company found a niche market in eco-friendly toys.,niche.png,niche_word_en.mp3,niche_meaning_ko.mp3,niche_example_en.mp3,niche_example_ko.mp3,고급,4
noble,고귀한,,그는 어려운 사람을 돕는 고귀한 일을 했다.,He did the noble work of helping people in need.,noble.png,noble_word_en.mp3,noble_meaning_ko.mp3,noble_example_en.mp3,noble_example_ko.mp3,고급,4
nod,고개를 끄덕이다,,선생님의 설명을 듣고 학생들이 고개를 끄덕였다.,The students nodded after listening to the teacher's explanation.,nod.png,nod_word_en.mp3,nod_meaning_ko.mp3,nod_example_en.mp3,nod_example_ko.mp3,고급,4
nominate,지명하다,,친구들은 민수를 반장 후보로 지명했다.,The friends nominated Minsu as a candidate for class president.,nominate.png,nominate_word_en.mp3,nominate_meaning_ko.mp3,nominate_example_en.mp3,nominate_example_ko.mp3,고급,4
nomination,지명,,그 배우는 영화제에서 주연상 지명을 받았다.,The actor received a nomination for Best Actor at the film festival.,nomination.png,nomination_word_en.mp3,nomination_meaning_ko.mp3,nomination_example_en.mp3,nomination_example_ko.mp3,고급,4
nominee,후보자,,올해의 후보자는 모두 뛰어난 실력을 가지고 있다.,All of this year's nominees have excellent skills.,nominee.png,nominee_word_en.mp3,nominee_meaning_ko.mp3,nominee_example_en.mp3,nominee_example_ko.mp3,고급,4
non-profit,비영리,,그 비영리 단체는 가난한 아이들을 돕는다.,The non-profit organization helps poor children.,non-profit.png,non-profit_word_en.mp3,non-profit_meaning_ko.mp3,non-profit_example_en.mp3,non-profit_example_ko.mp3,고급,4
nonetheless,그럼에도 불구하고,,비가 많이 왔다. 그럼에도 불구하고 우리는 산책을 했다.,"It rained a lot. Nonetheless, we went for a walk.",nonetheless.png,nonetheless_word_en.mp3,nonetheless_meaning_ko.mp3,nonetheless_example_en.mp3,nonetheless_example_ko.mp3,고급,4
nonsense,헛소리,,그런 헛소리는 믿지 마세요.,Don't believe such nonsense.,nonsense.png,nonsense_word_en.mp3,nonsense_meaning_ko.mp3,nonsense_example_en.mp3,nonsense_example_ko.mp3,고급,4
noon,정오,,우리는 정오에 식당에서 만났다.,We met at the restaurant at noon.,noon.png,noon_word_en.mp3,noon_meaning_ko.mp3,noon_example_en.mp3,noon_example_ko.mp3,고급,4
notable,주목할 만한,,그 연구에는 주목할 만한 결과가 있었다.,The study had a notable result.,notable.png,notable_word_en.mp3,notable_meaning_ko.mp3,notable_example_en.mp3,notable_example_ko.mp3,고급,4
notably,특히,,"그 지역은 과일, 특히 사과로 유명하다.","The region is famous for fruit, notably apples.",notably.png,notably_word_en.mp3,notably_meaning_ko.mp3,notably_example_en.mp3,notably_example_ko.mp3,고급,4
notify,알리다,,회사는 고객에게 배송 지연을 알렸다.,The company notified the customer of the delivery delay.,notify.png,notify_word_en.mp3,notify_meaning_ko.mp3,notify_example_en.mp3,notify_example_ko.mp3,고급,4
notorious,악명 높은,,그 도로는 사고가 많기로 악명 높은 곳이다.,That road is notorious for having many accidents.,notorious.png,notorious_word_en.mp3,notorious_meaning_ko.mp3,notorious_example_en.mp3,notorious_example_ko.mp3,고급,4
nursery,어린이집,,아이는 매일 아침 어린이집에 간다.,The child goes to the nursery every morning.,nursery.png,nursery_word_en.mp3,nursery_meaning_ko.mp3,nursery_example_en.mp3,nursery_example_ko.mp3,고급,4
objection,이의,,회의에서 아무도 그의 계획에 이의를 제기하지 않았다.,No one raised an objection to his plan at the meeting.,objection.png,objection_word_en.mp3,objection_meaning_ko.mp3,objection_example_en.mp3,objection_example_ko.mp3,고급,4
oblige,의무를 지우다,,새 규칙은 직원들에게 안전 교육을 받을 의무를 지운다.,The new rule obliges employees to receive safety training.,oblige.png,oblige_word_en.mp3,oblige_meaning_ko.mp3,oblige_example_en.mp3,oblige_example_ko.mp3,고급,4
obsess,사로잡다,,그 생각이 하루 종일 나를 사로잡았다.,That thought obsessed me all day.,obsess.png,obsess_word_en.mp3,obsess_meaning_ko.mp3,obsess_example_en.mp3,obsess_example_ko.mp3,고급,4
obsession,집착,,그는 성공에 대한 집착이 너무 강하다.,He has a very strong obsession with success.,obsession.png,obsession_word_en.mp3,obsession_meaning_ko.mp3,obsession_example_en.mp3,obsession_example_ko.mp3,고급,4
occasional,이따금씩의,,그는 이따금씩의 두통 때문에 병원에 갔다.,He went to the hospital because of occasional headaches.,occasional.png,occasional_word_en.mp3,occasional_meaning_ko.mp3,occasional_example_en.mp3,occasional_example_ko.mp3,고급,4
occurrence,발생,,지진의 발생 후 사람들은 안전한 곳으로 이동했다.,"After the occurrence of the earthquake, people moved to a safe place.",occurrence.png,occurrence_word_en.mp3,occurrence_meaning_ko.mp3,occurrence_example_en.mp3,occurrence_example_ko.mp3,고급,4
odds,가능성,,비가 올 가능성이 높아서 우산을 챙겼다.,I took an umbrella because the odds of rain were high.,odds.png,odds_word_en.mp3,odds_meaning_ko.mp3,odds_example_en.mp3,odds_example_ko.mp3,고급,4
offering,제공물,,이 온라인 수업은 우리 학교의 새로운 제공물이다.,This online class is a new offering from our school.,offering.png,offering_word_en.mp3,offering_meaning_ko.mp3,offering_example_en.mp3,offering_example_ko.mp3,고급,4
offspring,자식,,동물은 자식을 보호하려고 위험을 감수한다.,Animals take risks to protect their offspring.,offspring.png,offspring_word_en.mp3,offspring_meaning_ko.mp3,offspring_example_en.mp3,offspring_example_ko.mp3,고급,4
operational,운영상의,,운영상의 문제로 가게가 오늘 늦게 열렸다.,The store opened late today because of operational problems.,operational.png,operational_word_en.mp3,operational_meaning_ko.mp3,operational_example_en.mp3,operational_example_ko.mp3,고급,4
opt,선택하다,,나는 버스 대신 지하철을 선택했다.,I opted for the subway instead of the bus.,opt.png,opt_word_en.mp3,opt_meaning_ko.mp3,opt_example_en.mp3,opt_example_ko.mp3,고급,4
optical,시각의,,이 그림은 시각의 착각을 이용한다.,This picture uses an optical illusion.,optical.png,optical_word_en.mp3,optical_meaning_ko.mp3,optical_example_en.mp3,optical_example_ko.mp3,고급,4
optimism,낙관주의,,그녀의 낙관주의는 팀에 큰 힘이 되었다.,Her optimism gave great strength to the team.,optimism.png,optimism_word_en.mp3,optimism_meaning_ko.mp3,optimism_example_en.mp3,optimism_example_ko.mp3,고급,4
oral,구두의,,내일 영어 구두의 시험이 있다.,There is an oral English exam tomorrow.,oral.png,oral_word_en.mp3,oral_meaning_ko.mp3,oral_example_en.mp3,oral_example_ko.mp3,고급,4
organizational,조직의,,조직의 변화로 부서 이름이 바뀌었다.,The department name changed because of organizational changes.,organizational.png,organizational_word_en.mp3,organizational_meaning_ko.mp3,organizational_example_en.mp3,organizational_example_ko.mp3,고급,4
orientation,오리엔테이션,,신입생들은 월요일에 오리엔테이션에 참석한다.,New students attend orientation on Monday.,orientation.png,orientation_word_en.mp3,orientation_meaning_ko.mp3,orientation_example_en.mp3,orientation_example_ko.mp3,고급,4
originate,유래하다,,이 전통은 작은 마을에서 유래했다.,This tradition originated in a small village.,originate.png,originate_word_en.mp3,originate_meaning_ko.mp3,originate_example_en.mp3,originate_example_ko.mp3,고급,4
outbreak,발생,,감염병의 발생으로 학교가 잠시 문을 닫았다.,The school closed for a while because of the outbreak of an infectious disease.,outbreak.png,outbreak_word_en.mp3,outbreak_meaning_ko.mp3,outbreak_example_en.mp3,outbreak_example_ko.mp3,위기탈출,3
outing,외출,,가족과 함께 주말 외출을 했다.,I had a weekend outing with my family.,outing.png,outing_word_en.mp3,outing_meaning_ko.mp3,outing_example_en.mp3,outing_example_ko.mp3,고급,4
outlet,콘센트,,휴대폰 충전기를 콘센트에 꽂았다.,I plugged the phone charger into the outlet.,outlet.png,outlet_word_en.mp3,outlet_meaning_ko.mp3,outlet_example_en.mp3,outlet_example_ko.mp3,쇼핑,2
outlook,전망,,전문가들은 내년 경제 전망이 밝다고 말했다.,Experts said the economic outlook for next year is bright.,outlook.png,outlook_word_en.mp3,outlook_meaning_ko.mp3,outlook_example_en.mp3,outlook_example_ko.mp3,고급,4
outrage,분노,,그 소식은 많은 사람들의 분노를 불러일으켰다.,The news caused outrage among many people.,outrage.png,outrage_word_en.mp3,outrage_meaning_ko.mp3,outrage_example_en.mp3,outrage_example_ko.mp3,고급,4
outsider,외부인,,외부인은 이 회의에 들어올 수 없다.,Outsiders cannot enter this meeting.,outsider.png,outsider_word_en.mp3,outsider_meaning_ko.mp3,outsider_example_en.mp3,outsider_example_ko.mp3,고급,4
overlook,간과하다,,나는 중요한 날짜를 간과해서 약속을 놓쳤다.,I overlooked an important date and missed the appointment.,overlook.png,overlook_word_en.mp3,overlook_meaning_ko.mp3,overlook_example_en.mp3,overlook_example_ko.mp3,고급,4
overly,지나치게,,그는 작은 실수에 지나치게 걱정했다.,He worried overly about a small mistake.,overly.png,overly_word_en.mp3,overly_meaning_ko.mp3,overly_example_en.mp3,overly_example_ko.mp3,고급,4
oversee,감독하다,,팀장은 프로젝트 전체를 감독한다.,The team leader oversees the whole project.,oversee.png,oversee_word_en.mp3,oversee_meaning_ko.mp3,oversee_example_en.mp3,oversee_example_ko.mp3,고급,4
overturn,뒤엎다,,강한 바람이 작은 배를 뒤엎었다.,The strong wind overturned the small boat.,overturn.png,overturn_word_en.mp3,overturn_meaning_ko.mp3,overturn_example_en.mp3,overturn_example_ko.mp3,고급,4
overwhelm,압도하다,,많은 일이 한꺼번에 나를 압도했다.,A lot of work overwhelmed me all at once.,overwhelm.png,overwhelm_word_en.mp3,overwhelm_meaning_ko.mp3,overwhelm_example_en.mp3,overwhelm_example_ko.mp3,고급,4
overwhelming,압도적인,,그 선수는 압도적인 실력으로 경기에서 이겼다.,The player won the game with overwhelming skill.,overwhelming.png,overwhelming_word_en.mp3,overwhelming_meaning_ko.mp3,overwhelming_example_en.mp3,overwhelming_example_ko.mp3,고급,4
pad,패드,,운동할 때 무릎 패드를 착용하세요.,Wear knee pads when you exercise.,pad.png,pad_word_en.mp3,pad_meaning_ko.mp3,pad_example_en.mp3,pad_example_ko.mp3,고급,4
parameter,매개변수,,이 함수에는 두 개의 매개변수가 필요하다.,This function needs two parameters.,parameter.png,parameter_word_en.mp3,parameter_meaning_ko.mp3,parameter_example_en.mp3,parameter_example_ko.mp3,고급,4
parental,부모의,,아이의 여행에는 부모의 동의가 필요하다.,The child's trip requires parental consent.,parental.png,parental_word_en.mp3,parental_meaning_ko.mp3,parental_example_en.mp3,parental_example_ko.mp3,고급,4
parish,교구,,그 교구에는 작은 성당이 세 개 있다.,There are three small churches in that parish.,parish.png,parish_word_en.mp3,parish_meaning_ko.mp3,parish_example_en.mp3,parish_example_ko.mp3,고급,4
parliamentary,의회의,,의회의 결정은 다음 주에 발표된다.,The parliamentary decision will be announced next week.,parliamentary.png,parliamentary_word_en.mp3,parliamentary_meaning_ko.mp3,parliamentary_example_en.mp3,parliamentary_example_ko.mp3,고급,4
partial,부분적인,,회사는 피해자에게 부분적인 보상을 했다.,The company gave partial compensation to the victim.,partial.png,partial_word_en.mp3,partial_meaning_ko.mp3,partial_example_en.mp3,partial_example_ko.mp3,고급,4
partially,부분적으로,,건물은 화재로 부분적으로 손상되었다.,The building was partially damaged by the fire.,partially.png,partially_word_en.mp3,partially_meaning_ko.mp3,partially_example_en.mp3,partially_example_ko.mp3,고급,4
passing,지나가는,,지나가는 사람이 길을 알려 주었다.,A passing person showed me the way.,passing.png,passing_word_en.mp3,passing_meaning_ko.mp3,passing_example_en.mp3,passing_example_ko.mp3,고급,4
passive,수동적인,,그는 토론에서 너무 수동적인 태도를 보였다.,He showed a very passive attitude in the discussion.,passive.png,passive_word_en.mp3,passive_meaning_ko.mp3,passive_example_en.mp3,passive_example_ko.mp3,고급,4
pastor,목사,,목사는 일요일마다 예배를 인도한다.,The pastor leads the service every Sunday.,pastor.png,pastor_word_en.mp3,pastor_meaning_ko.mp3,pastor_example_en.mp3,pastor_example_ko.mp3,고급,4
patch,패치,,개발자는 보안 문제를 고치기 위해 패치를 배포했다.,The developer released a patch to fix the security problem.,patch.png,patch_word_en.mp3,patch_meaning_ko.mp3,patch_example_en.mp3,patch_example_ko.mp3,고급,4
patent,특허,,그 회사는 새로운 기술로 특허를 받았다.,The company received a patent for its new technology.,patent.png,patent_word_en.mp3,patent_meaning_ko.mp3,patent_example_en.mp3,patent_example_ko.mp3,비즈니스,3
pathway,통로,,공원 안에는 자전거가 다닐 수 있는 통로가 있다.,There is a pathway in the park where bicycles can go.,pathway.png,pathway_word_en.mp3,pathway_meaning_ko.mp3,pathway_example_en.mp3,pathway_example_ko.mp3,고급,4
patrol,순찰,,경찰은 밤마다 동네를 순찰한다.,The police patrol the neighborhood every night.,patrol.png,patrol_word_en.mp3,patrol_meaning_ko.mp3,patrol_example_en.mp3,patrol_example_ko.mp3,고급,4
patron,후원자,,그 예술가는 오랜 후원자의 도움을 받았다.,The artist received help from a longtime patron.,patron.png,patron_word_en.mp3,patron_meaning_ko.mp3,patron_example_en.mp3,patron_example_ko.mp3,고급,4
peak,정상,,우리는 산의 정상에 올라가 사진을 찍었다.,We climbed to the peak of the mountain and took photos.,peak.png,peak_word_en.mp3,peak_meaning_ko.mp3,peak_example_en.mp3,peak_example_ko.mp3,여행,2
peasant,소작농,,그 소작농은 남의 땅을 빌려 농사를 지었다.,The peasant farmed land that he rented from someone else.,peasant.png,peasant_word_en.mp3,peasant_meaning_ko.mp3,peasant_example_en.mp3,peasant_example_ko.mp3,고급,4
peculiar,이상한,,그 방에서는 이상한 냄새가 났다.,There was a peculiar smell in the room.,peculiar.png,peculiar_word_en.mp3,peculiar_meaning_ko.mp3,peculiar_example_en.mp3,peculiar_example_ko.mp3,고급,4
persist,지속하다,,비가 계속 지속해서 경기가 취소되었다.,"The rain persisted, so the game was canceled.",persist.png,persist_word_en.mp3,persist_meaning_ko.mp3,persist_example_en.mp3,persist_example_ko.mp3,고급,4
persistent,끈질긴,,그는 끈질긴 노력으로 마침내 목표를 이루었다.,He finally achieved his goal through persistent effort.,persistent.png,persistent_word_en.mp3,persistent_meaning_ko.mp3,persistent_example_en.mp3,persistent_example_ko.mp3,고급,4
personnel,직원,,모든 직원은 회의실로 모여 주세요.,"All personnel, please gather in the meeting room.",personnel.png,personnel_word_en.mp3,personnel_meaning_ko.mp3,personnel_example_en.mp3,personnel_example_ko.mp3,고급,4
petition,청원,,주민들은 공원 건설을 위한 청원을 냈다.,The residents submitted a petition for the construction of a park.,petition.png,petition_word_en.mp3,petition_meaning_ko.mp3,petition_example_en.mp3,petition_example_ko.mp3,고급,4
philosopher,철학자,,그 철학자는 인간의 행복에 대해 깊이 생각했다.,The philosopher thought deeply about human happiness.,philosopher.png,philosopher_word_en.mp3,philosopher_meaning_ko.mp3,philosopher_example_en.mp3,philosopher_example_ko.mp3,고급,4
philosophical,철학적인,,그 책은 삶의 의미에 대한 철학적인 질문을 던진다.,The book raises philosophical questions about the meaning of life.,philosophical.png,philosophical_word_en.mp3,philosophical_meaning_ko.mp3,philosophical_example_en.mp3,philosophical_example_ko.mp3,고급,4
physician,의사,,그 의사는 환자의 상태를 자세히 확인했다.,The physician carefully checked the patient's condition.,physician.png,physician_word_en.mp3,physician_meaning_ko.mp3,physician_example_en.mp3,physician_example_ko.mp3,고급,4
pioneer,개척자,,그는 한국 컴퓨터 산업의 개척자로 불린다.,He is called a pioneer of the Korean computer industry.,pioneer.png,pioneer_word_en.mp3,pioneer_meaning_ko.mp3,pioneer_example_en.mp3,pioneer_example_ko.mp3,고급,4
pipeline,파이프라인,,그 파이프라인은 바다에서 도시까지 가스를 운반한다.,The pipeline carries gas from the sea to the city.,pipeline.png,pipeline_word_en.mp3,pipeline_meaning_ko.mp3,pipeline_example_en.mp3,pipeline_example_ko.mp3,고급,4
pirate,해적,,옛날에는 해적들이 배를 공격했다.,"In the past, pirates attacked ships.",pirate.png,pirate_word_en.mp3,pirate_meaning_ko.mp3,pirate_example_en.mp3,pirate_example_ko.mp3,고급,4
pit,구덩이,,길가에 깊은 구덩이가 있어서 조심해야 한다.,"There is a deep pit by the road, so you must be careful.",pit.png,pit_word_en.mp3,pit_meaning_ko.mp3,pit_example_en.mp3,pit_example_ko.mp3,고급,4
plea,호소,,그의 간절한 호소가 사람들의 마음을 움직였다.,His earnest plea moved people's hearts.,plea.png,plea_word_en.mp3,plea_meaning_ko.mp3,plea_example_en.mp3,plea_example_ko.mp3,고급,4
plead,애원하다,,아이는 한 번만 더 기회를 달라고 애원했다.,The child pleaded for one more chance.,plead.png,plead_word_en.mp3,plead_meaning_ko.mp3,plead_example_en.mp3,plead_example_ko.mp3,고급,4
pledge,약속,,그는 친구와의 약속을 꼭 지키겠다고 말했다.,He said he would definitely keep his pledge to his friend.,pledge.png,pledge_word_en.mp3,pledge_meaning_ko.mp3,pledge_example_en.mp3,pledge_example_ko.mp3,고급,4
plug,플러그,,컴퓨터가 켜지지 않아서 플러그를 다시 꽂았다.,"The computer would not turn on, so I plugged in the plug again.",plug.png,plug_word_en.mp3,plug_meaning_ko.mp3,plug_example_en.mp3,plug_example_ko.mp3,고급,4
plunge,급락하다,,주식 가격이 하루 만에 급락했다.,The stock price plunged in just one day.,plunge.png,plunge_word_en.mp3,plunge_meaning_ko.mp3,plunge_example_en.mp3,plunge_example_ko.mp3,고급,4
pole,기둥,,길가의 기둥에 표지판이 붙어 있다.,A sign is attached to the pole by the road.,pole.png,pole_word_en.mp3,pole_meaning_ko.mp3,pole_example_en.mp3,pole_example_ko.mp3,고급,4
poll,여론 조사,,여론 조사에 따르면 많은 사람들이 그 정책을 지지한다.,"According to the poll, many people support the policy.",poll.png,poll_word_en.mp3,poll_meaning_ko.mp3,poll_example_en.mp3,poll_example_ko.mp3,고급,4
pond,연못,,연못 위에 작은 오리들이 떠 있었다.,Small ducks were floating on the pond.,pond.png,pond_word_en.mp3,pond_meaning_ko.mp3,pond_example_en.mp3,pond_example_ko.mp3,고급,4
portfolio,포트폴리오,,그 학생은 면접을 위해 자신의 포트폴리오를 준비했다.,The student prepared his portfolio for the interview.,portfolio.png,portfolio_word_en.mp3,portfolio_meaning_ko.mp3,portfolio_example_en.mp3,portfolio_example_ko.mp3,비즈니스,3
portray,묘사하다,,그 영화는 가족의 사랑을 따뜻하게 묘사한다.,The movie warmly portrays the love of a family.,portray.png,portray_word_en.mp3,portray_meaning_ko.mp3,portray_example_en.mp3,portray_example_ko.mp3,고급,4
post-war,전후의,,전후의 사람들은 무너진 도시를 다시 세웠다.,Post-war people rebuilt the destroyed city.,post-war.png,post-war_word_en.mp3,post-war_meaning_ko.mp3,post-war_example_en.mp3,post-war_example_ko.mp3,고급,4
postpone,연기하다,,비 때문에 학교 운동회를 다음 주로 연기했다.,The school sports day was postponed until next week because of the rain.,postpone.png,postpone_word_en.mp3,postpone_meaning_ko.mp3,postpone_example_en.mp3,postpone_example_ko.mp3,고급,4
practitioner,종사자,,의료 종사자들은 환자의 안전을 가장 중요하게 생각한다.,Medical practitioners consider patient safety the most important thing.,practitioner.png,practitioner_word_en.mp3,practitioner_meaning_ko.mp3,practitioner_example_en.mp3,practitioner_example_ko.mp3,고급,4
preach,설교하다,,목사님은 일요일마다 교회에서 설교한다.,The pastor preaches at church every Sunday.,preach.png,preach_word_en.mp3,preach_meaning_ko.mp3,preach_example_en.mp3,preach_example_ko.mp3,고급,4
precedent,선례,,이 판결은 앞으로 중요한 선례가 될 것이다.,This ruling will become an important precedent in the future.,precedent.png,precedent_word_en.mp3,precedent_meaning_ko.mp3,precedent_example_en.mp3,precedent_example_ko.mp3,고급,4
precision,정밀,,이 기계는 정밀 작업에 사용된다.,This machine is used for precision work.,precision.png,precision_word_en.mp3,precision_meaning_ko.mp3,precision_example_en.mp3,precision_example_ko.mp3,고급,4
predator,포식자,,사자는 초원의 강한 포식자이다.,The lion is a strong predator of the grassland.,predator.png,predator_word_en.mp3,predator_meaning_ko.mp3,predator_example_en.mp3,predator_example_ko.mp3,고급,4
predecessor,전임자,,새 사장은 전임자의 계획을 계속 진행했다.,The new president continued the plans of his predecessor.,predecessor.png,predecessor_word_en.mp3,predecessor_meaning_ko.mp3,predecessor_example_en.mp3,predecessor_example_ko.mp3,고급,4
predominantly,주로,,이 지역 사람들은 주로 농업에 종사한다.,People in this area are predominantly engaged in farming.,predominantly.png,predominantly_word_en.mp3,predominantly_meaning_ko.mp3,predominantly_example_en.mp3,predominantly_example_ko.mp3,고급,4
pregnancy,임신,,그녀는 임신 중이라서 무거운 물건을 들지 않는다.,"She is pregnant, so she does not lift heavy things.",pregnancy.png,pregnancy_word_en.mp3,pregnancy_meaning_ko.mp3,pregnancy_example_en.mp3,pregnancy_example_ko.mp3,고급,4
prejudice,편견,,우리는 편견 없이 다른 문화를 이해해야 한다.,We should understand other cultures without prejudice.,prejudice.png,prejudice_word_en.mp3,prejudice_meaning_ko.mp3,prejudice_example_en.mp3,prejudice_example_ko.mp3,고급,4
preliminary,예비의,,예비의 조사가 끝난 후 본격적인 연구가 시작되었다.,"After the preliminary investigation ended, the full research began.",preliminary.png,preliminary_word_en.mp3,preliminary_meaning_ko.mp3,preliminary_example_en.mp3,preliminary_example_ko.mp3,고급,4
premier,최고의,,그 호텔은 이 도시에서 최고의 호텔로 유명하다.,The hotel is famous as the premier hotel in this city.,premier.png,premier_word_en.mp3,premier_meaning_ko.mp3,premier_example_en.mp3,premier_example_ko.mp3,고급,4
premise,전제,,그 주장은 잘못된 전제에서 시작되었다.,The argument began from a wrong premise.,premise.png,premise_word_en.mp3,premise_meaning_ko.mp3,premise_example_en.mp3,premise_example_ko.mp3,고급,4
premium,보험료,,이번 달 보험료를 아직 내지 않았다.,I have not paid this month's insurance premium yet.,premium.png,premium_word_en.mp3,premium_meaning_ko.mp3,premium_example_en.mp3,premium_example_ko.mp3,쇼핑,2
prescribe,처방하다,,의사는 감기약을 처방했다.,The doctor prescribed cold medicine.,prescribe.png,prescribe_word_en.mp3,prescribe_meaning_ko.mp3,prescribe_example_en.mp3,prescribe_example_ko.mp3,고급,4
prescription,처방전,,약국에서 약을 받으려면 처방전이 필요하다.,You need a prescription to get medicine at the pharmacy.,prescription.png,prescription_word_en.mp3,prescription_meaning_ko.mp3,prescription_example_en.mp3,prescription_example_ko.mp3,고급,4
presently,현재,,그 회사는 현재 새로운 제품을 개발하고 있다.,The company is presently developing a new product.,presently.png,presently_word_en.mp3,presently_meaning_ko.mp3,presently_example_en.mp3,presently_example_ko.mp3,고급,4
preservation,보존,,문화재의 보존은 매우 중요하다.,The preservation of cultural heritage is very important.,preservation.png,preservation_word_en.mp3,preservation_meaning_ko.mp3,preservation_example_en.mp3,preservation_example_ko.mp3,고급,4
preside,주재하다,,위원장이 오늘 회의를 주재했다.,The chairperson presided over today's meeting.,preside.png,preside_word_en.mp3,preside_meaning_ko.mp3,preside_example_en.mp3,preside_example_ko.mp3,고급,4
presidency,대통령직,,그는 대통령직을 맡은 후 여러 개혁을 시작했다.,"After taking the presidency, he began several reforms.",presidency.png,presidency_word_en.mp3,presidency_meaning_ko.mp3,presidency_example_en.mp3,presidency_example_ko.mp3,고급,4
presidential,대통령의,,대통령의 연설이 전국에 방송되었다.,The presidential speech was broadcast nationwide.,presidential.png,presidential_word_en.mp3,presidential_meaning_ko.mp3,presidential_example_en.mp3,presidential_example_ko.mp3,고급,4
prestigious,일류의,,그는 일류의 대학에 합격했다.,He was accepted into a prestigious university.,prestigious.png,prestigious_word_en.mp3,prestigious_meaning_ko.mp3,prestigious_example_en.mp3,prestigious_example_ko.mp3,고급,4
presumably,아마,,그는 아마 곧 도착할 것이다.,He will presumably arrive soon.,presumably.png,presumably_word_en.mp3,presumably_meaning_ko.mp3,presumably_example_en.mp3,presumably_example_ko.mp3,고급,4
presume,추정하다,,경찰은 그가 밤에 집을 나간 것으로 추정했다.,The police presumed that he left home at night.,presume.png,presume_word_en.mp3,presume_meaning_ko.mp3,presume_example_en.mp3,presume_example_ko.mp3,고급,4
prevail,널리 퍼지다,,그 소문은 학교에 빠르게 널리 퍼졌다.,The rumor quickly prevailed throughout the school.,prevail.png,prevail_word_en.mp3,prevail_meaning_ko.mp3,prevail_example_en.mp3,prevail_example_ko.mp3,고급,4
prevalence,유행,,독감의 유행으로 많은 학생들이 결석했다.,Many students were absent because of the prevalence of the flu.,prevalence.png,prevalence_word_en.mp3,prevalence_meaning_ko.mp3,prevalence_example_en.mp3,prevalence_example_ko.mp3,고급,4
prevention,예방,,손 씻기는 감기 예방에 도움이 된다.,Washing your hands helps with the prevention of colds.,prevention.png,prevention_word_en.mp3,prevention_meaning_ko.mp3,prevention_example_en.mp3,prevention_example_ko.mp3,고급,4
prey,먹잇감,,토끼는 여우의 먹잇감이 될 수 있다.,A rabbit can become prey for a fox.,prey.png,prey_word_en.mp3,prey_meaning_ko.mp3,prey_example_en.mp3,prey_example_ko.mp3,고급,4
privatization,민영화,,정부는 철도 민영화 계획을 발표했다.,The government announced a plan for railway privatization.,privatization.png,privatization_word_en.mp3,privatization_meaning_ko.mp3,privatization_example_en.mp3,privatization_example_ko.mp3,고급,4
privilege,특권,,그는 특별 회원에게만 주어지는 특권을 받았다.,He received a privilege given only to special members.,privilege.png,privilege_word_en.mp3,privilege_meaning_ko.mp3,privilege_example_en.mp3,privilege_example_ko.mp3,고급,4
probe,조사하다,,경찰은 사고의 원인을 조사하고 있다.,The police are probing the cause of the accident.,probe.png,probe_word_en.mp3,probe_meaning_ko.mp3,probe_example_en.mp3,probe_example_ko.mp3,고급,4
problematic,문제가 있는,,이 계획에는 문제가 있는 부분이 많아요.,There are many problematic parts in this plan.,problematic.png,problematic_word_en.mp3,problematic_meaning_ko.mp3,problematic_example_en.mp3,problematic_example_ko.mp3,고급,4
proceeding,절차,,비자 신청 절차는 생각보다 간단했어요.,The visa application procedure was simpler than I expected.,proceeding.png,proceeding_word_en.mp3,proceeding_meaning_ko.mp3,proceeding_example_en.mp3,proceeding_example_ko.mp3,고급,4
proceeds,수익금,,바자회의 수익금은 모두 병원에 기부되었습니다.,All the proceeds from the bazaar were donated to the hospital.,proceeds.png,proceeds_word_en.mp3,proceeds_meaning_ko.mp3,proceeds_example_en.mp3,proceeds_example_ko.mp3,고급,4
processing,처리,,서류 처리에는 보통 이틀이 걸립니다.,Document processing usually takes two days.,processing.png,processing_word_en.mp3,processing_meaning_ko.mp3,processing_example_en.mp3,processing_example_ko.mp3,고급,4
processor,프로세서,,이 컴퓨터는 빠른 프로세서를 가지고 있어요.,This computer has a fast processor.,processor.png,processor_word_en.mp3,processor_meaning_ko.mp3,processor_example_en.mp3,processor_example_ko.mp3,고급,4
proclaim,선언하다,,시장님은 새로운 축제의 시작을 선언했습니다.,The mayor proclaimed the start of the new festival.,proclaim.png,proclaim_word_en.mp3,proclaim_meaning_ko.mp3,proclaim_example_en.mp3,proclaim_example_ko.mp3,고급,4
productive,생산적인,,오늘 회의는 매우 생산적인 시간이었어요.,Today's meeting was a very productive time.,productive.png,productive_word_en.mp3,productive_meaning_ko.mp3,productive_example_en.mp3,productive_example_ko.mp3,고급,4
productivity,생산성,,충분한 휴식은 생산성을 높일 수 있어요.,Enough rest can improve productivity.,productivity.png,productivity_word_en.mp3,productivity_meaning_ko.mp3,productivity_example_en.mp3,productivity_example_ko.mp3,비즈니스,3
profitable,수익성이 좋은,,그 회사는 수익성이 좋은 사업에 투자했습니다.,The company invested in a profitable business.,profitable.png,profitable_word_en.mp3,profitable_meaning_ko.mp3,profitable_example_en.mp3,profitable_example_ko.mp3,고급,4
profound,심오한,,그 책은 삶에 대한 심오한 질문을 던집니다.,The book raises profound questions about life.,profound.png,profound_word_en.mp3,profound_meaning_ko.mp3,profound_example_en.mp3,profound_example_ko.mp3,고급,4
projection,예측,,내년 매출 예측은 매우 긍정적입니다.,The sales projection for next year is very positive.,projection.png,projection_word_en.mp3,projection_meaning_ko.mp3,projection_example_en.mp3,projection_example_ko.mp3,고급,4
prominent,유명한,,그는 한국에서 유명한 과학자입니다.,He is a prominent scientist in Korea.,prominent.png,prominent_word_en.mp3,prominent_meaning_ko.mp3,prominent_example_en.mp3,prominent_example_ko.mp3,고급,4
pronounced,뚜렷한,,두 제품 사이에는 뚜렷한 차이가 있습니다.,There is a pronounced difference between the two products.,pronounced.png,pronounced_word_en.mp3,pronounced_meaning_ko.mp3,pronounced_example_en.mp3,pronounced_example_ko.mp3,고급,4
propaganda,정치 선전,,그 신문은 정부의 정치 선전을 비판했습니다.,The newspaper criticized the government's propaganda.,propaganda.png,propaganda_word_en.mp3,propaganda_meaning_ko.mp3,propaganda_example_en.mp3,propaganda_example_ko.mp3,고급,4
proposition,제안,,그의 제안은 회의에서 바로 논의되었습니다.,His proposition was discussed immediately at the meeting.,proposition.png,proposition_word_en.mp3,proposition_meaning_ko.mp3,proposition_example_en.mp3,proposition_example_ko.mp3,고급,4
prosecute,기소하다,,검찰은 그 회사를 사기 혐의로 기소했습니다.,The prosecution prosecuted the company for fraud.,prosecute.png,prosecute_word_en.mp3,prosecute_meaning_ko.mp3,prosecute_example_en.mp3,prosecute_example_ko.mp3,고급,4
prosecution,기소,,그 사건의 기소는 많은 관심을 받았습니다.,The prosecution of the case received a lot of attention.,prosecution.png,prosecution_word_en.mp3,prosecution_meaning_ko.mp3,prosecution_example_en.mp3,prosecution_example_ko.mp3,고급,4
prosecutor,검사,,검사는 법정에서 증거를 제시했습니다.,The prosecutor presented evidence in court.,prosecutor.png,prosecutor_word_en.mp3,prosecutor_meaning_ko.mp3,prosecutor_example_en.mp3,prosecutor_example_ko.mp3,고급,4
prospective,장래의,,장래의 고객들을 위해 설명회를 열었습니다.,They held an information session for prospective customers.,prospective.png,prospective_word_en.mp3,prospective_meaning_ko.mp3,prospective_example_en.mp3,prospective_example_ko.mp3,고급,4
prosperity,번영,,국가의 번영은 교육과 기술에 달려 있습니다.,A nation's prosperity depends on education and technology.,prosperity.png,prosperity_word_en.mp3,prosperity_meaning_ko.mp3,prosperity_example_en.mp3,prosperity_example_ko.mp3,고급,4
protective,보호하는,,아이들은 보호하는 장비를 착용해야 합니다.,Children must wear protective equipment.,protective.png,protective_word_en.mp3,protective_meaning_ko.mp3,protective_example_en.mp3,protective_example_ko.mp3,고급,4
protocol,프로토콜,,이 프로그램은 안전한 통신 프로토콜을 사용합니다.,This program uses a secure communication protocol.,protocol.png,protocol_word_en.mp3,protocol_meaning_ko.mp3,protocol_example_en.mp3,protocol_example_ko.mp3,고급,4
province,지방,,그는 수도를 떠나 조용한 지방에서 살고 있습니다.,He left the capital and lives in a quiet province.,province.png,province_word_en.mp3,province_meaning_ko.mp3,province_example_en.mp3,province_example_ko.mp3,여행,2
provincial,지방의,,지방의 작은 학교에서도 좋은 교육을 받을 수 있어요.,You can receive a good education even at a small provincial school.,provincial.png,provincial_word_en.mp3,provincial_meaning_ko.mp3,provincial_example_en.mp3,provincial_example_ko.mp3,고급,4
provision,조항,,계약서의 이 조항을 자세히 읽어 보세요.,Please read this provision of the contract carefully.,provision.png,provision_word_en.mp3,provision_meaning_ko.mp3,provision_example_en.mp3,provision_example_ko.mp3,고급,4
provoke,불러일으키다,,그 영화는 관객의 깊은 감정을 불러일으켰습니다.,The movie provoked deep emotions in the audience.,provoke.png,provoke_word_en.mp3,provoke_meaning_ko.mp3,provoke_example_en.mp3,provoke_example_ko.mp3,고급,4
psychiatric,정신과의,,그 병원에는 정신과의 전문 치료 프로그램이 있습니다.,The hospital has a specialized psychiatric treatment program.,psychiatric.png,psychiatric_word_en.mp3,psychiatric_meaning_ko.mp3,psychiatric_example_en.mp3,psychiatric_example_ko.mp3,고급,4
pulse,맥박,,간호사가 환자의 맥박을 확인했습니다.,The nurse checked the patient's pulse.,pulse.png,pulse_word_en.mp3,pulse_meaning_ko.mp3,pulse_example_en.mp3,pulse_example_ko.mp3,고급,4
pump,펌프,,이 펌프는 지하수를 끌어올리는 데 사용됩니다.,This pump is used to draw up groundwater.,pump.png,pump_word_en.mp3,pump_meaning_ko.mp3,pump_example_en.mp3,pump_example_ko.mp3,고급,4
punch,주먹으로 치다,,그는 화가 나서 벽을 주먹으로 쳤습니다.,He got angry and punched the wall.,punch.png,punch_word_en.mp3,punch_meaning_ko.mp3,punch_example_en.mp3,punch_example_ko.mp3,고급,4
query,질문,,고객의 질문에 친절하게 답변해 주세요.,Please answer the customer's query kindly.,query.png,query_word_en.mp3,query_meaning_ko.mp3,query_example_en.mp3,query_example_ko.mp3,고급,4
quest,탐구,,그 과학자는 진실에 대한 탐구를 계속했습니다.,The scientist continued his quest for truth.,quest.png,quest_word_en.mp3,quest_meaning_ko.mp3,quest_example_en.mp3,quest_example_ko.mp3,고급,4
quota,할당량,,이번 달 판매 할당량을 모두 채웠습니다.,We met the sales quota for this month.,quota.png,quota_word_en.mp3,quota_meaning_ko.mp3,quota_example_en.mp3,quota_example_ko.mp3,비즈니스,3
radar,레이더,,레이더가 멀리 있는 배를 발견했습니다.,The radar detected a ship far away.,radar.png,radar_word_en.mp3,radar_meaning_ko.mp3,radar_example_en.mp3,radar_example_ko.mp3,고급,4
radical,급진적인,,그 정치인은 급진적인 변화를 주장했습니다.,The politician argued for radical change.,radical.png,radical_word_en.mp3,radical_meaning_ko.mp3,radical_example_en.mp3,radical_example_ko.mp3,고급,4
rage,분노,,그는 분노를 참지 못하고 소리를 질렀습니다.,He could not hold back his rage and shouted.,rage.png,rage_word_en.mp3,rage_meaning_ko.mp3,rage_example_en.mp3,rage_example_ko.mp3,고급,4
raid,급습,,경찰의 급습으로 범인들이 체포되었습니다.,The criminals were arrested in a police raid.,raid.png,raid_word_en.mp3,raid_meaning_ko.mp3,raid_example_en.mp3,raid_example_ko.mp3,고급,4
rally,집회,,많은 시민들이 평화 집회에 참여했습니다.,Many citizens took part in the peace rally.,rally.png,rally_word_en.mp3,rally_meaning_ko.mp3,rally_example_en.mp3,rally_example_ko.mp3,고급,4
ranking,순위,,그 선수는 세계 순위에서 1위를 차지했습니다.,The athlete took first place in the world ranking.,ranking.png,ranking_word_en.mp3,ranking_meaning_ko.mp3,ranking_example_en.mp3,ranking_example_ko.mp3,고급,4
rape,강간,,강간은 피해자에게 큰 상처를 주는 심각한 범죄입니다.,Rape is a serious crime that causes great harm to the victim.,,rape_word_en.mp3,rape_meaning_ko.mp3,rape_example_en.mp3,rape_example_ko.mp3,고급,4
ratio,비율,,학생과 교사의 비율이 낮을수록 수업이 더 효과적입니다.,"The lower the ratio of students to teachers, the more effective the class is.",ratio.png,ratio_word_en.mp3,ratio_meaning_ko.mp3,ratio_example_en.mp3,ratio_example_ko.mp3,고급,4
rational,합리적인,,우리는 감정보다 합리적인 판단이 필요합니다.,We need rational judgment rather than emotion.,rational.png,rational_word_en.mp3,rational_meaning_ko.mp3,rational_example_en.mp3,rational_example_ko.mp3,고급,4
ray,광선,,아침 햇빛의 광선이 창문으로 들어왔습니다.,A ray of morning sunlight came through the window.,ray.png,ray_word_en.mp3,ray_meaning_ko.mp3,ray_example_en.mp3,ray_example_ko.mp3,고급,4
readily,쉽게,,이 설명서는 초보자도 쉽게 이해할 수 있습니다.,This manual can be readily understood even by beginners.,readily.png,readily_word_en.mp3,readily_meaning_ko.mp3,readily_example_en.mp3,readily_example_ko.mp3,고급,4
realization,깨달음,,그는 가족의 소중함에 대한 깨달음을 얻었습니다.,He gained the realization of how precious his family is.,realization.png,realization_word_en.mp3,realization_meaning_ko.mp3,realization_example_en.mp3,realization_example_ko.mp3,고급,4
realm,분야,,인공지능은 의료 분야에서 빠르게 발전하고 있습니다.,Artificial intelligence is developing rapidly in the realm of medicine.,realm.png,realm_word_en.mp3,realm_meaning_ko.mp3,realm_example_en.mp3,realm_example_ko.mp3,고급,4
rear,뒤쪽,,버스의 뒤쪽에 빈자리가 있습니다.,There is an empty seat at the rear of the bus.,rear.png,rear_word_en.mp3,rear_meaning_ko.mp3,rear_example_en.mp3,rear_example_ko.mp3,고급,4
reasoning,추론,,그의 추론은 매우 논리적이었습니다.,His reasoning was very logical.,reasoning.png,reasoning_word_en.mp3,reasoning_meaning_ko.mp3,reasoning_example_en.mp3,reasoning_example_ko.mp3,고급,4
reassure,안심시키다,,의사는 환자를 안심시키기 위해 천천히 설명했습니다.,The doctor explained slowly to reassure the patient.,reassure.png,reassure_word_en.mp3,reassure_meaning_ko.mp3,reassure_example_en.mp3,reassure_example_ko.mp3,고급,4
rebel,반란군,,반란군은 산속으로 도망쳤습니다.,The rebels fled into the mountains.,rebel.png,rebel_word_en.mp3,rebel_meaning_ko.mp3,rebel_example_en.mp3,rebel_example_ko.mp3,고급,4
rebellion,반란,,그 반란은 몇 달 만에 끝났습니다.,The rebellion ended after a few months.,rebellion.png,rebellion_word_en.mp3,rebellion_meaning_ko.mp3,rebellion_example_en.mp3,rebellion_example_ko.mp3,고급,4
recipient,수령인,,택배 상자에 수령인의 이름을 적어 주세요.,Please write the recipient's name on the delivery box.,recipient.png,recipient_word_en.mp3,recipient_meaning_ko.mp3,recipient_example_en.mp3,recipient_example_ko.mp3,고급,4
reconstruction,재건,,전쟁 후 도시의 재건이 시작되었습니다.,The reconstruction of the city began after the war.,reconstruction.png,reconstruction_word_en.mp3,reconstruction_meaning_ko.mp3,reconstruction_example_en.mp3,reconstruction_example_ko.mp3,고급,4
recount,이야기하다,,할머니는 어린 시절의 이야기를 자세히 이야기했습니다.,Grandmother recounted stories from her childhood in detail.,recount.png,recount_word_en.mp3,recount_meaning_ko.mp3,recount_example_en.mp3,recount_example_ko.mp3,고급,4
referendum,국민투표,,그 법안은 국민투표로 결정될 예정입니다.,The bill will be decided by referendum.,referendum.png,referendum_word_en.mp3,referendum_meaning_ko.mp3,referendum_example_en.mp3,referendum_example_ko.mp3,고급,4
reflection,반사,,호수에 산의 반사가 선명하게 보였습니다.,The reflection of the mountain was clearly visible on the lake.,reflection.png,reflection_word_en.mp3,reflection_meaning_ko.mp3,reflection_example_en.mp3,reflection_example_ko.mp3,고급,4
reform,개혁,,정부는 교육 개혁을 추진하고 있습니다.,The government is promoting education reform.,reform.png,reform_word_en.mp3,reform_meaning_ko.mp3,reform_example_en.mp3,reform_example_ko.mp3,고급,4
refuge,피난처,,폭풍이 오자 사람들은 학교에서 피난처를 찾았습니다.,"When the storm came, people found refuge in the school.",refuge.png,refuge_word_en.mp3,refuge_meaning_ko.mp3,refuge_example_en.mp3,refuge_example_ko.mp3,위기탈출,3
refusal,거절,,그의 거절은 모두를 놀라게 했습니다.,His refusal surprised everyone.,refusal.png,refusal_word_en.mp3,refusal_meaning_ko.mp3,refusal_example_en.mp3,refusal_example_ko.mp3,고급,4
regain,되찾다,,그는 오랜 연습 끝에 자신감을 되찾았습니다.,He regained his confidence after a long period of practice.,regain.png,regain_word_en.mp3,regain_meaning_ko.mp3,regain_example_en.mp3,regain_example_ko.mp3,고급,4
regardless,어쨌든,,어쨌든 우리는 내일 다시 만나기로 했어요.,"Anyway, we decided to meet again tomorrow.",regardless.png,regardless_word_en.mp3,regardless_meaning_ko.mp3,regardless_example_en.mp3,regardless_example_ko.mp3,고급,4
regime,정권,,새 정권은 교육 정책을 바꾸겠다고 발표했어요.,The new regime announced that it would change the education policy.,regime.png,regime_word_en.mp3,regime_meaning_ko.mp3,regime_example_en.mp3,regime_example_ko.mp3,고급,4
regulator,규제 기관,,규제 기관은 그 회사에 벌금을 부과했어요.,The regulator imposed a fine on the company.,regulator.png,regulator_word_en.mp3,regulator_meaning_ko.mp3,regulator_example_en.mp3,regulator_example_ko.mp3,고급,4
regulatory,규제의,,그 회사는 규제의 기준을 모두 지켜야 해요.,The company must follow all regulatory standards.,regulatory.png,regulatory_word_en.mp3,regulatory_meaning_ko.mp3,regulatory_example_en.mp3,regulatory_example_ko.mp3,고급,4
rehabilitation,재활,,그는 다리 수술 후 재활을 받고 있어요.,He is receiving rehabilitation after leg surgery.,rehabilitation.png,rehabilitation_word_en.mp3,rehabilitation_meaning_ko.mp3,rehabilitation_example_en.mp3,rehabilitation_example_ko.mp3,고급,4
reign,통치,,그 왕의 통치는 30년 동안 계속되었어요.,The king's reign lasted for thirty years.,reign.png,reign_word_en.mp3,reign_meaning_ko.mp3,reign_example_en.mp3,reign_example_ko.mp3,고급,4
rejection,거절,,그녀는 회사의 거절을 받고 실망했어요.,She was disappointed after receiving the company's rejection.,rejection.png,rejection_word_en.mp3,rejection_meaning_ko.mp3,rejection_example_en.mp3,rejection_example_ko.mp3,고급,4
relevance,연관성,,이 자료는 우리 주제와 연관성이 있어요.,This material has relevance to our topic.,relevance.png,relevance_word_en.mp3,relevance_meaning_ko.mp3,relevance_example_en.mp3,relevance_example_ko.mp3,고급,4
reliability,신뢰성,,이 제품은 신뢰성이 높아서 많은 사람들이 사용해요.,"This product has high reliability, so many people use it.",reliability.png,reliability_word_en.mp3,reliability_meaning_ko.mp3,reliability_example_en.mp3,reliability_example_ko.mp3,고급,4
reluctant,꺼리는,,그는 돈을 빌려주는 것을 꺼리는 표정을 지었어요.,He looked reluctant to lend money.,reluctant.png,reluctant_word_en.mp3,reluctant_meaning_ko.mp3,reluctant_example_en.mp3,reluctant_example_ko.mp3,고급,4
remainder,나머지,,케이크의 나머지는 냉장고에 넣어 주세요.,Please put the remainder of the cake in the refrigerator.,remainder.png,remainder_word_en.mp3,remainder_meaning_ko.mp3,remainder_example_en.mp3,remainder_example_ko.mp3,고급,4
remains,유해,,전쟁터에서 군인의 유해가 발견되었어요.,The remains of a soldier were found on the battlefield.,remains.png,remains_word_en.mp3,remains_meaning_ko.mp3,remains_example_en.mp3,remains_example_ko.mp3,고급,4
remedy,해결책,,우리는 이 문제의 해결책을 빨리 찾아야 해요.,We need to find a remedy for this problem quickly.,remedy.png,remedy_word_en.mp3,remedy_meaning_ko.mp3,remedy_example_en.mp3,remedy_example_ko.mp3,고급,4
reminder,상기시키는 것,,휴대폰 알림은 약속을 상기시키는 것이에요.,A phone notification is a reminder of an appointment.,reminder.png,reminder_word_en.mp3,reminder_meaning_ko.mp3,reminder_example_en.mp3,reminder_example_ko.mp3,고급,4
removal,제거,,벽에 붙은 낙서의 제거가 필요해요.,The removal of the graffiti on the wall is necessary.,removal.png,removal_word_en.mp3,removal_meaning_ko.mp3,removal_example_en.mp3,removal_example_ko.mp3,고급,4
render,만들다,,그 소식은 모두를 조용하게 만들었어요.,The news rendered everyone silent.,render.png,render_word_en.mp3,render_meaning_ko.mp3,render_example_en.mp3,render_example_ko.mp3,고급,4
renew,갱신하다,,저는 다음 주에 여권을 갱신할 거예요.,I will renew my passport next week.,renew.png,renew_word_en.mp3,renew_meaning_ko.mp3,renew_example_en.mp3,renew_example_ko.mp3,고급,4
renowned,유명한,,그는 세계적으로 유명한 과학자예요.,He is a world-renowned scientist.,renowned.png,renowned_word_en.mp3,renowned_meaning_ko.mp3,renowned_example_en.mp3,renowned_example_ko.mp3,고급,4
rental,대여,,자전거 대여는 한 시간에 오천 원이에요.,Bicycle rental costs five thousand won per hour.,rental.png,rental_word_en.mp3,rental_meaning_ko.mp3,rental_example_en.mp3,rental_example_ko.mp3,고급,4
replacement,교체,,고장 난 부품의 교체가 필요해요.,Replacement of the broken part is necessary.,replacement.png,replacement_word_en.mp3,replacement_meaning_ko.mp3,replacement_example_en.mp3,replacement_example_ko.mp3,고급,4
reportedly,보고에 의하면,,보고에 의하면 그 사고로 세 명이 다쳤어요.,"Reportedly, three people were injured in the accident.",reportedly.png,reportedly_word_en.mp3,reportedly_meaning_ko.mp3,reportedly_example_en.mp3,reportedly_example_ko.mp3,고급,4
representation,표현,,이 그림은 평화의 표현으로 유명해요.,This painting is famous as a representation of peace.,representation.png,representation_word_en.mp3,representation_meaning_ko.mp3,representation_example_en.mp3,representation_example_ko.mp3,고급,4
reproduce,재현하다,,학생들은 실험 결과를 다시 재현하려고 했어요.,The students tried to reproduce the experiment results.,reproduce.png,reproduce_word_en.mp3,reproduce_meaning_ko.mp3,reproduce_example_en.mp3,reproduce_example_ko.mp3,고급,4
reproduction,복제,,이 그림의 복제는 박물관 가게에서 팔아요.,A reproduction of this painting is sold at the museum shop.,reproduction.png,reproduction_word_en.mp3,reproduction_meaning_ko.mp3,reproduction_example_en.mp3,reproduction_example_ko.mp3,고급,4
republic,공화국,,대한민국은 민주 공화국이에요.,The Republic of Korea is a democratic republic.,republic.png,republic_word_en.mp3,republic_meaning_ko.mp3,republic_example_en.mp3,republic_example_ko.mp3,고급,4
resemble,닮다,,그 아이는 어머니를 많이 닮았어요.,The child resembles his mother a lot.,resemble.png,resemble_word_en.mp3,resemble_meaning_ko.mp3,resemble_example_en.mp3,resemble_example_ko.mp3,고급,4
reside,거주하다,,그 가족은 서울에 거주하고 있어요.,The family resides in Seoul.,reside.png,reside_word_en.mp3,reside_meaning_ko.mp3,reside_example_en.mp3,reside_example_ko.mp3,고급,4
residence,거주지,,이곳이 제 공식 거주지입니다.,This is my official residence.,residence.png,residence_word_en.mp3,residence_meaning_ko.mp3,residence_example_en.mp3,residence_example_ko.mp3,고급,4
residential,주거의,,이 지역은 조용한 주거의 공간이에요.,This area is a quiet residential space.,residential.png,residential_word_en.mp3,residential_meaning_ko.mp3,residential_example_en.mp3,residential_example_ko.mp3,고급,4
residue,잔여물,,컵 바닥에 커피 잔여물이 남아 있었어요.,Coffee residue was left at the bottom of the cup.,residue.png,residue_word_en.mp3,residue_meaning_ko.mp3,residue_example_en.mp3,residue_example_ko.mp3,고급,4
resignation,사직,,그의 갑작스러운 사직은 모두를 놀라게 했어요.,His sudden resignation surprised everyone.,resignation.png,resignation_word_en.mp3,resignation_meaning_ko.mp3,resignation_example_en.mp3,resignation_example_ko.mp3,고급,4
resistance,저항,,시민들은 부당한 결정에 저항을 보였어요.,The citizens showed resistance to the unfair decision.,resistance.png,resistance_word_en.mp3,resistance_meaning_ko.mp3,resistance_example_en.mp3,resistance_example_ko.mp3,고급,4
respective,각각의,,학생들은 각각의 자리로 돌아갔어요.,The students returned to their respective seats.,respective.png,respective_word_en.mp3,respective_meaning_ko.mp3,respective_example_en.mp3,respective_example_ko.mp3,고급,4
respectively,각각,,민수와 지나는 각각 1등과 2등을 했어요.,"Minsu and Jina came in first and second, respectively.",respectively.png,respectively_word_en.mp3,respectively_meaning_ko.mp3,respectively_example_en.mp3,respectively_example_ko.mp3,고급,4
restoration,복원,,오래된 궁궐의 복원이 시작되었어요.,The restoration of the old palace began.,restoration.png,restoration_word_en.mp3,restoration_meaning_ko.mp3,restoration_example_en.mp3,restoration_example_ko.mp3,고급,4
restraint,억제,,그는 화가 났지만 억제를 잘했어요.,"He was angry, but he showed good restraint.",,restraint_word_en.mp3,restraint_meaning_ko.mp3,restraint_example_en.mp3,restraint_example_ko.mp3,고급,4
resume,재개하다,,비가 그치자 경기가 재개되었어요.,"When the rain stopped, the game resumed.",resume.png,resume_word_en.mp3,resume_meaning_ko.mp3,resume_example_en.mp3,resume_example_ko.mp3,고급,4
retreat,후퇴,,군대는 강한 공격을 받고 후퇴를 시작했어요.,The army began a retreat after a strong attack.,retreat.png,retreat_word_en.mp3,retreat_meaning_ko.mp3,retreat_example_en.mp3,retreat_example_ko.mp3,고급,4
retrieve,되찾다,,그는 잃어버린 지갑을 경찰서에서 되찾았어요.,He retrieved his lost wallet at the police station.,retrieve.png,retrieve_word_en.mp3,retrieve_meaning_ko.mp3,retrieve_example_en.mp3,retrieve_example_ko.mp3,고급,4
revelation,폭로,,그 정치인의 비리 폭로가 큰 충격을 주었어요.,The revelation of the politician's corruption was a big shock.,revelation.png,revelation_word_en.mp3,revelation_meaning_ko.mp3,revelation_example_en.mp3,revelation_example_ko.mp3,고급,4
revenge,복수,,그는 친구를 위해 복수를 하려고 했어요.,He tried to take revenge for his friend.,revenge.png,revenge_word_en.mp3,revenge_meaning_ko.mp3,revenge_example_en.mp3,revenge_example_ko.mp3,고급,4
reverse,반대,,그의 생각은 내 의견과 완전히 반대였어요.,His idea was the complete reverse of my opinion.,reverse.png,reverse_word_en.mp3,reverse_meaning_ko.mp3,reverse_example_en.mp3,reverse_example_ko.mp3,고급,4
revival,부활,,그 전통 축제의 부활을 많은 사람들이 기뻐했어요.,Many people were happy about the revival of the traditional festival.,revival.png,revival_word_en.mp3,revival_meaning_ko.mp3,revival_example_en.mp3,revival_example_ko.mp3,고급,4
revive,되살리다,,마을 사람들은 오래된 시장을 되살리려고 노력했어요.,The villagers tried to revive the old market.,revive.png,revive_word_en.mp3,revive_meaning_ko.mp3,revive_example_en.mp3,revive_example_ko.mp3,고급,4
revolutionary,혁명적인,,그 회사는 혁명적인 기술을 개발했어요.,The company developed revolutionary technology.,revolutionary.png,revolutionary_word_en.mp3,revolutionary_meaning_ko.mp3,revolutionary_example_en.mp3,revolutionary_example_ko.mp3,고급,4
rhetoric,수사법,,그 연설가는 뛰어난 수사법으로 청중을 설득했어요.,The speaker persuaded the audience with excellent rhetoric.,rhetoric.png,rhetoric_word_en.mp3,rhetoric_meaning_ko.mp3,rhetoric_example_en.mp3,rhetoric_example_ko.mp3,고급,4
rifle,소총,,군인은 훈련장에서 소총을 들고 있었어요.,The soldier was holding a rifle at the training ground.,rifle.png,rifle_word_en.mp3,rifle_meaning_ko.mp3,rifle_example_en.mp3,rifle_example_ko.mp3,고급,4
riot,폭동,,도시 중심에서 큰 폭동이 일어났어요.,A large riot broke out in the city center.,riot.png,riot_word_en.mp3,riot_meaning_ko.mp3,riot_example_en.mp3,riot_example_ko.mp3,고급,4
rip,찢다,,그는 종이를 반으로 찢었어요.,He ripped the paper in half.,rip.png,rip_word_en.mp3,rip_meaning_ko.mp3,rip_example_en.mp3,rip_example_ko.mp3,고급,4
ritual,의식,,그 마을에서는 매년 봄에 전통 의식을 해요.,The village holds a traditional ritual every spring.,ritual.png,ritual_word_en.mp3,ritual_meaning_ko.mp3,ritual_example_en.mp3,ritual_example_ko.mp3,고급,4
robust,튼튼한,,이 의자는 튼튼한 나무로 만들어졌어요.,This chair is made of robust wood.,robust.png,robust_word_en.mp3,robust_meaning_ko.mp3,robust_example_en.mp3,robust_example_ko.mp3,고급,4
rod,막대기,,그는 긴 막대기로 나뭇가지를 건드렸어요.,He touched the tree branch with a long rod.,rod.png,rod_word_en.mp3,rod_meaning_ko.mp3,rod_example_en.mp3,rod_example_ko.mp3,고급,4
rotate,회전하다,,지구는 하루에 한 번 회전해요.,The Earth rotates once a day.,rotate.png,rotate_word_en.mp3,rotate_meaning_ko.mp3,rotate_example_en.mp3,rotate_example_ko.mp3,고급,4
rotation,회전,,지구의 회전은 낮과 밤을 만들어요.,The Earth's rotation creates day and night.,rotation.png,rotation_word_en.mp3,rotation_meaning_ko.mp3,rotation_example_en.mp3,rotation_example_ko.mp3,고급,4
ruling,판결,,법원의 판결은 다음 주에 나올 예정이에요.,The court's ruling is expected next week.,ruling.png,ruling_word_en.mp3,ruling_meaning_ko.mp3,ruling_example_en.mp3,ruling_example_ko.mp3,고급,4
rumour,소문,,그 소문은 사실이 아니었어요.,The rumour was not true.,rumour.png,rumour_word_en.mp3,rumour_meaning_ko.mp3,rumour_example_en.mp3,rumour_example_ko.mp3,고급,4
sack,자루,,농부는 감자를 큰 자루에 담았어요.,The farmer put the potatoes in a large sack.,sack.png,sack_word_en.mp3,sack_meaning_ko.mp3,sack_example_en.mp3,sack_example_ko.mp3,고급,4
sacred,신성한,,이 산은 마을 사람들에게 신성한 장소예요.,This mountain is a sacred place for the villagers.,sacred.png,sacred_word_en.mp3,sacred_meaning_ko.mp3,sacred_example_en.mp3,sacred_example_ko.mp3,고급,4
sacrifice,희생,,그의 희생 덕분에 많은 사람들이 살았어요.,"Thanks to his sacrifice, many people survived.",sacrifice.png,sacrifice_word_en.mp3,sacrifice_meaning_ko.mp3,sacrifice_example_en.mp3,sacrifice_example_ko.mp3,고급,4
saint,성인,,그 성인은 가난한 사람들을 도운 것으로 유명해요.,The saint is famous for helping poor people.,saint.png,saint_word_en.mp3,saint_meaning_ko.mp3,saint_example_en.mp3,saint_example_ko.mp3,고급,4
sake,위함,,이 규칙은 모두의 안전을 위함입니다.,This rule is for everyone's safety.,sake.png,sake_word_en.mp3,sake_meaning_ko.mp3,sake_example_en.mp3,sake_example_ko.mp3,고급,4
sanction,제재,,정부는 그 회사에 강한 제재를 내렸다.,The government imposed strong sanctions on the company.,sanction.png,sanction_word_en.mp3,sanction_meaning_ko.mp3,sanction_example_en.mp3,sanction_example_ko.mp3,고급,4
scattered,흩어진,,바닥에는 흩어진 종이들이 많았다.,There were many scattered papers on the floor.,scattered.png,scattered_word_en.mp3,scattered_meaning_ko.mp3,scattered_example_en.mp3,scattered_example_ko.mp3,고급,4
sceptical,회의적인,,그는 새 계획에 대해 회의적인 태도를 보였다.,He showed a skeptical attitude toward the new plan.,sceptical.png,sceptical_word_en.mp3,sceptical_meaning_ko.mp3,sceptical_example_en.mp3,sceptical_example_ko.mp3,고급,4
scope,범위,,이번 조사의 범위는 세 개 도시로 제한된다.,The scope of this investigation is limited to three cities.,scope.png,scope_word_en.mp3,scope_meaning_ko.mp3,scope_example_en.mp3,scope_example_ko.mp3,고급,4
screw,나사,,의자가 흔들려서 나사를 더 조였다.,"The chair was shaking, so I tightened the screw.",screw.png,screw_word_en.mp3,screw_meaning_ko.mp3,screw_example_en.mp3,screw_example_ko.mp3,고급,4
scrutiny,면밀한 조사,,그 보고서는 전문가들의 면밀한 조사를 받았다.,The report received close scrutiny from experts.,scrutiny.png,scrutiny_word_en.mp3,scrutiny_meaning_ko.mp3,scrutiny_example_en.mp3,scrutiny_example_ko.mp3,고급,4
seal,밀봉하다,,음식이 상하지 않도록 봉투를 밀봉하세요.,Seal the bag so the food does not spoil.,seal.png,seal_word_en.mp3,seal_meaning_ko.mp3,seal_example_en.mp3,seal_example_ko.mp3,고급,4
secular,세속적인,,그 학교는 종교보다 세속적인 교육을 중시한다.,The school values secular education more than religion.,secular.png,secular_word_en.mp3,secular_meaning_ko.mp3,secular_example_en.mp3,secular_example_ko.mp3,고급,4
seemingly,겉보기에는,,그 문제는 겉보기에는 쉬워 보였다.,The problem seemed easy on the surface.,seemingly.png,seemingly_word_en.mp3,seemingly_meaning_ko.mp3,seemingly_example_en.mp3,seemingly_example_ko.mp3,고급,4
segment,부분,,이 영상의 마지막 부분이 가장 재미있다.,The last segment of this video is the most interesting.,segment.png,segment_word_en.mp3,segment_meaning_ko.mp3,segment_example_en.mp3,segment_example_ko.mp3,고급,4
seize,붙잡다,,아이는 엄마의 손을 꼭 붙잡았다.,The child firmly seized his mother's hand.,seize.png,seize_word_en.mp3,seize_meaning_ko.mp3,seize_example_en.mp3,seize_example_ko.mp3,고급,4
seldom,드물게,,그는 바빠서 친구들을 드물게 만난다.,He seldom meets his friends because he is busy.,seldom.png,seldom_word_en.mp3,seldom_meaning_ko.mp3,seldom_example_en.mp3,seldom_example_ko.mp3,고급,4
selective,선택적인,,이 프로그램은 선택적인 참여가 가능하다.,Participation in this program is selective.,selective.png,selective_word_en.mp3,selective_meaning_ko.mp3,selective_example_en.mp3,selective_example_ko.mp3,고급,4
senator,상원 의원,,그 상원 의원은 새로운 법안을 제안했다.,The senator proposed a new bill.,senator.png,senator_word_en.mp3,senator_meaning_ko.mp3,senator_example_en.mp3,senator_example_ko.mp3,고급,4
sensation,감각,,손끝에 차가운 감각이 느껴졌다.,I felt a cold sensation in my fingertips.,sensation.png,sensation_word_en.mp3,sensation_meaning_ko.mp3,sensation_example_en.mp3,sensation_example_ko.mp3,고급,4
sensitivity,민감성,,그 아이는 소리에 대한 민감성이 높다.,The child has high sensitivity to sound.,sensitivity.png,sensitivity_word_en.mp3,sensitivity_meaning_ko.mp3,sensitivity_example_en.mp3,sensitivity_example_ko.mp3,고급,4
sentiment,감정,,그의 말에는 따뜻한 감정이 담겨 있었다.,His words contained warm sentiment.,sentiment.png,sentiment_word_en.mp3,sentiment_meaning_ko.mp3,sentiment_example_en.mp3,sentiment_example_ko.mp3,고급,4
separation,분리,,쓰레기의 분리는 환경 보호에 도움이 된다.,The separation of waste helps protect the environment.,separation.png,separation_word_en.mp3,separation_meaning_ko.mp3,separation_example_en.mp3,separation_example_ko.mp3,고급,4
serial,연속적인,,그 드라마는 연속적인 사건들로 이야기가 진행된다.,The drama progresses through a series of continuous events.,serial.png,serial_word_en.mp3,serial_meaning_ko.mp3,serial_example_en.mp3,serial_example_ko.mp3,고급,4
set-up,설정,,카메라 설정을 바꾸니 사진이 더 선명해졌다.,"After changing the camera settings, the photo became clearer.",set-up.png,set-up_word_en.mp3,set-up_meaning_ko.mp3,set-up_example_en.mp3,set-up_example_ko.mp3,고급,4
settlement,해결,,양측은 긴 대화 끝에 해결에 도달했다.,Both sides reached a settlement after a long discussion.,settlement.png,settlement_word_en.mp3,settlement_meaning_ko.mp3,settlement_example_en.mp3,settlement_example_ko.mp3,고급,4
sexuality,성생활,,건강한 성생활에 대한 교육은 중요하다.,Education about a healthy sex life is important.,sexuality.png,sexuality_word_en.mp3,sexuality_meaning_ko.mp3,sexuality_example_en.mp3,sexuality_example_ko.mp3,고급,4
shareholder,주주,,주주들은 회사의 새 계획에 찬성했다.,The shareholders supported the company's new plan.,shareholder.png,shareholder_word_en.mp3,shareholder_meaning_ko.mp3,shareholder_example_en.mp3,shareholder_example_ko.mp3,비즈니스,3
shatter,산산조각 나다,,컵이 바닥에 떨어져 산산조각 났다.,The cup fell to the floor and shattered.,shatter.png,shatter_word_en.mp3,shatter_meaning_ko.mp3,shatter_example_en.mp3,shatter_example_ko.mp3,고급,4
shed,헛간,,아버지는 헛간에 낡은 자전거를 보관했다.,My father kept the old bicycle in the shed.,shed.png,shed_word_en.mp3,shed_meaning_ko.mp3,shed_example_en.mp3,shed_example_ko.mp3,고급,4
sheer,순전한,,그의 성공은 순전한 노력의 결과였다.,His success was the result of sheer effort.,sheer.png,sheer_word_en.mp3,sheer_meaning_ko.mp3,sheer_example_en.mp3,sheer_example_ko.mp3,고급,4
shipping,배송,,이 상품은 무료 배송이 가능합니다.,Free shipping is available for this product.,shipping.png,shipping_word_en.mp3,shipping_meaning_ko.mp3,shipping_example_en.mp3,shipping_example_ko.mp3,고급,4
shrink,줄어들다,,뜨거운 물에 빨았더니 셔츠가 줄어들었다.,The shirt shrank after I washed it in hot water.,shrink.png,shrink_word_en.mp3,shrink_meaning_ko.mp3,shrink_example_en.mp3,shrink_example_ko.mp3,고급,4
shrug,어깨를 으쓱하다,,그는 대답을 모르겠다는 듯이 어깨를 으쓱했다.,He shrugged as if he did not know the answer.,shrug.png,shrug_word_en.mp3,shrug_meaning_ko.mp3,shrug_example_en.mp3,shrug_example_ko.mp3,고급,4
sigh,한숨을 쉬다,,그녀는 피곤해서 깊게 한숨을 쉬었다.,She sighed deeply because she was tired.,sigh.png,sigh_word_en.mp3,sigh_meaning_ko.mp3,sigh_example_en.mp3,sigh_example_ko.mp3,고급,4
simulate,흉내 내다,,학생들은 실제 면접 상황을 흉내 냈다.,The students simulated a real interview situation.,simulate.png,simulate_word_en.mp3,simulate_meaning_ko.mp3,simulate_example_en.mp3,simulate_example_ko.mp3,고급,4
simulation,모의실험,,과학자들은 지진 모의실험을 진행했다.,The scientists conducted an earthquake simulation.,simulation.png,simulation_word_en.mp3,simulation_meaning_ko.mp3,simulation_example_en.mp3,simulation_example_ko.mp3,고급,4
simultaneously,동시에,,두 사람이 동시에 문을 열었다.,Two people opened the door simultaneously.,simultaneously.png,simultaneously_word_en.mp3,simultaneously_meaning_ko.mp3,simultaneously_example_en.mp3,simultaneously_example_ko.mp3,고급,4
sin,죄,,그는 거짓말을 큰 죄라고 생각한다.,He considers lying a serious sin.,sin.png,sin_word_en.mp3,sin_meaning_ko.mp3,sin_example_en.mp3,sin_example_ko.mp3,고급,4
situated,위치한,,그 호텔은 바닷가 근처에 위치한 건물이다.,The hotel is a building situated near the beach.,situated.png,situated_word_en.mp3,situated_meaning_ko.mp3,situated_example_en.mp3,situated_example_ko.mp3,고급,4
sketch,스케치,,그는 공원에서 나무 스케치를 그렸다.,He drew a sketch of a tree in the park.,sketch.png,sketch_word_en.mp3,sketch_meaning_ko.mp3,sketch_example_en.mp3,sketch_example_ko.mp3,고급,4
skip,건너뛰다,,시간이 없어서 아침 식사를 건너뛰었다.,I skipped breakfast because I did not have time.,skip.png,skip_word_en.mp3,skip_meaning_ko.mp3,skip_example_en.mp3,skip_example_ko.mp3,고급,4
slam,쾅 닫다,,그는 화가 나서 문을 쾅 닫았다.,He slammed the door because he was angry.,slam.png,slam_word_en.mp3,slam_meaning_ko.mp3,slam_example_en.mp3,slam_example_ko.mp3,고급,4
slap,찰싹 때리다,,그녀는 모기를 찰싹 때렸다.,She slapped the mosquito.,slap.png,slap_word_en.mp3,slap_meaning_ko.mp3,slap_example_en.mp3,slap_example_ko.mp3,고급,4
slash,긋다,,그는 종이에 긴 선을 그었다.,He slashed a long line across the paper.,slash.png,slash_word_en.mp3,slash_meaning_ko.mp3,slash_example_en.mp3,slash_example_ko.mp3,고급,4
slavery,노예 제도,,노예 제도는 인간의 자유를 빼앗았다.,Slavery took away human freedom.,slavery.png,slavery_word_en.mp3,slavery_meaning_ko.mp3,slavery_example_en.mp3,slavery_example_ko.mp3,고급,4
slot,투입구,,동전을 투입구에 넣어 주세요.,Please put the coin into the slot.,slot.png,slot_word_en.mp3,slot_meaning_ko.mp3,slot_example_en.mp3,slot_example_ko.mp3,고급,4
smash,부수다,,아이들이 실수로 창문을 부수었다.,The children accidentally smashed the window.,smash.png,smash_word_en.mp3,smash_meaning_ko.mp3,smash_example_en.mp3,smash_example_ko.mp3,고급,4
snap,부러지다,,강한 바람에 나뭇가지가 부러졌다.,The branch snapped in the strong wind.,snap.png,snap_word_en.mp3,snap_meaning_ko.mp3,snap_example_en.mp3,snap_example_ko.mp3,고급,4
soak,담그다,,콩을 물에 하룻밤 담그세요.,Soak the beans in water overnight.,soak.png,soak_word_en.mp3,soak_meaning_ko.mp3,soak_example_en.mp3,soak_example_ko.mp3,고급,4
soar,치솟다,,기름값이 갑자기 치솟았다.,Oil prices suddenly soared.,soar.png,soar_word_en.mp3,soar_meaning_ko.mp3,soar_example_en.mp3,soar_example_ko.mp3,고급,4
socialist,사회주의자,,그 정치인은 자신을 사회주의자라고 말했다.,The politician said he was a socialist.,socialist.png,socialist_word_en.mp3,socialist_meaning_ko.mp3,socialist_example_en.mp3,socialist_example_ko.mp3,고급,4
sole,유일한,,그녀는 이 사건의 유일한 목격자였다.,She was the sole witness to this incident.,sole.png,sole_word_en.mp3,sole_meaning_ko.mp3,sole_example_en.mp3,sole_example_ko.mp3,고급,4
solely,오로지,,이 결정은 오로지 안전을 위한 것이다.,This decision is solely for safety.,solely.png,solely_word_en.mp3,solely_meaning_ko.mp3,solely_example_en.mp3,solely_example_ko.mp3,고급,4
solicitor,변호사,,그는 계약서를 검토하기 위해 변호사를 만났다.,He met a solicitor to review the contract.,solicitor.png,solicitor_word_en.mp3,solicitor_meaning_ko.mp3,solicitor_example_en.mp3,solicitor_example_ko.mp3,고급,4
solidarity,단결,,위기 속에서 사람들은 단결을 보여 주었다.,People showed solidarity during the crisis.,solidarity.png,solidarity_word_en.mp3,solidarity_meaning_ko.mp3,solidarity_example_en.mp3,solidarity_example_ko.mp3,고급,4
solo,독주곡,,그 피아니스트는 아름다운 독주곡을 연주했다.,The pianist played a beautiful solo piece.,solo.png,solo_word_en.mp3,solo_meaning_ko.mp3,solo_example_en.mp3,solo_example_ko.mp3,고급,4
sovereignty,주권,,모든 나라는 자신의 주권을 지킬 권리가 있다.,Every country has the right to protect its sovereignty.,sovereignty.png,sovereignty_word_en.mp3,sovereignty_meaning_ko.mp3,sovereignty_example_en.mp3,sovereignty_example_ko.mp3,고급,4
spam,스팸,,내 이메일함에 스팸이 너무 많이 왔다.,Too much spam came into my email inbox.,spam.png,spam_word_en.mp3,spam_meaning_ko.mp3,spam_example_en.mp3,spam_example_ko.mp3,고급,4
span,기간,,그 프로젝트의 기간은 세 달이다.,The span of the project is three months.,span.png,span_word_en.mp3,span_meaning_ko.mp3,span_example_en.mp3,span_example_ko.mp3,고급,4
spark,불꽃,,불꽃이 튀어서 종이에 불이 붙었다.,A spark flew and set the paper on fire.,spark.png,spark_word_en.mp3,spark_meaning_ko.mp3,spark_example_en.mp3,spark_example_ko.mp3,고급,4
specialized,전문화된,,이 병원은 심장 질환에 전문화된 병원이다.,This hospital is specialized in heart disease.,specialized.png,specialized_word_en.mp3,specialized_meaning_ko.mp3,specialized_example_en.mp3,specialized_example_ko.mp3,고급,4
specification,명세서,,제품을 사기 전에 명세서를 확인하세요.,Check the specification sheet before buying the product.,specification.png,specification_word_en.mp3,specification_meaning_ko.mp3,specification_example_en.mp3,specification_example_ko.mp3,고급,4
specimen,표본,,연구원은 식물 표본을 조심스럽게 보관했다.,The researcher carefully stored the plant specimen.,specimen.png,specimen_word_en.mp3,specimen_meaning_ko.mp3,specimen_example_en.mp3,specimen_example_ko.mp3,고급,4
spectacle,광경,,해가 바다 위로 떠오르는 광경은 정말 아름다웠다.,The sight of the sun rising over the sea was really beautiful.,spectacle.png,spectacle_word_en.mp3,spectacle_meaning_ko.mp3,spectacle_example_en.mp3,spectacle_example_ko.mp3,고급,4
spectrum,스펙트럼,,무지개는 다양한 색의 스펙트럼을 보여 준다.,A rainbow shows a spectrum of various colors.,spectrum.png,spectrum_word_en.mp3,spectrum_meaning_ko.mp3,spectrum_example_en.mp3,spectrum_example_ko.mp3,고급,4
sphere,영역,,그 문제는 정치의 영역에 속한다.,That issue belongs to the sphere of politics.,sphere.png,sphere_word_en.mp3,sphere_meaning_ko.mp3,sphere_example_en.mp3,sphere_example_ko.mp3,고급,4
spin,회전하다,,바퀴가 빠르게 회전하고 있다.,The wheel is spinning quickly.,spin.png,spin_word_en.mp3,spin_meaning_ko.mp3,spin_example_en.mp3,spin_example_ko.mp3,고급,4
spine,척추,,바른 자세는 척추 건강에 좋다.,Good posture is good for spine health.,spine.png,spine_word_en.mp3,spine_meaning_ko.mp3,spine_example_en.mp3,spine_example_ko.mp3,고급,4
spotlight,스포트라이트,,가수가 무대 중앙에서 스포트라이트를 받았다.,The singer received the spotlight at the center of the stage.,spotlight.png,spotlight_word_en.mp3,spotlight_meaning_ko.mp3,spotlight_example_en.mp3,spotlight_example_ko.mp3,고급,4
spouse,배우자,,병원에서는 배우자의 서명이 필요했다.,The hospital needed the spouse's signature.,spouse.png,spouse_word_en.mp3,spouse_meaning_ko.mp3,spouse_example_en.mp3,spouse_example_ko.mp3,고급,4
spy,스파이,,영화 속 주인공은 비밀 임무를 맡은 스파이였다.,The main character in the movie was a spy on a secret mission.,spy.png,spy_word_en.mp3,spy_meaning_ko.mp3,spy_example_en.mp3,spy_example_ko.mp3,고급,4
squad,팀,,우리 팀은 이번 경기에서 꼭 이기고 싶어 한다.,Our squad wants to win this game for sure.,squad.png,squad_word_en.mp3,squad_meaning_ko.mp3,squad_example_en.mp3,squad_example_ko.mp3,고급,4
squeeze,쥐어짜다,,그녀는 레몬을 쥐어짜서 주스를 만들었다.,She squeezed a lemon to make juice.,squeeze.png,squeeze_word_en.mp3,squeeze_meaning_ko.mp3,squeeze_example_en.mp3,squeeze_example_ko.mp3,고급,4
stab,찌르다,,그는 포크로 감자를 찔렀다.,He stabbed the potato with a fork.,stab.png,stab_word_en.mp3,stab_meaning_ko.mp3,stab_example_en.mp3,stab_example_ko.mp3,고급,4
stability,안정성,,이 의자는 안정성이 좋아서 쉽게 넘어지지 않는다.,"This chair has good stability, so it does not fall over easily.",stability.png,stability_word_en.mp3,stability_meaning_ko.mp3,stability_example_en.mp3,stability_example_ko.mp3,고급,4
stabilize,안정시키다,,의사는 환자의 상태를 안정시키기 위해 약을 썼다.,The doctor used medicine to stabilize the patient's condition.,stabilize.png,stabilize_word_en.mp3,stabilize_meaning_ko.mp3,stabilize_example_en.mp3,stabilize_example_ko.mp3,고급,4
stake,지분,,그 회사는 작은 스타트업의 지분을 샀다.,The company bought a stake in a small startup.,stake.png,stake_word_en.mp3,stake_meaning_ko.mp3,stake_example_en.mp3,stake_example_ko.mp3,비즈니스,3
standing,지위,,그 교수는 학계에서 높은 지위를 가지고 있다.,The professor has a high standing in the academic world.,standing.png,standing_word_en.mp3,standing_meaning_ko.mp3,standing_example_en.mp3,standing_example_ko.mp3,고급,4
stark,극명한,,두 후보의 생각에는 극명한 차이가 있었다.,There was a stark difference between the two candidates' ideas.,stark.png,stark_word_en.mp3,stark_meaning_ko.mp3,stark_example_en.mp3,stark_example_ko.mp3,고급,4
statistical,통계의,,그 연구원은 통계의 자료를 바탕으로 보고서를 썼다.,The researcher wrote the report based on statistical data.,statistical.png,statistical_word_en.mp3,statistical_meaning_ko.mp3,statistical_example_en.mp3,statistical_example_ko.mp3,고급,4
steer,조종하다,,그는 좁은 길에서 차를 조심스럽게 조종했다.,He carefully steered the car on the narrow road.,steer.png,steer_word_en.mp3,steer_meaning_ko.mp3,steer_example_en.mp3,steer_example_ko.mp3,고급,4
stem,줄기,,꽃의 줄기가 바람에 흔들렸다.,The stem of the flower shook in the wind.,stem.png,stem_word_en.mp3,stem_meaning_ko.mp3,stem_example_en.mp3,stem_example_ko.mp3,고급,4
stereotype,고정 관념,,우리는 성별에 대한 고정 관념을 버려야 한다.,We should get rid of stereotypes about gender.,stereotype.png,stereotype_word_en.mp3,stereotype_meaning_ko.mp3,stereotype_example_en.mp3,stereotype_example_ko.mp3,고급,4
stimulus,자극,,밝은 빛은 눈에 강한 자극을 줄 수 있다.,Bright light can give a strong stimulus to the eyes.,stimulus.png,stimulus_word_en.mp3,stimulus_meaning_ko.mp3,stimulus_example_en.mp3,stimulus_example_ko.mp3,고급,4
stir,젓다,,수프를 천천히 저어 주세요.,Please stir the soup slowly.,stir.png,stir_word_en.mp3,stir_meaning_ko.mp3,stir_example_en.mp3,stir_example_ko.mp3,고급,4
storage,저장,,사진 저장을 위해 더 큰 메모리 카드가 필요하다.,I need a larger memory card for photo storage.,storage.png,storage_word_en.mp3,storage_meaning_ko.mp3,storage_example_en.mp3,storage_example_ko.mp3,고급,4
straightforward,간단한,,이 문제는 생각보다 간단한 문제였다.,This problem was more straightforward than I thought.,straightforward.png,straightforward_word_en.mp3,straightforward_meaning_ko.mp3,straightforward_example_en.mp3,straightforward_example_ko.mp3,고급,4
strain,부담,,많은 숙제가 학생들에게 큰 부담이 되었다.,A lot of homework became a great strain on the students.,strain.png,strain_word_en.mp3,strain_meaning_ko.mp3,strain_example_en.mp3,strain_example_ko.mp3,고급,4
strand,가닥,,그녀는 머리카락 한 가닥을 귀 뒤로 넘겼다.,She tucked a strand of hair behind her ear.,strand.png,strand_word_en.mp3,strand_meaning_ko.mp3,strand_example_en.mp3,strand_example_ko.mp3,고급,4
strategic,전략적,,회사는 전략적 결정을 내리기 위해 회의를 열었다.,The company held a meeting to make a strategic decision.,strategic.png,strategic_word_en.mp3,strategic_meaning_ko.mp3,strategic_example_en.mp3,strategic_example_ko.mp3,고급,4
striking,눈에 띄는,,그 건물의 빨간 지붕이 매우 눈에 띄었다.,The building's red roof was very striking.,striking.png,striking_word_en.mp3,striking_meaning_ko.mp3,striking_example_en.mp3,striking_example_ko.mp3,고급,4
strip,긴 조각,,그는 종이를 긴 조각으로 잘랐다.,He cut the paper into long strips.,strip.png,strip_word_en.mp3,strip_meaning_ko.mp3,strip_example_en.mp3,strip_example_ko.mp3,고급,4
strive,노력하다,,우리는 더 나은 결과를 위해 계속 노력해야 한다.,We must continue to strive for better results.,strive.png,strive_word_en.mp3,strive_meaning_ko.mp3,strive_example_en.mp3,strive_example_ko.mp3,고급,4
structural,구조의,,엔지니어는 건물의 구조의 문제를 확인했다.,The engineer checked the structural problem of the building.,structural.png,structural_word_en.mp3,structural_meaning_ko.mp3,structural_example_en.mp3,structural_example_ko.mp3,고급,4
stumble,헛디디다,,그는 계단에서 헛디뎌 넘어질 뻔했다.,He stumbled on the stairs and almost fell.,stumble.png,stumble_word_en.mp3,stumble_meaning_ko.mp3,stumble_example_en.mp3,stumble_example_ko.mp3,고급,4
stun,기절시키다,,강한 충격이 그를 잠시 기절시켰다.,The strong impact stunned him for a moment.,stun.png,stun_word_en.mp3,stun_meaning_ko.mp3,stun_example_en.mp3,stun_example_ko.mp3,고급,4
submission,복종,,그 왕은 적의 복종을 요구했다.,The king demanded the enemy's submission.,submission.png,submission_word_en.mp3,submission_meaning_ko.mp3,submission_example_en.mp3,submission_example_ko.mp3,고급,4
subscriber,구독자,,그 유튜브 채널은 구독자가 백만 명이 넘는다.,That YouTube channel has over one million subscribers.,subscriber.png,subscriber_word_en.mp3,subscriber_meaning_ko.mp3,subscriber_example_en.mp3,subscriber_example_ko.mp3,고급,4
subscription,구독,,나는 음악 앱 구독을 취소했다.,I canceled my subscription to the music app.,subscription.png,subscription_word_en.mp3,subscription_meaning_ko.mp3,subscription_example_en.mp3,subscription_example_ko.mp3,고급,4
subsidy,보조금,,정부는 작은 농장에 보조금을 지원했다.,The government provided a subsidy to small farms.,subsidy.png,subsidy_word_en.mp3,subsidy_meaning_ko.mp3,subsidy_example_en.mp3,subsidy_example_ko.mp3,비즈니스,3
substantial,상당한,,그 프로젝트에는 상당한 돈이 필요하다.,That project needs a substantial amount of money.,substantial.png,substantial_word_en.mp3,substantial_meaning_ko.mp3,substantial_example_en.mp3,substantial_example_ko.mp3,고급,4
substantially,상당히,,새로운 정책 후에 비용이 상당히 줄었다.,Costs decreased substantially after the new policy.,substantially.png,substantially_word_en.mp3,substantially_meaning_ko.mp3,substantially_example_en.mp3,substantially_example_ko.mp3,고급,4
substitute,대체품,,우유가 없어서 두유를 대체품으로 사용했다.,I used soy milk as a substitute because there was no milk.,substitute.png,substitute_word_en.mp3,substitute_meaning_ko.mp3,substitute_example_en.mp3,substitute_example_ko.mp3,고급,4
substitution,대체,,설탕 대신 꿀을 쓰는 대체가 가능하다.,Substitution with honey instead of sugar is possible.,substitution.png,substitution_word_en.mp3,substitution_meaning_ko.mp3,substitution_example_en.mp3,substitution_example_ko.mp3,고급,4
subtle,미묘한,,그의 표정에는 미묘한 변화가 있었다.,There was a subtle change in his expression.,subtle.png,subtle_word_en.mp3,subtle_meaning_ko.mp3,subtle_example_en.mp3,subtle_example_ko.mp3,고급,4
suburban,교외의,,그 가족은 조용한 교외의 집으로 이사했다.,The family moved to a quiet suburban house.,suburban.png,suburban_word_en.mp3,suburban_meaning_ko.mp3,suburban_example_en.mp3,suburban_example_ko.mp3,고급,4
succession,연속,,며칠 동안 비가 연속으로 내렸다.,It rained in succession for several days.,succession.png,succession_word_en.mp3,succession_meaning_ko.mp3,succession_example_en.mp3,succession_example_ko.mp3,고급,4
successive,연속적인,,그 팀은 연속적인 승리로 결승에 올랐다.,The team reached the final with successive victories.,successive.png,successive_word_en.mp3,successive_meaning_ko.mp3,successive_example_en.mp3,successive_example_ko.mp3,고급,4
successor,후계자,,회장은 자신의 후계자를 아직 정하지 않았다.,The chairman has not chosen his successor yet.,successor.png,successor_word_en.mp3,successor_meaning_ko.mp3,successor_example_en.mp3,successor_example_ko.mp3,고급,4
suck,빨다,,아기는 손가락을 빨고 있었다.,The baby was sucking its finger.,suck.png,suck_word_en.mp3,suck_meaning_ko.mp3,suck_example_en.mp3,suck_example_ko.mp3,고급,4
sue,고소하다,,그는 회사를 고소하기로 결정했다.,He decided to sue the company.,sue.png,sue_word_en.mp3,sue_meaning_ko.mp3,sue_example_en.mp3,sue_example_ko.mp3,고급,4
suicide,자살,,자살은 많은 사람에게 깊은 슬픔을 남긴다.,Suicide leaves deep sadness for many people.,suicide.png,suicide_word_en.mp3,suicide_meaning_ko.mp3,suicide_example_en.mp3,suicide_example_ko.mp3,고급,4
suite,스위트룸,,우리는 호텔의 넓은 스위트룸에 묵었다.,We stayed in a spacious suite at the hotel.,suite.png,suite_word_en.mp3,suite_meaning_ko.mp3,suite_example_en.mp3,suite_example_ko.mp3,고급,4
summit,정상,,등산객들은 아침 일찍 산 정상에 도착했다.,The hikers arrived at the mountain summit early in the morning.,summit.png,summit_word_en.mp3,summit_meaning_ko.mp3,summit_example_en.mp3,summit_example_ko.mp3,여행,2
superb,최고의,,그 식당의 서비스는 최고의 수준이었다.,The service at that restaurant was superb.,superb.png,superb_word_en.mp3,superb_meaning_ko.mp3,superb_example_en.mp3,superb_example_ko.mp3,고급,4
superior,우수한,,이 제품은 다른 제품보다 품질이 우수하다.,This product is superior in quality to other products.,superior.png,superior_word_en.mp3,superior_meaning_ko.mp3,superior_example_en.mp3,superior_example_ko.mp3,고급,4
supervise,감독하다,,선생님은 학생들의 실험을 감독했다.,The teacher supervised the students' experiment.,supervise.png,supervise_word_en.mp3,supervise_meaning_ko.mp3,supervise_example_en.mp3,supervise_example_ko.mp3,고급,4
supervision,감독,,아이들은 어른의 감독 아래 수영했다.,The children swam under adult supervision.,supervision.png,supervision_word_en.mp3,supervision_meaning_ko.mp3,supervision_example_en.mp3,supervision_example_ko.mp3,고급,4
supervisor,감독자,,감독자는 작업이 안전하게 진행되는지 확인했다.,The supervisor checked whether the work was being done safely.,supervisor.png,supervisor_word_en.mp3,supervisor_meaning_ko.mp3,supervisor_example_en.mp3,supervisor_example_ko.mp3,고급,4
supplement,보충제,,그는 매일 비타민 보충제를 먹는다.,He takes a vitamin supplement every day.,supplement.png,supplement_word_en.mp3,supplement_meaning_ko.mp3,supplement_example_en.mp3,supplement_example_ko.mp3,고급,4
supportive,지지하는,,그녀의 부모님은 항상 그녀의 꿈을 지지하는 태도를 보였다.,Her parents always showed a supportive attitude toward her dream.,supportive.png,supportive_word_en.mp3,supportive_meaning_ko.mp3,supportive_example_en.mp3,supportive_example_ko.mp3,고급,4
supposedly,아마도,,그 식당은 아마도 이 동네에서 가장 유명할 것이다.,That restaurant is supposedly the most famous in this neighborhood.,supposedly.png,supposedly_word_en.mp3,supposedly_meaning_ko.mp3,supposedly_example_en.mp3,supposedly_example_ko.mp3,고급,4
suppress,억누르다,,그는 화를 억누르려고 깊게 숨을 쉬었다.,He took a deep breath to suppress his anger.,suppress.png,suppress_word_en.mp3,suppress_meaning_ko.mp3,suppress_example_en.mp3,suppress_example_ko.mp3,고급,4
supreme,최고의,,그 선수는 팀에서 최고의 실력을 가지고 있어요.,That player has the best skills on the team.,supreme.png,supreme_word_en.mp3,supreme_meaning_ko.mp3,supreme_example_en.mp3,supreme_example_ko.mp3,고급,4
surge,급증,,여름이 되자 전기 사용량이 급증했어요.,Electricity usage surged when summer came.,surge.png,surge_word_en.mp3,surge_meaning_ko.mp3,surge_example_en.mp3,surge_example_ko.mp3,고급,4
surgical,수술의,,의사는 수술의 위험성을 자세히 설명했어요.,The doctor explained the risks of the surgery in detail.,surgical.png,surgical_word_en.mp3,surgical_meaning_ko.mp3,surgical_example_en.mp3,surgical_example_ko.mp3,고급,4
surplus,잉여,,올해는 쌀 생산량이 많아서 잉여가 생겼어요.,"This year, there was a surplus because rice production was high.",surplus.png,surplus_word_en.mp3,surplus_meaning_ko.mp3,surplus_example_en.mp3,surplus_example_ko.mp3,고급,4
surrender,항복하다,,군인들은 더 이상 싸울 수 없어서 항복했어요.,The soldiers surrendered because they could no longer fight.,surrender.png,surrender_word_en.mp3,surrender_meaning_ko.mp3,surrender_example_en.mp3,surrender_example_ko.mp3,고급,4
surveillance,감시,,건물 입구에는 감시 카메라가 설치되어 있어요.,Surveillance cameras are installed at the entrance of the building.,surveillance.png,surveillance_word_en.mp3,surveillance_meaning_ko.mp3,surveillance_example_en.mp3,surveillance_example_ko.mp3,고급,4
suspension,정지,,비 때문에 경기 정지가 결정되었어요.,The suspension of the game was decided because of the rain.,suspension.png,suspension_word_en.mp3,suspension_meaning_ko.mp3,suspension_example_en.mp3,suspension_example_ko.mp3,고급,4
suspicion,의심,,그의 이상한 행동 때문에 의심이 생겼어요.,Suspicion arose because of his strange behavior.,suspicion.png,suspicion_word_en.mp3,suspicion_meaning_ko.mp3,suspicion_example_en.mp3,suspicion_example_ko.mp3,고급,4
suspicious,의심스러운,,경찰은 의심스러운 가방을 발견했어요.,The police found a suspicious bag.,suspicious.png,suspicious_word_en.mp3,suspicious_meaning_ko.mp3,suspicious_example_en.mp3,suspicious_example_ko.mp3,고급,4
sustain,유지하다,,건강을 유지하려면 규칙적으로 운동해야 해요.,You need to exercise regularly to maintain your health.,sustain.png,sustain_word_en.mp3,sustain_meaning_ko.mp3,sustain_example_en.mp3,sustain_example_ko.mp3,고급,4
swing,흔들다,,아기가 장난감을 손에 들고 흔들었어요.,The baby held the toy and shook it.,swing.png,swing_word_en.mp3,swing_meaning_ko.mp3,swing_example_en.mp3,swing_example_ko.mp3,고급,4
sword,검,,기사는 검을 들고 적에게 다가갔어요.,The knight approached the enemy with a sword.,sword.png,sword_word_en.mp3,sword_meaning_ko.mp3,sword_example_en.mp3,sword_example_ko.mp3,고급,4
symbolic,상징적인,,비둘기는 평화를 나타내는 상징적인 동물이에요.,A dove is a symbolic animal that represents peace.,symbolic.png,symbolic_word_en.mp3,symbolic_meaning_ko.mp3,symbolic_example_en.mp3,symbolic_example_ko.mp3,고급,4
syndrome,증후군,,그 아이는 희귀한 증후군을 앓고 있어요.,The child has a rare syndrome.,syndrome.png,syndrome_word_en.mp3,syndrome_meaning_ko.mp3,syndrome_example_en.mp3,syndrome_example_ko.mp3,고급,4
synthesis,합성,,과학자들은 새로운 물질의 합성에 성공했어요.,The scientists succeeded in synthesizing a new substance.,synthesis.png,synthesis_word_en.mp3,synthesis_meaning_ko.mp3,synthesis_example_en.mp3,synthesis_example_ko.mp3,고급,4
systematic,체계적인,,그 회사는 체계적인 교육 프로그램을 운영해요.,The company runs a systematic training program.,systematic.png,systematic_word_en.mp3,systematic_meaning_ko.mp3,systematic_example_en.mp3,systematic_example_ko.mp3,고급,4
tactic,전술,,감독은 경기에서 새로운 전술을 사용했어요.,The coach used a new tactic in the game.,tactic.png,tactic_word_en.mp3,tactic_meaning_ko.mp3,tactic_example_en.mp3,tactic_example_ko.mp3,고급,4
tactical,전술적인,,그 장군은 전술적인 결정을 빠르게 내렸어요.,The general quickly made a tactical decision.,tactical.png,tactical_word_en.mp3,tactical_meaning_ko.mp3,tactical_example_en.mp3,tactical_example_ko.mp3,고급,4
taxpayer,납세자,,납세자는 세금을 정해진 날짜까지 내야 해요.,Taxpayers must pay taxes by the set date.,taxpayer.png,taxpayer_word_en.mp3,taxpayer_meaning_ko.mp3,taxpayer_example_en.mp3,taxpayer_example_ko.mp3,고급,4
tempt,유혹하다,,맛있는 냄새가 나를 유혹했어요.,The delicious smell tempted me.,tempt.png,tempt_word_en.mp3,tempt_meaning_ko.mp3,tempt_example_en.mp3,tempt_example_ko.mp3,고급,4
tenant,세입자,,세입자는 매달 집세를 냅니다.,The tenant pays rent every month.,tenant.png,tenant_word_en.mp3,tenant_meaning_ko.mp3,tenant_example_en.mp3,tenant_example_ko.mp3,고급,4
tender,부드러운,,이 고기는 아주 부드러운 맛이 나요.,This meat has a very tender taste.,tender.png,tender_word_en.mp3,tender_meaning_ko.mp3,tender_example_en.mp3,tender_example_ko.mp3,비즈니스,3
tenure,재임 기간,,그 대통령의 재임 기간은 5년이었어요.,The president's tenure was five years.,tenure.png,tenure_word_en.mp3,tenure_meaning_ko.mp3,tenure_example_en.mp3,tenure_example_ko.mp3,고급,4
terminate,끝내다,,회사는 계약을 다음 달에 끝내기로 했어요.,The company decided to terminate the contract next month.,terminate.png,terminate_word_en.mp3,terminate_meaning_ko.mp3,terminate_example_en.mp3,terminate_example_ko.mp3,고급,4
terrain,지형,,이 지역은 산이 많아서 지형이 험해요.,"This area has many mountains, so the terrain is rough.",terrain.png,terrain_word_en.mp3,terrain_meaning_ko.mp3,terrain_example_en.mp3,terrain_example_ko.mp3,고급,4
terrific,굉장한,,그 영화는 정말 굉장한 작품이었어요.,That movie was a truly terrific work.,terrific.png,terrific_word_en.mp3,terrific_meaning_ko.mp3,terrific_example_en.mp3,terrific_example_ko.mp3,고급,4
testify,증언하다,,그 목격자는 법정에서 증언했어요.,The witness testified in court.,testify.png,testify_word_en.mp3,testify_meaning_ko.mp3,testify_example_en.mp3,testify_example_ko.mp3,고급,4
testimony,증언,,그의 증언은 사건 해결에 큰 도움이 되었어요.,His testimony was a great help in solving the case.,testimony.png,testimony_word_en.mp3,testimony_meaning_ko.mp3,testimony_example_en.mp3,testimony_example_ko.mp3,고급,4
texture,질감,,이 천은 질감이 부드럽고 좋아요.,This fabric has a soft and nice texture.,texture.png,texture_word_en.mp3,texture_meaning_ko.mp3,texture_example_en.mp3,texture_example_ko.mp3,고급,4
thankfully,다행히도,,다행히도 우리는 버스를 놓치지 않았어요.,"Thankfully, we did not miss the bus.",thankfully.png,thankfully_word_en.mp3,thankfully_meaning_ko.mp3,thankfully_example_en.mp3,thankfully_example_ko.mp3,고급,4
theatrical,연극의,,그는 연극의 역사에 대해 공부하고 있어요.,He is studying the history of theater.,theatrical.png,theatrical_word_en.mp3,theatrical_meaning_ko.mp3,theatrical_example_en.mp3,theatrical_example_ko.mp3,고급,4
theology,신학,,그 학생은 대학에서 신학을 전공해요.,The student majors in theology at university.,theology.png,theology_word_en.mp3,theology_meaning_ko.mp3,theology_example_en.mp3,theology_example_ko.mp3,고급,4
theoretical,이론적인,,이론적인 설명만으로는 이해하기 어려워요.,It is hard to understand with only a theoretical explanation.,theoretical.png,theoretical_word_en.mp3,theoretical_meaning_ko.mp3,theoretical_example_en.mp3,theoretical_example_ko.mp3,고급,4
thereafter,그 이후로,,"그는 회사를 그만두었고, 그 이후로 여행을 다녔어요.","He quit his job, and thereafter he traveled around.",thereafter.png,thereafter_word_en.mp3,thereafter_meaning_ko.mp3,thereafter_example_en.mp3,thereafter_example_ko.mp3,고급,4
thereby,그로써,,"그는 매일 연습했고, 그로써 실력이 많이 늘었어요.","He practiced every day, thereby improving his skills a lot.",thereby.png,thereby_word_en.mp3,thereby_meaning_ko.mp3,thereby_example_en.mp3,thereby_example_ko.mp3,고급,4
thought-provoking,생각을 자극하는,,그 책은 생각을 자극하는 질문을 많이 던져요.,The book asks many thought-provoking questions.,thought-provoking.png,thought-provoking_word_en.mp3,thought-provoking_meaning_ko.mp3,thought-provoking_example_en.mp3,thought-provoking_example_ko.mp3,고급,4
thoughtful,사려 깊은,,그녀는 친구의 기분을 잘 이해하는 사려 깊은 사람이에요.,She is a thoughtful person who understands her friends' feelings well.,thoughtful.png,thoughtful_word_en.mp3,thoughtful_meaning_ko.mp3,thoughtful_example_en.mp3,thoughtful_example_ko.mp3,고급,4
thread,실,,할머니는 바늘에 실을 끼우셨어요.,Grandmother put thread through the needle.,thread.png,thread_word_en.mp3,thread_meaning_ko.mp3,thread_example_en.mp3,thread_example_ko.mp3,고급,4
threshold,문턱,,아이의 신발이 문턱에 걸렸어요.,The child's shoe got caught on the threshold.,threshold.png,threshold_word_en.mp3,threshold_meaning_ko.mp3,threshold_example_en.mp3,threshold_example_ko.mp3,고급,4
thrilled,매우 기쁜,,나는 합격 소식을 듣고 매우 기뻤어요.,I was thrilled to hear the news that I passed.,thrilled.png,thrilled_word_en.mp3,thrilled_meaning_ko.mp3,thrilled_example_en.mp3,thrilled_example_ko.mp3,고급,4
thrive,번창하다,,작은 가게가 좋은 서비스 덕분에 번창했어요.,The small store thrived thanks to its good service.,thrive.png,thrive_word_en.mp3,thrive_meaning_ko.mp3,thrive_example_en.mp3,thrive_example_ko.mp3,고급,4
tide,조수,,조수 때문에 바닷물이 빠르게 들어왔어요.,The seawater came in quickly because of the tide.,tide.png,tide_word_en.mp3,tide_meaning_ko.mp3,tide_example_en.mp3,tide_example_ko.mp3,고급,4
tighten,조이다,,그는 느슨한 나사를 조였어요.,He tightened the loose screw.,tighten.png,tighten_word_en.mp3,tighten_meaning_ko.mp3,tighten_example_en.mp3,tighten_example_ko.mp3,고급,4
timber,목재,,이 집은 튼튼한 목재로 지어졌어요.,This house was built with strong timber.,timber.png,timber_word_en.mp3,timber_meaning_ko.mp3,timber_example_en.mp3,timber_example_ko.mp3,고급,4
timely,시기적절한,,그의 시기적절한 도움으로 문제를 해결했어요.,We solved the problem with his timely help.,timely.png,timely_word_en.mp3,timely_meaning_ko.mp3,timely_example_en.mp3,timely_example_ko.mp3,고급,4
tobacco,담배,,담배는 건강에 해로울 수 있어요.,Tobacco can be harmful to your health.,tobacco.png,tobacco_word_en.mp3,tobacco_meaning_ko.mp3,tobacco_example_en.mp3,tobacco_example_ko.mp3,고급,4
tolerance,관용,,서로 다른 의견에 대한 관용이 필요해요.,Tolerance for different opinions is necessary.,tolerance.png,tolerance_word_en.mp3,tolerance_meaning_ko.mp3,tolerance_example_en.mp3,tolerance_example_ko.mp3,고급,4
tolerate,참다,,나는 더 이상 그 소음을 참을 수 없어요.,I cannot tolerate that noise anymore.,tolerate.png,tolerate_word_en.mp3,tolerate_meaning_ko.mp3,tolerate_example_en.mp3,tolerate_example_ko.mp3,고급,4
toll,통행료,,이 다리를 건너려면 통행료를 내야 해요.,You have to pay a toll to cross this bridge.,toll.png,toll_word_en.mp3,toll_meaning_ko.mp3,toll_example_en.mp3,toll_example_ko.mp3,고급,4
torture,고문,,고문은 절대 정당화될 수 없어요.,Torture can never be justified.,torture.png,torture_word_en.mp3,torture_meaning_ko.mp3,torture_example_en.mp3,torture_example_ko.mp3,고급,4
toss,가볍게 던지다,,그는 공을 친구에게 가볍게 던졌어요.,He tossed the ball lightly to his friend.,toss.png,toss_word_en.mp3,toss_meaning_ko.mp3,toss_example_en.mp3,toss_example_ko.mp3,고급,4
toxic,유독한,,이 식물은 유독한 성분을 가지고 있어요.,This plant has toxic substances.,toxic.png,toxic_word_en.mp3,toxic_meaning_ko.mp3,toxic_example_en.mp3,toxic_example_ko.mp3,고급,4
trademark,상표,,그 회사는 새 상표를 등록했어요.,The company registered a new trademark.,trademark.png,trademark_word_en.mp3,trademark_meaning_ko.mp3,trademark_example_en.mp3,trademark_example_ko.mp3,고급,4
trail,흔적,,눈 위에 동물의 흔적이 남아 있었어요.,There were animal trails left on the snow.,trail.png,trail_word_en.mp3,trail_meaning_ko.mp3,trail_example_en.mp3,trail_example_ko.mp3,여행,2
trailer,트레일러,,그들은 트레일러에 짐을 실었어요.,They loaded their luggage into the trailer.,trailer.png,trailer_word_en.mp3,trailer_meaning_ko.mp3,trailer_example_en.mp3,trailer_example_ko.mp3,고급,4
transaction,거래,,은행 거래는 온라인으로 쉽게 할 수 있어요.,Bank transactions can be done easily online.,transaction.png,transaction_word_en.mp3,transaction_meaning_ko.mp3,transaction_example_en.mp3,transaction_example_ko.mp3,비즈니스,3
transcript,성적 증명서,,입학 지원을 위해 성적 증명서를 제출했어요.,I submitted my transcript for the school application.,transcript.png,transcript_word_en.mp3,transcript_meaning_ko.mp3,transcript_example_en.mp3,transcript_example_ko.mp3,고급,4
transformation,변화,,그 도시는 지난 10년 동안 큰 변화를 겪었어요.,The city went through a big transformation over the past ten years.,transformation.png,transformation_word_en.mp3,transformation_meaning_ko.mp3,transformation_example_en.mp3,transformation_example_ko.mp3,고급,4
transit,교통,,서울은 대중교통이 매우 편리해요.,Public transit in Seoul is very convenient.,transit.png,transit_word_en.mp3,transit_meaning_ko.mp3,transit_example_en.mp3,transit_example_ko.mp3,고급,4
transmission,전송,,파일 전송이 몇 분 안에 끝났어요.,The file transmission finished within a few minutes.,transmission.png,transmission_word_en.mp3,transmission_meaning_ko.mp3,transmission_example_en.mp3,transmission_example_ko.mp3,고급,4
transparency,투명성,,정부는 예산 사용의 투명성을 높여야 한다.,The government should increase transparency in the use of the budget.,transparency.png,transparency_word_en.mp3,transparency_meaning_ko.mp3,transparency_example_en.mp3,transparency_example_ko.mp3,고급,4
transparent,투명한,,이 컵은 투명한 유리로 만들어졌다.,This cup is made of transparent glass.,transparent.png,transparent_word_en.mp3,transparent_meaning_ko.mp3,transparent_example_en.mp3,transparent_example_ko.mp3,고급,4
trauma,트라우마,,그는 사고 후에 큰 트라우마를 겪었다.,He suffered great trauma after the accident.,trauma.png,trauma_word_en.mp3,trauma_meaning_ko.mp3,trauma_example_en.mp3,trauma_example_ko.mp3,위기탈출,3
treaty,조약,,두 나라는 평화 조약에 서명했다.,The two countries signed a peace treaty.,treaty.png,treaty_word_en.mp3,treaty_meaning_ko.mp3,treaty_example_en.mp3,treaty_example_ko.mp3,고급,4
tremendous,엄청난,,그 선수는 경기에서 엄청난 힘을 보여 주었다.,The player showed tremendous strength in the game.,tremendous.png,tremendous_word_en.mp3,tremendous_meaning_ko.mp3,tremendous_example_en.mp3,tremendous_example_ko.mp3,고급,4
tribal,부족의,,그 박물관에는 부족의 전통 의상이 전시되어 있다.,Traditional tribal clothing is displayed in the museum.,tribal.png,tribal_word_en.mp3,tribal_meaning_ko.mp3,tribal_example_en.mp3,tribal_example_ko.mp3,고급,4
tribunal,법정,,그 사건은 국제 법정에서 다루어졌다.,The case was handled in an international tribunal.,tribunal.png,tribunal_word_en.mp3,tribunal_meaning_ko.mp3,tribunal_example_en.mp3,tribunal_example_ko.mp3,고급,4
tribute,헌사,,학생들은 은퇴하는 선생님께 감사의 헌사를 바쳤다.,The students offered a tribute of thanks to the retiring teacher.,tribute.png,tribute_word_en.mp3,tribute_meaning_ko.mp3,tribute_example_en.mp3,tribute_example_ko.mp3,고급,4
trio,삼인조,,그 삼인조는 아름다운 노래를 불렀다.,The trio sang a beautiful song.,trio.png,trio_word_en.mp3,trio_meaning_ko.mp3,trio_example_en.mp3,trio_example_ko.mp3,고급,4
triumph,승리,,그들의 승리는 오랜 노력의 결과였다.,Their triumph was the result of long effort.,triumph.png,triumph_word_en.mp3,triumph_meaning_ko.mp3,triumph_example_en.mp3,triumph_example_ko.mp3,고급,4
trophy,트로피,,우승팀은 큰 트로피를 받았다.,The winning team received a large trophy.,trophy.png,trophy_word_en.mp3,trophy_meaning_ko.mp3,trophy_example_en.mp3,trophy_example_ko.mp3,고급,4
troubled,걱정스러운,,그는 친구의 소식을 듣고 걱정스러운 표정을 지었다.,He had a troubled look after hearing the news about his friend.,troubled.png,troubled_word_en.mp3,troubled_meaning_ko.mp3,troubled_example_en.mp3,troubled_example_ko.mp3,고급,4
trustee,수탁자,,그는 아이의 재산을 관리하는 수탁자이다.,He is the trustee who manages the child's property.,trustee.png,trustee_word_en.mp3,trustee_meaning_ko.mp3,trustee_example_en.mp3,trustee_example_ko.mp3,고급,4
tuition,등록금,,이번 학기 등록금이 조금 올랐다.,The tuition for this semester has increased a little.,tuition.png,tuition_word_en.mp3,tuition_meaning_ko.mp3,tuition_example_en.mp3,tuition_example_ko.mp3,고급,4
turnout,투표율,,이번 선거의 투표율은 매우 높았다.,The voter turnout in this election was very high.,turnout.png,turnout_word_en.mp3,turnout_meaning_ko.mp3,turnout_example_en.mp3,turnout_example_ko.mp3,고급,4
turnover,매출액,,그 회사의 올해 매출액은 작년보다 늘었다.,The company's turnover this year increased compared to last year.,turnover.png,turnover_word_en.mp3,turnover_meaning_ko.mp3,turnover_example_en.mp3,turnover_example_ko.mp3,비즈니스,3
twist,꼬다,,그는 젖은 수건을 손으로 꼬았다.,He twisted the wet towel with his hands.,,twist_word_en.mp3,twist_meaning_ko.mp3,twist_example_en.mp3,twist_example_ko.mp3,고급,4
undergraduate,대학생,,민수는 서울의 한 대학에 다니는 대학생이다.,Minsu is an undergraduate at a university in Seoul.,undergraduate.png,undergraduate_word_en.mp3,undergraduate_meaning_ko.mp3,undergraduate_example_en.mp3,undergraduate_example_ko.mp3,고급,4
underlying,근본적인,,우리는 문제의 근본적인 원인을 찾아야 한다.,We need to find the underlying cause of the problem.,underlying.png,underlying_word_en.mp3,underlying_meaning_ko.mp3,underlying_example_en.mp3,underlying_example_ko.mp3,고급,4
undermine,약화시키다,,거짓말은 사람들 사이의 신뢰를 약화시킨다.,Lies undermine trust between people.,undermine.png,undermine_word_en.mp3,undermine_meaning_ko.mp3,undermine_example_en.mp3,undermine_example_ko.mp3,고급,4
undoubtedly,확실히,,그는 확실히 우리 팀에서 가장 빠른 선수다.,He is undoubtedly the fastest player on our team.,undoubtedly.png,undoubtedly_word_en.mp3,undoubtedly_meaning_ko.mp3,undoubtedly_example_en.mp3,undoubtedly_example_ko.mp3,고급,4
unify,통합하다,,회사는 여러 부서를 하나로 통합했다.,The company unified several departments into one.,unify.png,unify_word_en.mp3,unify_meaning_ko.mp3,unify_example_en.mp3,unify_example_ko.mp3,고급,4
unprecedented,전례 없는,,그 나라는 전례 없는 경제 성장을 이루었다.,The country achieved unprecedented economic growth.,unprecedented.png,unprecedented_word_en.mp3,unprecedented_meaning_ko.mp3,unprecedented_example_en.mp3,unprecedented_example_ko.mp3,고급,4
unveil,공개하다,,회사는 새 제품을 다음 주에 공개할 예정이다.,The company plans to unveil a new product next week.,unveil.png,unveil_word_en.mp3,unveil_meaning_ko.mp3,unveil_example_en.mp3,unveil_example_ko.mp3,고급,4
upcoming,다가오는,,다가오는 시험을 위해 열심히 공부하고 있다.,I am studying hard for the upcoming exam.,upcoming.png,upcoming_word_en.mp3,upcoming_meaning_ko.mp3,upcoming_example_en.mp3,upcoming_example_ko.mp3,고급,4
upgrade,업그레이드,,휴대폰을 최신 버전으로 업그레이드했다.,I upgraded my phone to the latest version.,upgrade.png,upgrade_word_en.mp3,upgrade_meaning_ko.mp3,upgrade_example_en.mp3,upgrade_example_ko.mp3,고급,4
uphold,유지하다,,법원은 원래의 판결을 유지했다.,The court upheld the original verdict.,uphold.png,uphold_word_en.mp3,uphold_meaning_ko.mp3,uphold_example_en.mp3,uphold_example_ko.mp3,고급,4
utility,유용성,,이 앱은 여행할 때 유용성이 크다.,This app has great utility when traveling.,utility.png,utility_word_en.mp3,utility_meaning_ko.mp3,utility_example_en.mp3,utility_example_ko.mp3,고급,4
utilize,활용하다,,우리는 남는 시간을 잘 활용해야 한다.,We should utilize our spare time well.,utilize.png,utilize_word_en.mp3,utilize_meaning_ko.mp3,utilize_example_en.mp3,utilize_example_ko.mp3,고급,4
utterly,완전히,,그의 설명은 완전히 틀렸다.,His explanation was utterly wrong.,utterly.png,utterly_word_en.mp3,utterly_meaning_ko.mp3,utterly_example_en.mp3,utterly_example_ko.mp3,고급,4
vacuum,진공청소기,,나는 주말마다 진공청소기로 방을 청소한다.,I clean my room with a vacuum every weekend.,vacuum.png,vacuum_word_en.mp3,vacuum_meaning_ko.mp3,vacuum_example_en.mp3,vacuum_example_ko.mp3,고급,4
vague,모호한,,그의 대답은 너무 모호해서 이해하기 어려웠다.,His answer was so vague that it was hard to understand.,vague.png,vague_word_en.mp3,vague_meaning_ko.mp3,vague_example_en.mp3,vague_example_ko.mp3,고급,4
validity,유효성,,이 계약서의 유효성은 내년까지이다.,The validity of this contract lasts until next year.,validity.png,validity_word_en.mp3,validity_meaning_ko.mp3,validity_example_en.mp3,validity_example_ko.mp3,고급,4
vanish,사라지다,,안개가 해가 뜨자 천천히 사라졌다.,The fog slowly vanished when the sun rose.,vanish.png,vanish_word_en.mp3,vanish_meaning_ko.mp3,vanish_example_en.mp3,vanish_example_ko.mp3,고급,4
variable,변수,,날씨는 여행 계획에서 중요한 변수이다.,Weather is an important variable in travel plans.,variable.png,variable_word_en.mp3,variable_meaning_ko.mp3,variable_example_en.mp3,variable_example_ko.mp3,고급,4
varied,다양한,,이 식당은 다양한 음식을 제공한다.,This restaurant offers varied foods.,varied.png,varied_word_en.mp3,varied_meaning_ko.mp3,varied_example_en.mp3,varied_example_ko.mp3,고급,4
vein,정맥,,간호사는 환자의 정맥에 주사를 놓았다.,The nurse gave an injection into the patient's vein.,vein.png,vein_word_en.mp3,vein_meaning_ko.mp3,vein_example_en.mp3,vein_example_ko.mp3,고급,4
venture,모험,,새 사업을 시작하는 것은 큰 모험이다.,Starting a new business is a big venture.,venture.png,venture_word_en.mp3,venture_meaning_ko.mp3,venture_example_en.mp3,venture_example_ko.mp3,비즈니스,3
verbal,구두의,,우리는 계약 내용을 구두의 약속으로만 정했다.,We decided the terms of the contract only by a verbal promise.,verbal.png,verbal_word_en.mp3,verbal_meaning_ko.mp3,verbal_example_en.mp3,verbal_example_ko.mp3,고급,4
verdict,판결,,배심원단은 유죄 판결을 내렸다.,The jury delivered a guilty verdict.,verdict.png,verdict_word_en.mp3,verdict_meaning_ko.mp3,verdict_example_en.mp3,verdict_example_ko.mp3,고급,4
verify,입증하다,,경찰은 그의 알리바이를 입증하려고 했다.,The police tried to verify his alibi.,verify.png,verify_word_en.mp3,verify_meaning_ko.mp3,verify_example_en.mp3,verify_example_ko.mp3,고급,4
verse,운문,,그 시인은 아름다운 운문을 썼다.,The poet wrote beautiful verse.,verse.png,verse_word_en.mp3,verse_meaning_ko.mp3,verse_example_en.mp3,verse_example_ko.mp3,고급,4
versus,대,,오늘 경기는 한국 대 일본이다.,Today's game is Korea versus Japan.,versus.png,versus_word_en.mp3,versus_meaning_ko.mp3,versus_example_en.mp3,versus_example_ko.mp3,고급,4
vessel,선박,,큰 선박이 항구에 들어왔다.,A large vessel entered the port.,vessel.png,vessel_word_en.mp3,vessel_meaning_ko.mp3,vessel_example_en.mp3,vessel_example_ko.mp3,고급,4
veteran,베테랑,,그는 경험이 많은 베테랑 기자이다.,He is an experienced veteran reporter.,veteran.png,veteran_word_en.mp3,veteran_meaning_ko.mp3,veteran_example_en.mp3,veteran_example_ko.mp3,고급,4
viable,실행 가능한,,그 계획은 비용 면에서 실행 가능한 방법이다.,The plan is a viable method in terms of cost.,viable.png,viable_word_en.mp3,viable_meaning_ko.mp3,viable_example_en.mp3,viable_example_ko.mp3,고급,4
vibrant,활기찬,,이 도시는 밤에도 활기찬 분위기이다.,This city has a vibrant atmosphere even at night.,vibrant.png,vibrant_word_en.mp3,vibrant_meaning_ko.mp3,vibrant_example_en.mp3,vibrant_example_ko.mp3,고급,4
vice,악덕,,탐욕은 큰 악덕으로 여겨진다.,Greed is considered a serious vice.,vice.png,vice_word_en.mp3,vice_meaning_ko.mp3,vice_example_en.mp3,vice_example_ko.mp3,고급,4
vicious,악랄한,,그 악랄한 범죄는 많은 사람들을 놀라게 했다.,The vicious crime shocked many people.,vicious.png,vicious_word_en.mp3,vicious_meaning_ko.mp3,vicious_example_en.mp3,vicious_example_ko.mp3,고급,4
villager,마을 사람,,마을 사람들은 함께 길을 청소했다.,The villagers cleaned the road together.,villager.png,villager_word_en.mp3,villager_meaning_ko.mp3,villager_example_en.mp3,villager_example_ko.mp3,고급,4
violate,위반하다,,그 회사는 안전 규칙을 위반했다.,The company violated safety rules.,violate.png,violate_word_en.mp3,violate_meaning_ko.mp3,violate_example_en.mp3,violate_example_ko.mp3,고급,4
violation,위반,,신호 위반으로 벌금을 냈다.,I paid a fine for a traffic signal violation.,violation.png,violation_word_en.mp3,violation_meaning_ko.mp3,violation_example_en.mp3,violation_example_ko.mp3,고급,4
virtue,미덕,,정직은 중요한 미덕이다.,Honesty is an important virtue.,virtue.png,virtue_word_en.mp3,virtue_meaning_ko.mp3,virtue_example_en.mp3,virtue_example_ko.mp3,고급,4
vocal,목소리의,,그 가수는 목소리의 힘이 매우 좋다.,The singer's vocal power is very good.,vocal.png,vocal_word_en.mp3,vocal_meaning_ko.mp3,vocal_example_en.mp3,vocal_example_ko.mp3,고급,4
vow,맹세,,그들은 서로를 평생 사랑하겠다는 맹세를 했다.,They made a vow to love each other for life.,vow.png,vow_word_en.mp3,vow_meaning_ko.mp3,vow_example_en.mp3,vow_example_ko.mp3,고급,4
vulnerability,취약점,,전문가는 컴퓨터 시스템의 취약점을 발견했다.,The expert found a vulnerability in the computer system.,vulnerability.png,vulnerability_word_en.mp3,vulnerability_meaning_ko.mp3,vulnerability_example_en.mp3,vulnerability_example_ko.mp3,고급,4
vulnerable,취약한,,어린아이들은 추운 날씨에 더 취약하다.,Young children are more vulnerable to cold weather.,vulnerable.png,vulnerable_word_en.mp3,vulnerable_meaning_ko.mp3,vulnerable_example_en.mp3,vulnerable_example_ko.mp3,고급,4
ward,병동,,그 환자는 외과 병동으로 옮겨졌다.,The patient was moved to the surgical ward.,ward.png,ward_word_en.mp3,ward_meaning_ko.mp3,ward_example_en.mp3,ward_example_ko.mp3,고급,4
warehouse,창고,,물건들은 큰 창고에 보관되어 있다.,The goods are stored in a large warehouse.,warehouse.png,warehouse_word_en.mp3,warehouse_meaning_ko.mp3,warehouse_example_en.mp3,warehouse_example_ko.mp3,비즈니스,3
warfare,전쟁,,전쟁은 많은 사람들의 삶을 파괴한다.,Warfare destroys the lives of many people.,warfare.png,warfare_word_en.mp3,warfare_meaning_ko.mp3,warfare_example_en.mp3,warfare_example_ko.mp3,고급,4
warrant,영장,,경찰은 집을 수색하기 위해 영장을 받았다.,The police received a warrant to search the house.,warrant.png,warrant_word_en.mp3,warrant_meaning_ko.mp3,warrant_example_en.mp3,warrant_example_ko.mp3,고급,4
warrior,전사,,그 전사는 마을을 지키기 위해 싸웠다.,The warrior fought to protect the village.,warrior.png,warrior_word_en.mp3,warrior_meaning_ko.mp3,warrior_example_en.mp3,warrior_example_ko.mp3,고급,4
weaken,약화시키다,,긴 비가 다리의 구조를 약화시켰다.,The long rain weakened the structure of the bridge.,weaken.png,weaken_word_en.mp3,weaken_meaning_ko.mp3,weaken_example_en.mp3,weaken_example_ko.mp3,고급,4
weave,짜다,,할머니는 따뜻한 담요를 짰다.,Grandmother wove a warm blanket.,weave.png,weave_word_en.mp3,weave_meaning_ko.mp3,weave_example_en.mp3,weave_example_ko.mp3,고급,4
weed,잡초,,정원에 잡초가 많이 자랐다.,Many weeds grew in the garden.,weed.png,weed_word_en.mp3,weed_meaning_ko.mp3,weed_example_en.mp3,weed_example_ko.mp3,고급,4
well-being,행복,,가족의 행복이 나에게 가장 중요하다.,My family's well-being is most important to me.,well-being.png,well-being_word_en.mp3,well-being_meaning_ko.mp3,well-being_example_en.mp3,well-being_example_ko.mp3,고급,4
whatsoever,전혀,,나는 그 일에 대해 전혀 모른다.,I know nothing whatsoever about that matter.,whatsoever.png,whatsoever_word_en.mp3,whatsoever_meaning_ko.mp3,whatsoever_example_en.mp3,whatsoever_example_ko.mp3,고급,4
whereby,그로써,,"그는 매일 연습했고, 그로써 실력이 많이 늘었다.","He practiced every day, whereby his skills improved a lot.",whereby.png,whereby_word_en.mp3,whereby_meaning_ko.mp3,whereby_example_en.mp3,whereby_example_ko.mp3,고급,4
whilst,동안,,나는 방학 동안 한국어를 공부했다.,I studied Korean during the vacation.,whilst.png,whilst_word_en.mp3,whilst_meaning_ko.mp3,whilst_example_en.mp3,whilst_example_ko.mp3,고급,4
whip,채찍,,옛날에 농부는 말을 몰 때 채찍을 사용했다.,"In the past, farmers used a whip when driving horses.",whip.png,whip_word_en.mp3,whip_meaning_ko.mp3,whip_example_en.mp3,whip_example_ko.mp3,고급,4
wholly,완전히,,나는 그의 말에 완전히 동의한다.,I wholly agree with what he said.,wholly.png,wholly_word_en.mp3,wholly_meaning_ko.mp3,wholly_example_en.mp3,wholly_example_ko.mp3,고급,4
widen,넓히다,,시는 좁은 도로를 넓히기로 했다.,The city decided to widen the narrow road.,widen.png,widen_word_en.mp3,widen_meaning_ko.mp3,widen_example_en.mp3,widen_example_ko.mp3,고급,4
widow,과부,,그 과부는 혼자서 아이들을 키웠다.,The widow raised her children alone.,widow.png,widow_word_en.mp3,widow_meaning_ko.mp3,widow_example_en.mp3,widow_example_ko.mp3,고급,4
width,너비,,이 책상의 너비는 1미터이다.,The width of this desk is one meter.,width.png,width_word_en.mp3,width_meaning_ko.mp3,width_example_en.mp3,width_example_ko.mp3,고급,4
willingness,의욕,,그는 새 일을 배우려는 의욕이 강하다.,He has a strong willingness to learn new work.,willingness.png,willingness_word_en.mp3,willingness_meaning_ko.mp3,willingness_example_en.mp3,willingness_example_ko.mp3,고급,4
wipe,닦다,,나는 수건으로 젖은 바닥을 닦았다.,I wiped the wet floor with a towel.,wipe.png,wipe_word_en.mp3,wipe_meaning_ko.mp3,wipe_example_en.mp3,wipe_example_ko.mp3,고급,4
wit,재치,,그의 재치 덕분에 모두가 웃었다.,Everyone laughed because of his wit.,wit.png,wit_word_en.mp3,wit_meaning_ko.mp3,wit_example_en.mp3,wit_example_ko.mp3,고급,4
withdrawal,철회,,회사는 그 제안의 철회를 발표했다.,The company announced the withdrawal of the proposal.,withdrawal.png,withdrawal_word_en.mp3,withdrawal_meaning_ko.mp3,withdrawal_example_en.mp3,withdrawal_example_ko.mp3,고급,4
workout,운동,,나는 아침마다 30분씩 운동을 한다.,I do a 30-minute workout every morning.,workout.png,workout_word_en.mp3,workout_meaning_ko.mp3,workout_example_en.mp3,workout_example_ko.mp3,고급,4
worship,예배하다,,사람들은 일요일마다 교회에서 예배한다.,People worship at church every Sunday.,worship.png,worship_word_en.mp3,worship_meaning_ko.mp3,worship_example_en.mp3,worship_example_ko.mp3,고급,4
worthwhile,가치 있는,,이 경험은 정말 가치 있는 시간이었다.,This experience was truly worthwhile.,worthwhile.png,worthwhile_word_en.mp3,worthwhile_meaning_ko.mp3,worthwhile_example_en.mp3,worthwhile_example_ko.mp3,고급,4
worthy,훌륭한,,그는 모두에게 존경받는 훌륭한 선생님이다.,He is a worthy teacher respected by everyone.,worthy.png,worthy_word_en.mp3,worthy_meaning_ko.mp3,worthy_example_en.mp3,worthy_example_ko.mp3,고급,4
yell,소리치다,,아이는 무서워서 크게 소리쳤다.,The child yelled loudly because he was scared.,yell.png,yell_word_en.mp3,yell_meaning_ko.mp3,yell_example_en.mp3,yell_example_ko.mp3,고급,4
yield,양보하다,,운전자는 구급차에 길을 양보했다.,The driver yielded the road to the ambulance.,yield.png,yield_word_en.mp3,yield_meaning_ko.mp3,yield_example_en.mp3,yield_example_ko.mp3,비즈니스,3
youngster,아이,,공원에서 아이들이 신나게 놀고 있다.,Youngsters are playing happily in the park.,youngster.png,youngster_word_en.mp3,youngster_meaning_ko.mp3,youngster_example_en.mp3,youngster_example_ko.mp3,고급,4
accounting,회계,,그는 대학에서 회계를 공부한다.,He studies accounting at university.,accounting.png,accounting_word_en.mp3,accounting_meaning_ko.mp3,accounting_example_en.mp3,accounting_example_ko.mp3,고급,4
angrily,화나서,,그녀는 약속을 어긴 친구에게 화나서 말했다.,She spoke angrily to her friend who broke the promise.,angrily.png,angrily_word_en.mp3,angrily_meaning_ko.mp3,angrily_example_en.mp3,angrily_example_ko.mp3,고급,4
cleaning,청소,,주말에는 집 청소를 해야 한다.,I have to do house cleaning on the weekend.,cleaning.png,cleaning_word_en.mp3,cleaning_meaning_ko.mp3,cleaning_example_en.mp3,cleaning_example_ko.mp3,고급,4
feeding,먹이 주기,,동물원 직원은 사자 먹이 주기를 준비했다.,The zoo worker prepared the feeding of the lions.,feeding.png,feeding_word_en.mp3,feeding_meaning_ko.mp3,feeding_example_en.mp3,feeding_example_ko.mp3,고급,4